🎾 [球检测-帧CONFIG] === 球检测配置信息 ===
🎾 [球检测-帧CONFIG] HSV检测: True
🎾 [球检测-帧CONFIG] 边界检查: True
🎾 [球检测-帧CONFIG] 屏蔽区域: False
🎾 [球检测-帧CONFIG] 尺寸过滤: True
🎾 [球检测-帧CONFIG] 静态过滤: False
🎾 [球检测-帧CONFIG] 球尺寸范围: 9-45px
🎾 [球检测-帧CONFIG] 边界范围: (650,390)-(1420,980)
🎾 [球检测-帧CONFIG] ==================
🎾 [球检测-帧1] 开始球检测 (帧尺寸: 1280x720)
🎾 [球检测-帧1] 图像预处理: 1280x720 → 640x360
🎾 [球检测-帧1] HSV颜色范围: [20,50,50] - [70,255,255]
🎾 [球检测-帧1] 颜色匹配像素数: 223708
🎾 [球检测-帧1] 面积阈值(缩放后): min=25 max=500
🎾 [球检测-帧1] 区域面积过滤: 面积67447.5px 超出范围[25-500]
🎾 [球检测-帧1] 区域面积过滤: 面积67906.0px 超出范围[25-500]
🎾 [球检测-帧1] 区域面积过滤: 面积42437.0px 超出范围[25-500]
🎾 [球检测-帧1] 区域面积过滤: 面积43873.0px 超出范围[25-500]
🎾 [球检测-帧1] 面积过滤后有效区域数: 1
🎾 [球检测-帧1] 形态学清理后像素数: 248 (减少了223460)
🎾 [球检测-帧1] Hough参数(缩放后): minR=4, maxR=22, minDist=12
🎾 [球检测-帧1] Hough圆检测找到: 2 个圆
🎾 [球检测-帧1] 圆 1: 位置(683,487), 半径11px
🎾 [球检测-帧1] 圆 1: 质量分数 0.70
🎾 [球检测-帧1] 圆 2: 位置(683,511), 半径11px
🎾 [球检测-帧1] 圆 2: 质量分数 0.60
🎾 [球检测-帧1] 球 1: (683,487) ❌ 圆度0.54低于0.58
🎾 [球检测-帧1] 球 2: (683,511) ❌ 圆度0.50低于0.58
🎾 [球检测-帧1] 噪点过滤完成: 2 → 0 个球
🎾 [球检测-帧1] HSV检测结果: 0 个球
🎾 [球检测-帧1] 边界过滤: 0 → 0 个球
🎾 [球检测-帧1] 最终检测结果: 0 个球
🎾 [球检测-帧2] 开始球检测 (帧尺寸: 1280x720)
🎾 [球检测-帧2] 图像预处理: 1280x720 → 640x360
🎾 [球检测-帧2] HSV颜色范围: [20,50,50] - [70,255,255]
🎾 [球检测-帧2] 颜色匹配像素数: 223707
🎾 [球检测-帧2] 面积阈值(缩放后): min=25 max=500
🎾 [球检测-帧2] 区域面积过滤: 面积67444.5px 超出范围[25-500]
🎾 [球检测-帧2] 区域面积过滤: 面积67906.0px 超出范围[25-500]
🎾 [球检测-帧2] 区域面积过滤: 面积42435.5px 超出范围[25-500]
🎾 [球检测-帧2] 区域面积过滤: 面积43873.0px 超出范围[25-500]
🎾 [球检测-帧2] 面积过滤后有效区域数: 1
🎾 [球检测-帧2] 形态学清理后像素数: 250 (减少了223457)
🎾 [球检测-帧2] Hough参数(缩放后): minR=4, maxR=22, minDist=12
🎾 [球检测-帧2] Hough圆检测找到: 1 个圆
🎾 [球检测-帧2] 圆 1: 位置(683,491), 半径13px
🎾 [球检测-帧2] 圆 1: 质量分数 0.57
🎾 [球检测-帧2] 球 1: (683,491) ✅ 半径13px, 质量0.57, 圆度0.61, 边距229px 通过过滤
🎾 [球检测-帧2] 噪点过滤完成: 1 → 1 个球
🎾 [球检测-帧2] HSV检测结果: 1 个球
🎾 [球检测-帧2] 球 1: (683,491) ✅ 在边界内
🎾 [球检测-帧2] 边界过滤: 1 → 1 个球
🎾 [球检测-帧2] 最终检测结果: 1 个球
🎾 [球检测-帧3] 开始球检测 (帧尺寸: 1280x720)
🎾 [球检测-帧3] 图像预处理: 1280x720 → 640x360
🎾 [球检测-帧3] HSV颜色范围: [20,50,50] - [70,255,255]
🎾 [球检测-帧3] 颜色匹配像素数: 223704
🎾 [球检测-帧3] 面积阈值(缩放后): min=25 max=500
🎾 [球检测-帧3] 区域面积过滤: 面积67444.5px 超出范围[25-500]
🎾 [球检测-帧3] 区域面积过滤: 面积67906.0px 超出范围[25-500]
🎾 [球检测-帧3] 区域面积过滤: 面积42437.0px 超出范围[25-500]
🎾 [球检测-帧3] 区域面积过滤: 面积43873.0px 超出范围[25-500]
🎾 [球检测-帧3] 面积过滤后有效区域数: 1
🎾 [球检测-帧3] 形态学清理后像素数: 250 (减少了223454)
🎾 [球检测-帧3] Hough参数(缩放后): minR=4, maxR=22, minDist=12
🎾 [球检测-帧3] Hough圆检测找到: 1 个圆
🎾 [球检测-帧3] 圆 1: 位置(683,491), 半径13px
🎾 [球检测-帧3] 圆 1: 质量分数 0.57
🎾 [球检测-帧3] 球 1: (683,491) ✅ 半径13px, 质量0.57, 圆度0.61, 边距229px 通过过滤
🎾 [球检测-帧3] 噪点过滤完成: 1 → 1 个球
🎾 [球检测-帧3] HSV检测结果: 1 个球
🎾 [球检测-帧3] 球 1: (683,491) ✅ 在边界内
🎾 [球检测-帧3] 边界过滤: 1 → 1 个球
🎾 [球检测-帧3] 最终检测结果: 1 个球
🎾 [球检测-帧4] 开始球检测 (帧尺寸: 1280x720)
🎾 [球检测-帧4] 图像预处理: 1280x720 → 640x360
🎾 [球检测-帧4] HSV颜色范围: [20,50,50] - [70,255,255]
🎾 [球检测-帧4] 颜色匹配像素数: 223703
🎾 [球检测-帧4] 面积阈值(缩放后): min=25 max=500
🎾 [球检测-帧4] 区域面积过滤: 面积67436.5px 超出范围[25-500]
🎾 [球检测-帧4] 区域面积过滤: 面积67906.0px 超出范围[25-500]
🎾 [球检测-帧4] 区域面积过滤: 面积42437.0px 超出范围[25-500]
🎾 [球检测-帧4] 区域面积过滤: 面积43873.0px 超出范围[25-500]
🎾 [球检测-帧4] 面积过滤后有效区域数: 1
🎾 [球检测-帧4] 形态学清理后像素数: 249 (减少了223454)
🎾 [球检测-帧4] Hough参数(缩放后): minR=4, maxR=22, minDist=12
🎾 [球检测-帧4] Hough圆检测找到: 2 个圆
🎾 [球检测-帧4] 圆 1: 位置(687,489), 半径14px
🎾 [球检测-帧4] 圆 1: 质量分数 0.63
🎾 [球检测-帧4] 圆 2: 位置(665,503), 半径13px
🎾 [球检测-帧4] 圆 2: 质量分数 0.52
🎾 [球检测-帧4] 球 1: (687,489) ✅ 半径14px, 质量0.63, 圆度0.69, 边距231px 通过过滤
🎾 [球检测-帧4] 球 2: (665,503) ✅ 半径13px, 质量0.52, 圆度0.74, 边距217px 通过过滤
🎾 [球检测-帧4] 噪点过滤完成: 2 → 2 个球
🎾 [球检测-帧4] HSV检测结果: 1 个球
🎾 [球检测-帧4] 球 1: (687,489) ✅ 在边界内
🎾 [球检测-帧4] 边界过滤: 1 → 1 个球
🎾 [球检测-帧4] 最终检测结果: 1 个球
🎾 [球检测-帧5] 开始球检测 (帧尺寸: 1280x720)
🎾 [球检测-帧5] 图像预处理: 1280x720 → 640x360
🎾 [球检测-帧5] HSV颜色范围: [20,50,50] - [70,255,255]
🎾 [球检测-帧5] 颜色匹配像素数: 223697
🎾 [球检测-帧5] 面积阈值(缩放后): min=25 max=500
🎾 [球检测-帧5] 区域面积过滤: 面积67436.5px 超出范围[25-500]
🎾 [球检测-帧5] 区域面积过滤: 面积67906.0px 超出范围[25-500]
🎾 [球检测-帧5] 区域面积过滤: 面积42437.0px 超出范围[25-500]
🎾 [球检测-帧5] 区域面积过滤: 面积43873.0px 超出范围[25-500]
🎾 [球检测-帧5] 面积过滤后有效区域数: 1
🎾 [球检测-帧5] 形态学清理后像素数: 249 (减少了223448)
🎾 [球检测-帧5] Hough参数(缩放后): minR=4, maxR=22, minDist=12
🎾 [球检测-帧5] Hough圆检测找到: 2 个圆
🎾 [球检测-帧5] 圆 1: 位置(687,489), 半径14px
🎾 [球检测-帧5] 圆 1: 质量分数 0.63
🎾 [球检测-帧5] 圆 2: 位置(665,503), 半径13px
🎾 [球检测-帧5] 圆 2: 质量分数 0.52
🎾 [球检测-帧5] 球 1: (687,489) ✅ 半径14px, 质量0.63, 圆度0.69, 边距231px 通过过滤
🎾 [球检测-帧5] 球 2: (665,503) ✅ 半径13px, 质量0.52, 圆度0.74, 边距217px 通过过滤
🎾 [球检测-帧5] 噪点过滤完成: 2 → 2 个球
🎾 [球检测-帧5] HSV检测结果: 1 个球
🎾 [球检测-帧5] 球 1: (687,489) ✅ 在边界内
🎾 [球检测-帧5] 边界过滤: 1 → 1 个球
🎾 [球检测-帧5] 最终检测结果: 1 个球
🎾 [球检测-帧6] 开始球检测 (帧尺寸: 1280x720)
🎾 [球检测-帧6] 图像预处理: 1280x720 → 640x360
🎾 [球检测-帧6] HSV颜色范围: [20,50,50] - [70,255,255]
🎾 [球检测-帧6] 颜色匹配像素数: 223697
🎾 [球检测-帧6] 面积阈值(缩放后): min=25 max=500
🎾 [球检测-帧6] 区域面积过滤: 面积67436.0px 超出范围[25-500]
🎾 [球检测-帧6] 区域面积过滤: 面积67906.0px 超出范围[25-500]
🎾 [球检测-帧6] 区域面积过滤: 面积42437.0px 超出范围[25-500]
🎾 [球检测-帧6] 区域面积过滤: 面积43873.0px 超出范围[25-500]
🎾 [球检测-帧6] 面积过滤后有效区域数: 1
🎾 [球检测-帧6] 形态学清理后像素数: 250 (减少了223447)
🎾 [球检测-帧6] Hough参数(缩放后): minR=4, maxR=22, minDist=12
🎾 [球检测-帧6] Hough圆检测找到: 3 个圆
🎾 [球检测-帧6] 圆 1: 位置(687,509), 半径13px
🎾 [球检测-帧6] 圆 1: 质量分数 0.58
🎾 [球检测-帧6] 圆 2: 位置(665,495), 半径32px
🎾 [球检测-帧6] 圆 2: 质量分数 0.49
🎾 [球检测-帧6] 圆 3: 位置(689,485), 半径11px
🎾 [球检测-帧6] 圆 3: 质量分数 0.73
🎾 [球检测-帧6] 球 1: (665,495) ✅ 半径32px, 质量0.49, 圆度0.62, 边距225px 通过过滤
🎾 [球检测-帧6] 球 2: (687,509) ✅ 半径13px, 质量0.58, 圆度0.79, 边距211px 通过过滤
🎾 [球检测-帧6] 球 3: (689,485) ✅ 半径11px, 质量0.73, 圆度0.75, 边距235px 通过过滤
🎾 [球检测-帧6] 噪点过滤完成: 3 → 3 个球
🎾 [球检测-帧6] HSV检测结果: 1 个球
🎾 [球检测-帧6] 球 1: (665,495) ✅ 在边界内
🎾 [球检测-帧6] 边界过滤: 1 → 1 个球
🎾 [球检测-帧6] 最终检测结果: 1 个球
🎾 [球检测-帧7] 开始球检测 (帧尺寸: 1280x720)
🎾 [球检测-帧7] 图像预处理: 1280x720 → 640x360
🎾 [球检测-帧7] HSV颜色范围: [20,50,50] - [70,255,255]
🎾 [球检测-帧7] 颜色匹配像素数: 223695
🎾 [球检测-帧7] 面积阈值(缩放后): min=25 max=500
🎾 [球检测-帧7] 区域面积过滤: 面积67436.0px 超出范围[25-500]
🎾 [球检测-帧7] 区域面积过滤: 面积67906.0px 超出范围[25-500]
🎾 [球检测-帧7] 区域面积过滤: 面积42437.0px 超出范围[25-500]
🎾 [球检测-帧7] 区域面积过滤: 面积43873.0px 超出范围[25-500]
🎾 [球检测-帧7] 面积过滤后有效区域数: 1
🎾 [球检测-帧7] 形态学清理后像素数: 250 (减少了223445)
🎾 [球检测-帧7] Hough参数(缩放后): minR=4, maxR=22, minDist=12
🎾 [球检测-帧7] Hough圆检测找到: 3 个圆
🎾 [球检测-帧7] 圆 1: 位置(687,509), 半径13px
🎾 [球检测-帧7] 圆 1: 质量分数 0.58
🎾 [球检测-帧7] 圆 2: 位置(665,495), 半径32px
🎾 [球检测-帧7] 圆 2: 质量分数 0.49
🎾 [球检测-帧7] 圆 3: 位置(689,485), 半径11px
🎾 [球检测-帧7] 圆 3: 质量分数 0.73
🎾 [球检测-帧7] 球 1: (665,495) ✅ 半径32px, 质量0.49, 圆度0.62, 边距225px 通过过滤
🎾 [球检测-帧7] 球 2: (687,509) ✅ 半径13px, 质量0.58, 圆度0.79, 边距211px 通过过滤
🎾 [球检测-帧7] 球 3: (689,485) ✅ 半径11px, 质量0.73, 圆度0.75, 边距235px 通过过滤
🎾 [球检测-帧7] 噪点过滤完成: 3 → 3 个球
🎾 [球检测-帧7] HSV检测结果: 1 个球
🎾 [球检测-帧7] 球 1: (665,495) ✅ 在边界内
🎾 [球检测-帧7] 边界过滤: 1 → 1 个球
🎾 [球检测-帧7] 最终检测结果: 1 个球
🎾 [球检测-帧8] 开始球检测 (帧尺寸: 1280x720)
🎾 [球检测-帧8] 图像预处理: 1280x720 → 640x360
🎾 [球检测-帧8] HSV颜色范围: [20,50,50] - [70,255,255]
🎾 [球检测-帧8] 颜色匹配像素数: 223705
🎾 [球检测-帧8] 面积阈值(缩放后): min=25 max=500
🎾 [球检测-帧8] 区域面积过滤: 面积67436.0px 超出范围[25-500]
🎾 [球检测-帧8] 区域面积过滤: 面积67906.0px 超出范围[25-500]
🎾 [球检测-帧8] 区域面积过滤: 面积42437.0px 超出范围[25-500]
🎾 [球检测-帧8] 区域面积过滤: 面积43873.0px 超出范围[25-500]
🎾 [球检测-帧8] 面积过滤后有效区域数: 1
🎾 [球检测-帧8] 形态学清理后像素数: 250 (减少了223455)
🎾 [球检测-帧8] Hough参数(缩放后): minR=4, maxR=22, minDist=12
🎾 [球检测-帧8] Hough圆检测找到: 3 个圆
🎾 [球检测-帧8] 圆 1: 位置(687,509), 半径13px
🎾 [球检测-帧8] 圆 1: 质量分数 0.58
🎾 [球检测-帧8] 圆 2: 位置(665,495), 半径32px
🎾 [球检测-帧8] 圆 2: 质量分数 0.49
🎾 [球检测-帧8] 圆 3: 位置(689,485), 半径11px
🎾 [球检测-帧8] 圆 3: 质量分数 0.73
🎾 [球检测-帧8] 球 1: (665,495) ✅ 半径32px, 质量0.49, 圆度0.62, 边距225px 通过过滤
🎾 [球检测-帧8] 球 2: (687,509) ✅ 半径13px, 质量0.58, 圆度0.79, 边距211px 通过过滤
🎾 [球检测-帧8] 球 3: (689,485) ✅ 半径11px, 质量0.73, 圆度0.75, 边距235px 通过过滤
🎾 [球检测-帧8] 噪点过滤完成: 3 → 3 个球
🎾 [球检测-帧8] HSV检测结果: 1 个球
🎾 [球检测-帧8] 球 1: (665,495) ✅ 在边界内
🎾 [球检测-帧8] 边界过滤: 1 → 1 个球
🎾 [球检测-帧8] 最终检测结果: 1 个球
🎾 [球检测-帧9] 开始球检测 (帧尺寸: 1280x720)
🎾 [球检测-帧9] 图像预处理: 1280x720 → 640x360
🎾 [球检测-帧9] HSV颜色范围: [20,50,50] - [70,255,255]
🎾 [球检测-帧9] 颜色匹配像素数: 223690
🎾 [球检测-帧9] 面积阈值(缩放后): min=25 max=500
🎾 [球检测-帧9] 区域面积过滤: 面积67434.0px 超出范围[25-500]
🎾 [球检测-帧9] 区域面积过滤: 面积67906.0px 超出范围[25-500]
🎾 [球检测-帧9] 区域面积过滤: 面积42437.0px 超出范围[25-500]
🎾 [球检测-帧9] 区域面积过滤: 面积43873.0px 超出范围[25-500]
🎾 [球检测-帧9] 面积过滤后有效区域数: 1
🎾 [球检测-帧9] 形态学清理后像素数: 247 (减少了223443)
🎾 [球检测-帧9] Hough参数(缩放后): minR=4, maxR=22, minDist=12
🎾 [球检测-帧9] Hough圆检测找到: 1 个圆
🎾 [球检测-帧9] 圆 1: 位置(687,489), 半径12px
🎾 [球检测-帧9] 圆 1: 质量分数 0.68
🎾 [球检测-帧9] 球 1: (687,489) ❌ 圆度0.58低于0.58
🎾 [球检测-帧9] 噪点过滤完成: 1 → 0 个球
🎾 [球检测-帧9] HSV检测结果: 0 个球
🎾 [球检测-帧9] 边界过滤: 0 → 0 个球
🎾 [球检测-帧9] 最终检测结果: 0 个球
🎾 [球检测-帧10] 开始球检测 (帧尺寸: 1280x720)
🎾 [球检测-帧10] 图像预处理: 1280x720 → 640x360
🎾 [球检测-帧10] HSV颜色范围: [20,50,50] - [70,255,255]
🎾 [球检测-帧10] 颜色匹配像素数: 223686
🎾 [球检测-帧10] 面积阈值(缩放后): min=25 max=500
🎾 [球检测-帧10] 区域面积过滤: 面积67436.5px 超出范围[25-500]
🎾 [球检测-帧10] 区域面积过滤: 面积67906.0px 超出范围[25-500]
🎾 [球检测-帧10] 区域面积过滤: 面积42437.0px 超出范围[25-500]
🎾 [球检测-帧10] 区域面积过滤: 面积43873.0px 超出范围[25-500]
🎾 [球检测-帧10] 面积过滤后有效区域数: 1
🎾 [球检测-帧10] 形态学清理后像素数: 247 (减少了223439)
🎾 [球检测-帧10] Hough参数(缩放后): minR=4, maxR=22, minDist=12
🎾 [球检测-帧10] Hough圆检测找到: 1 个圆
🎾 [球检测-帧10] 圆 1: 位置(687,489), 半径12px
🎾 [球检测-帧10] 圆 1: 质量分数 0.68
🎾 [球检测-帧10] 球 1: (687,489) ❌ 圆度0.58低于0.58
🎾 [球检测-帧10] 噪点过滤完成: 1 → 0 个球
🎾 [球检测-帧10] HSV检测结果: 0 个球
🎾 [球检测-帧10] 边界过滤: 0 → 0 个球
🎾 [球检测-帧10] 最终检测结果: 0 个球
🎾 [球检测-帧10] 调试帧已保存: debug_frames/ball_debug_frame_0010.jpg
🎾 [球检测-帧11] 开始球检测 (帧尺寸: 1280x720)
🎾 [球检测-帧11] 图像预处理: 1280x720 → 640x360
🎾 [球检测-帧11] HSV颜色范围: [20,50,50] - [70,255,255]
🎾 [球检测-帧11] 颜色匹配像素数: 223706
🎾 [球检测-帧11] 面积阈值(缩放后): min=25 max=500
🎾 [球检测-帧11] 区域面积过滤: 面积67432.5px 超出范围[25-500]
🎾 [球检测-帧11] 区域面积过滤: 面积67906.0px 超出范围[25-500]
🎾 [球检测-帧11] 区域面积过滤: 面积42437.0px 超出范围[25-500]
🎾 [球检测-帧11] 区域面积过滤: 面积43873.0px 超出范围[25-500]
🎾 [球检测-帧11] 面积过滤后有效区域数: 1
🎾 [球检测-帧11] 形态学清理后像素数: 253 (减少了223453)
🎾 [球检测-帧11] Hough参数(缩放后): minR=4, maxR=22, minDist=12
🎾 [球检测-帧11] Hough圆检测找到: 1 个圆
🎾 [球检测-帧11] 圆 1: 位置(687,489), 半径12px
🎾 [球检测-帧11] 圆 1: 质量分数 0.70
🎾 [球检测-帧11] 球 1: (687,489) ❌ 圆度0.58低于0.58
🎾 [球检测-帧11] 噪点过滤完成: 1 → 0 个球
🎾 [球检测-帧11] HSV检测结果: 0 个球
🎾 [球检测-帧11] 边界过滤: 0 → 0 个球
🎾 [球检测-帧11] 最终检测结果: 0 个球
🎾 [球检测-帧12] 开始球检测 (帧尺寸: 1280x720)
🎾 [球检测-帧12] 图像预处理: 1280x720 → 640x360
🎾 [球检测-帧12] HSV颜色范围: [20,50,50] - [70,255,255]
🎾 [球检测-帧12] 颜色匹配像素数: 223702
🎾 [球检测-帧12] 面积阈值(缩放后): min=25 max=500
🎾 [球检测-帧12] 区域面积过滤: 面积67432.5px 超出范围[25-500]
🎾 [球检测-帧12] 区域面积过滤: 面积67906.0px 超出范围[25-500]
🎾 [球检测-帧12] 区域面积过滤: 面积42437.0px 超出范围[25-500]
🎾 [球检测-帧12] 区域面积过滤: 面积43873.0px 超出范围[25-500]
🎾 [球检测-帧12] 面积过滤后有效区域数: 1
🎾 [球检测-帧12] 形态学清理后像素数: 253 (减少了223449)
🎾 [球检测-帧12] Hough参数(缩放后): minR=4, maxR=22, minDist=12
🎾 [球检测-帧12] Hough圆检测找到: 1 个圆
🎾 [球检测-帧12] 圆 1: 位置(687,489), 半径12px
🎾 [球检测-帧12] 圆 1: 质量分数 0.70
🎾 [球检测-帧12] 球 1: (687,489) ❌ 圆度0.58低于0.58
🎾 [球检测-帧12] 噪点过滤完成: 1 → 0 个球
🎾 [球检测-帧12] HSV检测结果: 0 个球
🎾 [球检测-帧12] 边界过滤: 0 → 0 个球
🎾 [球检测-帧12] 最终检测结果: 0 个球
🎾 [球检测-帧13] 开始球检测 (帧尺寸: 1280x720)
🎾 [球检测-帧13] 图像预处理: 1280x720 → 640x360
🎾 [球检测-帧13] HSV颜色范围: [20,50,50] - [70,255,255]
🎾 [球检测-帧13] 颜色匹配像素数: 223686
🎾 [球检测-帧13] 面积阈值(缩放后): min=25 max=500
🎾 [球检测-帧13] 区域面积过滤: 面积67432.5px 超出范围[25-500]
🎾 [球检测-帧13] 区域面积过滤: 面积67906.0px 超出范围[25-500]
🎾 [球检测-帧13] 区域面积过滤: 面积42437.0px 超出范围[25-500]
🎾 [球检测-帧13] 区域面积过滤: 面积43873.0px 超出范围[25-500]
🎾 [球检测-帧13] 面积过滤后有效区域数: 1
🎾 [球检测-帧13] 形态学清理后像素数: 253 (减少了223433)
🎾 [球检测-帧13] Hough参数(缩放后): minR=4, maxR=22, minDist=12
🎾 [球检测-帧13] Hough圆检测找到: 1 个圆
🎾 [球检测-帧13] 圆 1: 位置(687,489), 半径12px
🎾 [球检测-帧13] 圆 1: 质量分数 0.70
🎾 [球检测-帧13] 球 1: (687,489) ❌ 圆度0.58低于0.58
🎾 [球检测-帧13] 噪点过滤完成: 1 → 0 个球
🎾 [球检测-帧13] HSV检测结果: 0 个球
🎾 [球检测-帧13] 边界过滤: 0 → 0 个球
🎾 [球检测-帧13] 最终检测结果: 0 个球
🎾 [球检测-帧14] 开始球检测 (帧尺寸: 1280x720)
🎾 [球检测-帧14] 图像预处理: 1280x720 → 640x360
🎾 [球检测-帧14] HSV颜色范围: [20,50,50] - [70,255,255]
🎾 [球检测-帧14] 颜色匹配像素数: 223697
🎾 [球检测-帧14] 面积阈值(缩放后): min=25 max=500
🎾 [球检测-帧14] 区域面积过滤: 面积67426.5px 超出范围[25-500]
🎾 [球检测-帧14] 区域面积过滤: 面积67906.0px 超出范围[25-500]
🎾 [球检测-帧14] 区域面积过滤: 面积42437.0px 超出范围[25-500]
🎾 [球检测-帧14] 区域面积过滤: 面积43873.0px 超出范围[25-500]
🎾 [球检测-帧14] 面积过滤后有效区域数: 1
🎾 [球检测-帧14] 形态学清理后像素数: 256 (减少了223441)
🎾 [球检测-帧14] Hough参数(缩放后): minR=4, maxR=22, minDist=12
🎾 [球检测-帧14] Hough圆检测找到: 1 个圆
🎾 [球检测-帧14] 圆 1: 位置(687,489), 半径12px
🎾 [球检测-帧14] 圆 1: 质量分数 0.71
🎾 [球检测-帧14] 球 1: (687,489) ❌ 圆度0.58低于0.58
🎾 [球检测-帧14] 噪点过滤完成: 1 → 0 个球
🎾 [球检测-帧14] HSV检测结果: 0 个球
🎾 [球检测-帧14] 边界过滤: 0 → 0 个球
🎾 [球检测-帧14] 最终检测结果: 0 个球
🎾 [球检测-帧15] 开始球检测 (帧尺寸: 1280x720)
🎾 [球检测-帧15] 图像预处理: 1280x720 → 640x360
🎾 [球检测-帧15] HSV颜色范围: [20,50,50] - [70,255,255]
🎾 [球检测-帧15] 颜色匹配像素数: 223689
🎾 [球检测-帧15] 面积阈值(缩放后): min=25 max=500
🎾 [球检测-帧15] 区域面积过滤: 面积67426.5px 超出范围[25-500]
🎾 [球检测-帧15] 区域面积过滤: 面积67906.0px 超出范围[25-500]
🎾 [球检测-帧15] 区域面积过滤: 面积42437.0px 超出范围[25-500]
🎾 [球检测-帧15] 区域面积过滤: 面积43873.0px 超出范围[25-500]
🎾 [球检测-帧15] 面积过滤后有效区域数: 1
🎾 [球检测-帧15] 形态学清理后像素数: 256 (减少了223433)
🎾 [球检测-帧15] Hough参数(缩放后): minR=4, maxR=22, minDist=12
🎾 [球检测-帧15] Hough圆检测找到: 1 个圆
🎾 [球检测-帧15] 圆 1: 位置(687,489), 半径12px
🎾 [球检测-帧15] 圆 1: 质量分数 0.71
🎾 [球检测-帧15] 球 1: (687,489) ❌ 圆度0.58低于0.58
🎾 [球检测-帧15] 噪点过滤完成: 1 → 0 个球
🎾 [球检测-帧15] HSV检测结果: 0 个球
🎾 [球检测-帧15] 边界过滤: 0 → 0 个球
🎾 [球检测-帧15] 最终检测结果: 0 个球
🎾 [球检测-帧16] 开始球检测 (帧尺寸: 1280x720)
🎾 [球检测-帧16] 图像预处理: 1280x720 → 640x360
🎾 [球检测-帧16] HSV颜色范围: [20,50,50] - [70,255,255]
🎾 [球检测-帧16] 颜色匹配像素数: 223697
🎾 [球检测-帧16] 面积阈值(缩放后): min=25 max=500
🎾 [球检测-帧16] 区域面积过滤: 面积67426.5px 超出范围[25-500]
🎾 [球检测-帧16] 区域面积过滤: 面积67906.0px 超出范围[25-500]
🎾 [球检测-帧16] 区域面积过滤: 面积42437.0px 超出范围[25-500]
🎾 [球检测-帧16] 区域面积过滤: 面积43873.0px 超出范围[25-500]
🎾 [球检测-帧16] 面积过滤后有效区域数: 1
🎾 [球检测-帧16] 形态学清理后像素数: 256 (减少了223441)
🎾 [球检测-帧16] Hough参数(缩放后): minR=4, maxR=22, minDist=12
🎾 [球检测-帧16] Hough圆检测找到: 1 个圆
🎾 [球检测-帧16] 圆 1: 位置(687,489), 半径12px
🎾 [球检测-帧16] 圆 1: 质量分数 0.71
🎾 [球检测-帧16] 球 1: (687,489) ❌ 圆度0.58低于0.58
🎾 [球检测-帧16] 噪点过滤完成: 1 → 0 个球
🎾 [球检测-帧16] HSV检测结果: 0 个球
🎾 [球检测-帧16] 边界过滤: 0 → 0 个球
🎾 [球检测-帧16] 最终检测结果: 0 个球
🎾 [球检测-帧17] 开始球检测 (帧尺寸: 1280x720)
🎾 [球检测-帧17] 图像预处理: 1280x720 → 640x360
🎾 [球检测-帧17] HSV颜色范围: [20,50,50] - [70,255,255]
🎾 [球检测-帧17] 颜色匹配像素数: 223695
🎾 [球检测-帧17] 面积阈值(缩放后): min=25 max=500
🎾 [球检测-帧17] 区域面积过滤: 面积67433.0px 超出范围[25-500]
🎾 [球检测-帧17] 区域面积过滤: 面积67906.0px 超出范围[25-500]
🎾 [球检测-帧17] 区域面积过滤: 面积42437.0px 超出范围[25-500]
🎾 [球检测-帧17] 区域面积过滤: 面积43873.0px 超出范围[25-500]
🎾 [球检测-帧17] 面积过滤后有效区域数: 1
🎾 [球检测-帧17] 形态学清理后像素数: 256 (减少了223439)
🎾 [球检测-帧17] Hough参数(缩放后): minR=4, maxR=22, minDist=12
🎾 [球检测-帧17] Hough圆检测找到: 2 个圆
🎾 [球检测-帧17] 圆 1: 位置(689,489), 半径13px
🎾 [球检测-帧17] 圆 1: 质量分数 0.68
🎾 [球检测-帧17] 圆 2: 位置(689,513), 半径12px
🎾 [球检测-帧17] 圆 2: 质量分数 0.67
🎾 [球检测-帧17] 球 1: (689,489) ✅ 半径13px, 质量0.68, 圆度0.64, 边距231px 通过过滤
🎾 [球检测-帧17] 球 2: (689,513) ✅ 半径12px, 质量0.67, 圆度0.62, 边距207px 通过过滤
🎾 [球检测-帧17] 噪点过滤完成: 2 → 2 个球
🎾 [球检测-帧17] HSV检测结果: 1 个球
🎾 [球检测-帧17] 球 1: (689,489) ✅ 在边界内
🎾 [球检测-帧17] 边界过滤: 1 → 1 个球
🎾 [球检测-帧17] 最终检测结果: 1 个球
🎾 [球检测-帧18] 开始球检测 (帧尺寸: 1280x720)
🎾 [球检测-帧18] 图像预处理: 1280x720 → 640x360
🎾 [球检测-帧18] HSV颜色范围: [20,50,50] - [70,255,255]
🎾 [球检测-帧18] 颜色匹配像素数: 223710
🎾 [球检测-帧18] 面积阈值(缩放后): min=25 max=500
🎾 [球检测-帧18] 区域面积过滤: 面积67433.0px 超出范围[25-500]
🎾 [球检测-帧18] 区域面积过滤: 面积67906.0px 超出范围[25-500]
🎾 [球检测-帧18] 区域面积过滤: 面积42437.0px 超出范围[25-500]
🎾 [球检测-帧18] 区域面积过滤: 面积43873.0px 超出范围[25-500]
🎾 [球检测-帧18] 面积过滤后有效区域数: 1
🎾 [球检测-帧18] 形态学清理后像素数: 256 (减少了223454)
🎾 [球检测-帧18] Hough参数(缩放后): minR=4, maxR=22, minDist=12
🎾 [球检测-帧18] Hough圆检测找到: 2 个圆
🎾 [球检测-帧18] 圆 1: 位置(689,489), 半径13px
🎾 [球检测-帧18] 圆 1: 质量分数 0.68
🎾 [球检测-帧18] 圆 2: 位置(689,513), 半径12px
🎾 [球检测-帧18] 圆 2: 质量分数 0.67
🎾 [球检测-帧18] 球 1: (689,489) ✅ 半径13px, 质量0.68, 圆度0.64, 边距231px 通过过滤
🎾 [球检测-帧18] 球 2: (689,513) ✅ 半径12px, 质量0.67, 圆度0.62, 边距207px 通过过滤
🎾 [球检测-帧18] 噪点过滤完成: 2 → 2 个球
🎾 [球检测-帧18] HSV检测结果: 1 个球
🎾 [球检测-帧18] 球 1: (689,489) ✅ 在边界内
🎾 [球检测-帧18] 边界过滤: 1 → 1 个球
🎾 [球检测-帧18] 最终检测结果: 1 个球
🎾 [球检测-帧19] 开始球检测 (帧尺寸: 1280x720)
🎾 [球检测-帧19] 图像预处理: 1280x720 → 640x360
🎾 [球检测-帧19] HSV颜色范围: [20,50,50] - [70,255,255]
🎾 [球检测-帧19] 颜色匹配像素数: 223688
🎾 [球检测-帧19] 面积阈值(缩放后): min=25 max=500
🎾 [球检测-帧19] 区域面积过滤: 面积67433.0px 超出范围[25-500]
🎾 [球检测-帧19] 区域面积过滤: 面积67906.0px 超出范围[25-500]
🎾 [球检测-帧19] 区域面积过滤: 面积42437.0px 超出范围[25-500]
🎾 [球检测-帧19] 区域面积过滤: 面积43873.0px 超出范围[25-500]
🎾 [球检测-帧19] 面积过滤后有效区域数: 1
🎾 [球检测-帧19] 形态学清理后像素数: 256 (减少了223432)
🎾 [球检测-帧19] Hough参数(缩放后): minR=4, maxR=22, minDist=12
🎾 [球检测-帧19] Hough圆检测找到: 2 个圆
🎾 [球检测-帧19] 圆 1: 位置(689,489), 半径13px
🎾 [球检测-帧19] 圆 1: 质量分数 0.68
🎾 [球检测-帧19] 圆 2: 位置(689,513), 半径12px
🎾 [球检测-帧19] 圆 2: 质量分数 0.67
🎾 [球检测-帧19] 球 1: (689,489) ✅ 半径13px, 质量0.68, 圆度0.64, 边距231px 通过过滤
🎾 [球检测-帧19] 球 2: (689,513) ✅ 半径12px, 质量0.67, 圆度0.62, 边距207px 通过过滤
🎾 [球检测-帧19] 噪点过滤完成: 2 → 2 个球
🎾 [球检测-帧19] HSV检测结果: 1 个球
🎾 [球检测-帧19] 球 1: (689,489) ✅ 在边界内
🎾 [球检测-帧19] 边界过滤: 1 → 1 个球
🎾 [球检测-帧19] 最终检测结果: 1 个球
🎾 [球检测-帧20] 开始球检测 (帧尺寸: 1280x720)
🎾 [球检测-帧20] 图像预处理: 1280x720 → 640x360
🎾 [球检测-帧20] HSV颜色范围: [20,50,50] - [70,255,255]
🎾 [球检测-帧20] 颜色匹配像素数: 223690
🎾 [球检测-帧20] 面积阈值(缩放后): min=25 max=500
🎾 [球检测-帧20] 区域面积过滤: 面积67425.0px 超出范围[25-500]
🎾 [球检测-帧20] 区域面积过滤: 面积67906.0px 超出范围[25-500]
🎾 [球检测-帧20] 区域面积过滤: 面积42437.0px 超出范围[25-500]
🎾 [球检测-帧20] 区域面积过滤: 面积43873.0px 超出范围[25-500]
🎾 [球检测-帧20] 面积过滤后有效区域数: 1
🎾 [球检测-帧20] 形态学清理后像素数: 256 (减少了223434)
🎾 [球检测-帧20] Hough参数(缩放后): minR=4, maxR=22, minDist=12
🎾 [球检测-帧20] Hough圆检测找到: 2 个圆
🎾 [球检测-帧20] 圆 1: 位置(691,489), 半径12px
🎾 [球检测-帧20] 圆 1: 质量分数 0.73
🎾 [球检测-帧20] 圆 2: 位置(691,513), 半径11px
🎾 [球检测-帧20] 圆 2: 质量分数 0.69
🎾 [球检测-帧20] 球 1: (691,489) ❌ 圆度0.57低于0.58
🎾 [球检测-帧20] 球 2: (691,513) ✅ 半径11px, 质量0.69, 圆度0.76, 边距207px 通过过滤
🎾 [球检测-帧20] 噪点过滤完成: 2 → 1 个球
🎾 [球检测-帧20] HSV检测结果: 1 个球
🎾 [球检测-帧20] 球 1: (691,513) ✅ 在边界内
🎾 [球检测-帧20] 边界过滤: 1 → 1 个球
🎾 [球检测-帧20] 最终检测结果: 1 个球
🎾 [球检测-帧20] 调试帧已保存: debug_frames/ball_debug_frame_0020.jpg
🎾 [球检测-帧21] 开始球检测 (帧尺寸: 1280x720)
🎾 [球检测-帧21] 图像预处理: 1280x720 → 640x360
🎾 [球检测-帧21] HSV颜色范围: [20,50,50] - [70,255,255]
🎾 [球检测-帧21] 颜色匹配像素数: 223690
🎾 [球检测-帧21] 面积阈值(缩放后): min=25 max=500
🎾 [球检测-帧21] 区域面积过滤: 面积67425.0px 超出范围[25-500]
🎾 [球检测-帧21] 区域面积过滤: 面积67906.0px 超出范围[25-500]
🎾 [球检测-帧21] 区域面积过滤: 面积42437.0px 超出范围[25-500]
🎾 [球检测-帧21] 区域面积过滤: 面积43873.0px 超出范围[25-500]
🎾 [球检测-帧21] 面积过滤后有效区域数: 1
🎾 [球检测-帧21] 形态学清理后像素数: 256 (减少了223434)
🎾 [球检测-帧21] Hough参数(缩放后): minR=4, maxR=22, minDist=12
🎾 [球检测-帧21] Hough圆检测找到: 2 个圆
🎾 [球检测-帧21] 圆 1: 位置(691,489), 半径12px
🎾 [球检测-帧21] 圆 1: 质量分数 0.73
🎾 [球检测-帧21] 圆 2: 位置(691,513), 半径11px
🎾 [球检测-帧21] 圆 2: 质量分数 0.69
🎾 [球检测-帧21] 球 1: (691,489) ❌ 圆度0.57低于0.58
🎾 [球检测-帧21] 球 2: (691,513) ✅ 半径11px, 质量0.69, 圆度0.76, 边距207px 通过过滤
🎾 [球检测-帧21] 噪点过滤完成: 2 → 1 个球
🎾 [球检测-帧21] HSV检测结果: 1 个球
🎾 [球检测-帧21] 球 1: (691,513) ✅ 在边界内
🎾 [球检测-帧21] 边界过滤: 1 → 1 个球
🎾 [球检测-帧21] 最终检测结果: 1 个球
🎾 [球检测-帧22] 开始球检测 (帧尺寸: 1280x720)
🎾 [球检测-帧22] 图像预处理: 1280x720 → 640x360
🎾 [球检测-帧22] HSV颜色范围: [20,50,50] - [70,255,255]
🎾 [球检测-帧22] 颜色匹配像素数: 223688
🎾 [球检测-帧22] 面积阈值(缩放后): min=25 max=500
🎾 [球检测-帧22] 区域面积过滤: 面积67425.0px 超出范围[25-500]
🎾 [球检测-帧22] 区域面积过滤: 面积67906.0px 超出范围[25-500]
🎾 [球检测-帧22] 区域面积过滤: 面积42437.0px 超出范围[25-500]
🎾 [球检测-帧22] 区域面积过滤: 面积43873.0px 超出范围[25-500]
🎾 [球检测-帧22] 面积过滤后有效区域数: 1
🎾 [球检测-帧22] 形态学清理后像素数: 256 (减少了223432)
🎾 [球检测-帧22] Hough参数(缩放后): minR=4, maxR=22, minDist=12
🎾 [球检测-帧22] Hough圆检测找到: 2 个圆
🎾 [球检测-帧22] 圆 1: 位置(691,489), 半径12px
🎾 [球检测-帧22] 圆 1: 质量分数 0.73
🎾 [球检测-帧22] 圆 2: 位置(691,513), 半径11px
🎾 [球检测-帧22] 圆 2: 质量分数 0.69
🎾 [球检测-帧22] 球 1: (691,489) ❌ 圆度0.57低于0.58
🎾 [球检测-帧22] 球 2: (691,513) ✅ 半径11px, 质量0.69, 圆度0.76, 边距207px 通过过滤
🎾 [球检测-帧22] 噪点过滤完成: 2 → 1 个球
🎾 [球检测-帧22] HSV检测结果: 1 个球
🎾 [球检测-帧22] 球 1: (691,513) ✅ 在边界内
🎾 [球检测-帧22] 边界过滤: 1 → 1 个球
🎾 [球检测-帧22] 最终检测结果: 1 个球
🎾 [球检测-帧23] 开始球检测 (帧尺寸: 1280x720)
🎾 [球检测-帧23] 图像预处理: 1280x720 → 640x360
🎾 [球检测-帧23] HSV颜色范围: [20,50,50] - [70,255,255]
🎾 [球检测-帧23] 颜色匹配像素数: 223679
🎾 [球检测-帧23] 面积阈值(缩放后): min=25 max=500
🎾 [球检测-帧23] 区域面积过滤: 面积67425.0px 超出范围[25-500]
🎾 [球检测-帧23] 区域面积过滤: 面积67906.0px 超出范围[25-500]
🎾 [球检测-帧23] 区域面积过滤: 面积42437.0px 超出范围[25-500]
🎾 [球检测-帧23] 区域面积过滤: 面积43873.0px 超出范围[25-500]
🎾 [球检测-帧23] 面积过滤后有效区域数: 1
🎾 [球检测-帧23] 形态学清理后像素数: 256 (减少了223423)
🎾 [球检测-帧23] Hough参数(缩放后): minR=4, maxR=22, minDist=12
🎾 [球检测-帧23] Hough圆检测找到: 2 个圆
🎾 [球检测-帧23] 圆 1: 位置(691,489), 半径12px
🎾 [球检测-帧23] 圆 1: 质量分数 0.73
🎾 [球检测-帧23] 圆 2: 位置(691,513), 半径11px
🎾 [球检测-帧23] 圆 2: 质量分数 0.69
🎾 [球检测-帧23] 球 1: (691,489) ❌ 圆度0.57低于0.58
🎾 [球检测-帧23] 球 2: (691,513) ✅ 半径11px, 质量0.69, 圆度0.76, 边距207px 通过过滤
🎾 [球检测-帧23] 噪点过滤完成: 2 → 1 个球
🎾 [球检测-帧23] HSV检测结果: 1 个球
🎾 [球检测-帧23] 球 1: (691,513) ✅ 在边界内
🎾 [球检测-帧23] 边界过滤: 1 → 1 个球
🎾 [球检测-帧23] 最终检测结果: 1 个球
🎾 [球检测-帧24] 开始球检测 (帧尺寸: 1280x720)
🎾 [球检测-帧24] 图像预处理: 1280x720 → 640x360
🎾 [球检测-帧24] HSV颜色范围: [20,50,50] - [70,255,255]
🎾 [球检测-帧24] 颜色匹配像素数: 223681
🎾 [球检测-帧24] 面积阈值(缩放后): min=25 max=500
🎾 [球检测-帧24] 区域面积过滤: 面积67421.5px 超出范围[25-500]
🎾 [球检测-帧24] 区域面积过滤: 面积67906.0px 超出范围[25-500]
🎾 [球检测-帧24] 区域面积过滤: 面积42437.0px 超出范围[25-500]
🎾 [球检测-帧24] 区域面积过滤: 面积43873.0px 超出范围[25-500]
🎾 [球检测-帧24] 面积过滤后有效区域数: 1
🎾 [球检测-帧24] 形态学清理后像素数: 259 (减少了223422)
🎾 [球检测-帧24] Hough参数(缩放后): minR=4, maxR=22, minDist=12
🎾 [球检测-帧24] Hough圆检测找到: 2 个圆
🎾 [球检测-帧24] 圆 1: 位置(693,511), 半径13px
🎾 [球检测-帧24] 圆 1: 质量分数 0.68
🎾 [球检测-帧24] 圆 2: 位置(671,497), 半径13px
🎾 [球检测-帧24] 圆 2: 质量分数 0.49
🎾 [球检测-帧24] 球 1: (693,511) ✅ 半径13px, 质量0.68, 圆度0.64, 边距209px 通过过滤
🎾 [球检测-帧24] 球 2: (671,497) ✅ 半径13px, 质量0.49, 圆度0.63, 边距223px 通过过滤
🎾 [球检测-帧24] 噪点过滤完成: 2 → 2 个球
🎾 [球检测-帧24] HSV检测结果: 1 个球
🎾 [球检测-帧24] 球 1: (693,511) ✅ 在边界内
🎾 [球检测-帧24] 边界过滤: 1 → 1 个球
🎾 [球检测-帧24] 最终检测结果: 1 个球
🎾 [球检测-帧25] 开始球检测 (帧尺寸: 1280x720)
🎾 [球检测-帧25] 图像预处理: 1280x720 → 640x360
🎾 [球检测-帧25] HSV颜色范围: [20,50,50] - [70,255,255]
🎾 [球检测-帧25] 颜色匹配像素数: 223670
🎾 [球检测-帧25] 面积阈值(缩放后): min=25 max=500
🎾 [球检测-帧25] 区域面积过滤: 面积67421.5px 超出范围[25-500]
🎾 [球检测-帧25] 区域面积过滤: 面积67906.0px 超出范围[25-500]
🎾 [球检测-帧25] 区域面积过滤: 面积42437.0px 超出范围[25-500]
🎾 [球检测-帧25] 区域面积过滤: 面积43873.0px 超出范围[25-500]
🎾 [球检测-帧25] 面积过滤后有效区域数: 1
🎾 [球检测-帧25] 形态学清理后像素数: 259 (减少了223411)
🎾 [球检测-帧25] Hough参数(缩放后): minR=4, maxR=22, minDist=12
🎾 [球检测-帧25] Hough圆检测找到: 2 个圆
🎾 [球检测-帧25] 圆 1: 位置(693,511), 半径13px
🎾 [球检测-帧25] 圆 1: 质量分数 0.68
🎾 [球检测-帧25] 圆 2: 位置(671,497), 半径13px
🎾 [球检测-帧25] 圆 2: 质量分数 0.49
🎾 [球检测-帧25] 球 1: (693,511) ✅ 半径13px, 质量0.68, 圆度0.64, 边距209px 通过过滤
🎾 [球检测-帧25] 球 2: (671,497) ✅ 半径13px, 质量0.49, 圆度0.63, 边距223px 通过过滤
🎾 [球检测-帧25] 噪点过滤完成: 2 → 2 个球
🎾 [球检测-帧25] HSV检测结果: 1 个球
🎾 [球检测-帧25] 球 1: (693,511) ✅ 在边界内
🎾 [球检测-帧25] 边界过滤: 1 → 1 个球
🎾 [球检测-帧25] 最终检测结果: 1 个球
🎾 [球检测-帧26] 开始球检测 (帧尺寸: 1280x720)
🎾 [球检测-帧26] 图像预处理: 1280x720 → 640x360
🎾 [球检测-帧26] HSV颜色范围: [20,50,50] - [70,255,255]
🎾 [球检测-帧26] 颜色匹配像素数: 223686
🎾 [球检测-帧26] 面积阈值(缩放后): min=25 max=500
🎾 [球检测-帧26] 区域面积过滤: 面积67421.5px 超出范围[25-500]
🎾 [球检测-帧26] 区域面积过滤: 面积67906.0px 超出范围[25-500]
🎾 [球检测-帧26] 区域面积过滤: 面积42437.0px 超出范围[25-500]
🎾 [球检测-帧26] 区域面积过滤: 面积43873.0px 超出范围[25-500]
🎾 [球检测-帧26] 面积过滤后有效区域数: 1
🎾 [球检测-帧26] 形态学清理后像素数: 259 (减少了223427)
🎾 [球检测-帧26] Hough参数(缩放后): minR=4, maxR=22, minDist=12
🎾 [球检测-帧26] Hough圆检测找到: 2 个圆
🎾 [球检测-帧26] 圆 1: 位置(693,511), 半径13px
🎾 [球检测-帧26] 圆 1: 质量分数 0.68
🎾 [球检测-帧26] 圆 2: 位置(671,497), 半径13px
🎾 [球检测-帧26] 圆 2: 质量分数 0.49
🎾 [球检测-帧26] 球 1: (693,511) ✅ 半径13px, 质量0.68, 圆度0.64, 边距209px 通过过滤
🎾 [球检测-帧26] 球 2: (671,497) ✅ 半径13px, 质量0.49, 圆度0.63, 边距223px 通过过滤
🎾 [球检测-帧26] 噪点过滤完成: 2 → 2 个球
🎾 [球检测-帧26] HSV检测结果: 1 个球
🎾 [球检测-帧26] 球 1: (693,511) ✅ 在边界内
🎾 [球检测-帧26] 边界过滤: 1 → 1 个球
🎾 [球检测-帧26] 最终检测结果: 1 个球
🎾 [球检测-帧27] 开始球检测 (帧尺寸: 1280x720)
🎾 [球检测-帧27] 图像预处理: 1280x720 → 640x360
🎾 [球检测-帧27] HSV颜色范围: [20,50,50] - [70,255,255]
🎾 [球检测-帧27] 颜色匹配像素数: 223673
🎾 [球检测-帧27] 面积阈值(缩放后): min=25 max=500
🎾 [球检测-帧27] 区域面积过滤: 面积67419.0px 超出范围[25-500]
🎾 [球检测-帧27] 区域面积过滤: 面积67906.0px 超出范围[25-500]
🎾 [球检测-帧27] 区域面积过滤: 面积42437.0px 超出范围[25-500]
🎾 [球检测-帧27] 区域面积过滤: 面积43873.0px 超出范围[25-500]
🎾 [球检测-帧27] 面积过滤后有效区域数: 1
🎾 [球检测-帧27] 形态学清理后像素数: 259 (减少了223414)
🎾 [球检测-帧27] Hough参数(缩放后): minR=4, maxR=22, minDist=12
🎾 [球检测-帧27] Hough圆检测找到: 2 个圆
🎾 [球检测-帧27] 圆 1: 位置(693,511), 半径13px
🎾 [球检测-帧27] 圆 1: 质量分数 0.67
🎾 [球检测-帧27] 圆 2: 位置(671,497), 半径13px
🎾 [球检测-帧27] 圆 2: 质量分数 0.49
🎾 [球检测-帧27] 球 1: (693,511) ✅ 半径13px, 质量0.67, 圆度0.64, 边距209px 通过过滤
🎾 [球检测-帧27] 球 2: (671,497) ✅ 半径13px, 质量0.49, 圆度0.63, 边距223px 通过过滤
🎾 [球检测-帧27] 噪点过滤完成: 2 → 2 个球
🎾 [球检测-帧27] HSV检测结果: 1 个球
🎾 [球检测-帧27] 球 1: (693,511) ✅ 在边界内
🎾 [球检测-帧27] 边界过滤: 1 → 1 个球
🎾 [球检测-帧27] 最终检测结果: 1 个球
🎾 [球检测-帧28] 开始球检测 (帧尺寸: 1280x720)
🎾 [球检测-帧28] 图像预处理: 1280x720 → 640x360
🎾 [球检测-帧28] HSV颜色范围: [20,50,50] - [70,255,255]
🎾 [球检测-帧28] 颜色匹配像素数: 223682
🎾 [球检测-帧28] 面积阈值(缩放后): min=25 max=500
🎾 [球检测-帧28] 区域面积过滤: 面积67415.0px 超出范围[25-500]
🎾 [球检测-帧28] 区域面积过滤: 面积67906.0px 超出范围[25-500]
🎾 [球检测-帧28] 区域面积过滤: 面积42437.0px 超出范围[25-500]
🎾 [球检测-帧28] 区域面积过滤: 面积43873.0px 超出范围[25-500]
🎾 [球检测-帧28] 面积过滤后有效区域数: 1
🎾 [球检测-帧28] 形态学清理后像素数: 263 (减少了223419)
🎾 [球检测-帧28] Hough参数(缩放后): minR=4, maxR=22, minDist=12
🎾 [球检测-帧28] Hough圆检测找到: 2 个圆
🎾 [球检测-帧28] 圆 1: 位置(693,489), 半径12px
🎾 [球检测-帧28] 圆 1: 质量分数 0.75
🎾 [球检测-帧28] 圆 2: 位置(693,513), 半径12px
🎾 [球检测-帧28] 圆 2: 质量分数 0.70
🎾 [球检测-帧28] 球 1: (693,489) ❌ 圆度0.54低于0.58
🎾 [球检测-帧28] 球 2: (693,513) ✅ 半径12px, 质量0.70, 圆度0.78, 边距207px 通过过滤
🎾 [球检测-帧28] 噪点过滤完成: 2 → 1 个球
🎾 [球检测-帧28] HSV检测结果: 1 个球
🎾 [球检测-帧28] 球 1: (693,513) ✅ 在边界内
🎾 [球检测-帧28] 边界过滤: 1 → 1 个球
🎾 [球检测-帧28] 最终检测结果: 1 个球
🎾 [球检测-帧29] 开始球检测 (帧尺寸: 1280x720)
🎾 [球检测-帧29] 图像预处理: 1280x720 → 640x360
🎾 [球检测-帧29] HSV颜色范围: [20,50,50] - [70,255,255]
🎾 [球检测-帧29] 颜色匹配像素数: 223671
🎾 [球检测-帧29] 面积阈值(缩放后): min=25 max=500
🎾 [球检测-帧29] 区域面积过滤: 面积67415.5px 超出范围[25-500]
🎾 [球检测-帧29] 区域面积过滤: 面积67906.0px 超出范围[25-500]
🎾 [球检测-帧29] 区域面积过滤: 面积42437.0px 超出范围[25-500]
🎾 [球检测-帧29] 区域面积过滤: 面积43873.0px 超出范围[25-500]
🎾 [球检测-帧29] 面积过滤后有效区域数: 1
🎾 [球检测-帧29] 形态学清理后像素数: 259 (减少了223412)
🎾 [球检测-帧29] Hough参数(缩放后): minR=4, maxR=22, minDist=12
🎾 [球检测-帧29] Hough圆检测找到: 2 个圆
🎾 [球检测-帧29] 圆 1: 位置(693,491), 半径12px
🎾 [球检测-帧29] 圆 1: 质量分数 0.75
🎾 [球检测-帧29] 圆 2: 位置(693,515), 半径11px
🎾 [球检测-帧29] 圆 2: 质量分数 0.71
🎾 [球检测-帧29] 球 1: (693,491) ❌ 圆度0.56低于0.58
🎾 [球检测-帧29] 球 2: (693,515) ✅ 半径11px, 质量0.71, 圆度0.76, 边距205px 通过过滤
🎾 [球检测-帧29] 噪点过滤完成: 2 → 1 个球
🎾 [球检测-帧29] HSV检测结果: 1 个球
🎾 [球检测-帧29] 球 1: (693,515) ✅ 在边界内
🎾 [球检测-帧29] 边界过滤: 1 → 1 个球
🎾 [球检测-帧29] 最终检测结果: 1 个球
🎾 [球检测-帧30] 开始球检测 (帧尺寸: 1280x720)
🎾 [球检测-帧30] 图像预处理: 1280x720 → 640x360
🎾 [球检测-帧30] HSV颜色范围: [20,50,50] - [70,255,255]
🎾 [球检测-帧30] 颜色匹配像素数: 223666
🎾 [球检测-帧30] 面积阈值(缩放后): min=25 max=500
🎾 [球检测-帧30] 区域面积过滤: 面积67415.5px 超出范围[25-500]
🎾 [球检测-帧30] 区域面积过滤: 面积67906.0px 超出范围[25-500]
🎾 [球检测-帧30] 区域面积过滤: 面积42437.0px 超出范围[25-500]
🎾 [球检测-帧30] 区域面积过滤: 面积43873.0px 超出范围[25-500]
🎾 [球检测-帧30] 面积过滤后有效区域数: 1
🎾 [球检测-帧30] 形态学清理后像素数: 259 (减少了223407)
🎾 [球检测-帧30] Hough参数(缩放后): minR=4, maxR=22, minDist=12
🎾 [球检测-帧30] Hough圆检测找到: 2 个圆
🎾 [球检测-帧30] 圆 1: 位置(693,491), 半径12px
🎾 [球检测-帧30] 圆 1: 质量分数 0.75
🎾 [球检测-帧30] 圆 2: 位置(693,515), 半径11px
🎾 [球检测-帧30] 圆 2: 质量分数 0.71
🎾 [球检测-帧30] 球 1: (693,491) ❌ 圆度0.56低于0.58
🎾 [球检测-帧30] 球 2: (693,515) ✅ 半径11px, 质量0.71, 圆度0.76, 边距205px 通过过滤
🎾 [球检测-帧30] 噪点过滤完成: 2 → 1 个球
🎾 [球检测-帧30] HSV检测结果: 1 个球
🎾 [球检测-帧30] 球 1: (693,515) ✅ 在边界内
🎾 [球检测-帧30] 边界过滤: 1 → 1 个球
🎾 [球检测-帧30] 最终检测结果: 1 个球
🎾 [球检测-帧30] 调试帧已保存: debug_frames/ball_debug_frame_0030.jpg
🎾 [球检测-帧31] 开始球检测 (帧尺寸: 1280x720)
🎾 [球检测-帧31] 图像预处理: 1280x720 → 640x360
🎾 [球检测-帧31] HSV颜色范围: [20,50,50] - [70,255,255]
🎾 [球检测-帧31] 颜色匹配像素数: 223700
🎾 [球检测-帧31] 面积阈值(缩放后): min=25 max=500
🎾 [球检测-帧31] 区域面积过滤: 面积67415.5px 超出范围[25-500]
🎾 [球检测-帧31] 区域面积过滤: 面积67906.0px 超出范围[25-500]
🎾 [球检测-帧31] 区域面积过滤: 面积42437.0px 超出范围[25-500]
🎾 [球检测-帧31] 区域面积过滤: 面积43873.0px 超出范围[25-500]
🎾 [球检测-帧31] 面积过滤后有效区域数: 1
🎾 [球检测-帧31] 形态学清理后像素数: 259 (减少了223441)
🎾 [球检测-帧31] Hough参数(缩放后): minR=4, maxR=22, minDist=12
🎾 [球检测-帧31] Hough圆检测找到: 2 个圆
🎾 [球检测-帧31] 圆 1: 位置(693,491), 半径12px
🎾 [球检测-帧31] 圆 1: 质量分数 0.75
🎾 [球检测-帧31] 圆 2: 位置(693,515), 半径11px
🎾 [球检测-帧31] 圆 2: 质量分数 0.71
🎾 [球检测-帧31] 球 1: (693,491) ❌ 圆度0.56低于0.58
🎾 [球检测-帧31] 球 2: (693,515) ✅ 半径11px, 质量0.71, 圆度0.76, 边距205px 通过过滤
🎾 [球检测-帧31] 噪点过滤完成: 2 → 1 个球
🎾 [球检测-帧31] HSV检测结果: 1 个球
🎾 [球检测-帧31] 球 1: (693,515) ✅ 在边界内
🎾 [球检测-帧31] 边界过滤: 1 → 1 个球
🎾 [球检测-帧31] 最终检测结果: 1 个球
🎾 [球检测-帧32] 开始球检测 (帧尺寸: 1280x720)
🎾 [球检测-帧32] 图像预处理: 1280x720 → 640x360
🎾 [球检测-帧32] HSV颜色范围: [20,50,50] - [70,255,255]
🎾 [球检测-帧32] 颜色匹配像素数: 223699
🎾 [球检测-帧32] 面积阈值(缩放后): min=25 max=500
🎾 [球检测-帧32] 区域面积过滤: 面积67415.5px 超出范围[25-500]
🎾 [球检测-帧32] 区域面积过滤: 面积67906.0px 超出范围[25-500]
🎾 [球检测-帧32] 区域面积过滤: 面积42437.0px 超出范围[25-500]
🎾 [球检测-帧32] 区域面积过滤: 面积43873.0px 超出范围[25-500]
🎾 [球检测-帧32] 面积过滤后有效区域数: 1
🎾 [球检测-帧32] 形态学清理后像素数: 259 (减少了223440)
🎾 [球检测-帧32] Hough参数(缩放后): minR=4, maxR=22, minDist=12
🎾 [球检测-帧32] Hough圆检测找到: 2 个圆
🎾 [球检测-帧32] 圆 1: 位置(693,491), 半径12px
🎾 [球检测-帧32] 圆 1: 质量分数 0.75
🎾 [球检测-帧32] 圆 2: 位置(693,515), 半径11px
🎾 [球检测-帧32] 圆 2: 质量分数 0.71
🎾 [球检测-帧32] 球 1: (693,491) ❌ 圆度0.56低于0.58
🎾 [球检测-帧32] 球 2: (693,515) ✅ 半径11px, 质量0.71, 圆度0.76, 边距205px 通过过滤
🎾 [球检测-帧32] 噪点过滤完成: 2 → 1 个球
🎾 [球检测-帧32] HSV检测结果: 1 个球
🎾 [球检测-帧32] 球 1: (693,515) ✅ 在边界内
🎾 [球检测-帧32] 边界过滤: 1 → 1 个球
🎾 [球检测-帧32] 最终检测结果: 1 个球
🎾 [球检测-帧33] 开始球检测 (帧尺寸: 1280x720)
🎾 [球检测-帧33] 图像预处理: 1280x720 → 640x360
🎾 [球检测-帧33] HSV颜色范围: [20,50,50] - [70,255,255]
🎾 [球检测-帧33] 颜色匹配像素数: 223677
🎾 [球检测-帧33] 面积阈值(缩放后): min=25 max=500
🎾 [球检测-帧33] 区域面积过滤: 面积67415.5px 超出范围[25-500]
🎾 [球检测-帧33] 区域面积过滤: 面积67906.0px 超出范围[25-500]
🎾 [球检测-帧33] 区域面积过滤: 面积42437.0px 超出范围[25-500]
🎾 [球检测-帧33] 区域面积过滤: 面积43873.0px 超出范围[25-500]
🎾 [球检测-帧33] 面积过滤后有效区域数: 1
🎾 [球检测-帧33] 形态学清理后像素数: 259 (减少了223418)
🎾 [球检测-帧33] Hough参数(缩放后): minR=4, maxR=22, minDist=12
🎾 [球检测-帧33] Hough圆检测找到: 2 个圆
🎾 [球检测-帧33] 圆 1: 位置(693,491), 半径12px
🎾 [球检测-帧33] 圆 1: 质量分数 0.75
🎾 [球检测-帧33] 圆 2: 位置(693,515), 半径11px
🎾 [球检测-帧33] 圆 2: 质量分数 0.71
🎾 [球检测-帧33] 球 1: (693,491) ❌ 圆度0.56低于0.58
🎾 [球检测-帧33] 球 2: (693,515) ✅ 半径11px, 质量0.71, 圆度0.76, 边距205px 通过过滤
🎾 [球检测-帧33] 噪点过滤完成: 2 → 1 个球
🎾 [球检测-帧33] HSV检测结果: 1 个球
🎾 [球检测-帧33] 球 1: (693,515) ✅ 在边界内
🎾 [球检测-帧33] 边界过滤: 1 → 1 个球
🎾 [球检测-帧33] 最终检测结果: 1 个球
🎾 [球检测-帧34] 开始球检测 (帧尺寸: 1280x720)
🎾 [球检测-帧34] 图像预处理: 1280x720 → 640x360
🎾 [球检测-帧34] HSV颜色范围: [20,50,50] - [70,255,255]
🎾 [球检测-帧34] 颜色匹配像素数: 223690
🎾 [球检测-帧34] 面积阈值(缩放后): min=25 max=500
🎾 [球检测-帧34] 区域面积过滤: 面积67415.5px 超出范围[25-500]
🎾 [球检测-帧34] 区域面积过滤: 面积67906.0px 超出范围[25-500]
🎾 [球检测-帧34] 区域面积过滤: 面积42437.0px 超出范围[25-500]
🎾 [球检测-帧34] 区域面积过滤: 面积43873.0px 超出范围[25-500]
🎾 [球检测-帧34] 面积过滤后有效区域数: 1
🎾 [球检测-帧34] 形态学清理后像素数: 263 (减少了223427)
🎾 [球检测-帧34] Hough参数(缩放后): minR=4, maxR=22, minDist=12
🎾 [球检测-帧34] Hough圆检测找到: 2 个圆
🎾 [球检测-帧34] 圆 1: 位置(691,513), 半径12px
🎾 [球检测-帧34] 圆 1: 质量分数 0.72
🎾 [球检测-帧34] 圆 2: 位置(695,489), 半径8px
🎾 [球检测-帧34] 圆 2: 质量分数 0.77
🎾 [球检测-帧34] 球 1: (691,513) ✅ 半径12px, 质量0.72, 圆度0.71, 边距207px 通过过滤
🎾 [球检测-帧34] 球 2: (695,489) ❌ 半径8px超出范围[9-45]
🎾 [球检测-帧34] 噪点过滤完成: 2 → 1 个球
🎾 [球检测-帧34] HSV检测结果: 1 个球
🎾 [球检测-帧34] 球 1: (691,513) ✅ 在边界内
🎾 [球检测-帧34] 边界过滤: 1 → 1 个球
🎾 [球检测-帧34] 最终检测结果: 1 个球
🎾 [球检测-帧35] 开始球检测 (帧尺寸: 1280x720)
🎾 [球检测-帧35] 图像预处理: 1280x720 → 640x360
🎾 [球检测-帧35] HSV颜色范围: [20,50,50] - [70,255,255]
🎾 [球检测-帧35] 颜色匹配像素数: 223679
🎾 [球检测-帧35] 面积阈值(缩放后): min=25 max=500
🎾 [球检测-帧35] 区域面积过滤: 面积67415.5px 超出范围[25-500]
🎾 [球检测-帧35] 区域面积过滤: 面积67906.0px 超出范围[25-500]
🎾 [球检测-帧35] 区域面积过滤: 面积42437.0px 超出范围[25-500]
🎾 [球检测-帧35] 区域面积过滤: 面积43873.0px 超出范围[25-500]
🎾 [球检测-帧35] 面积过滤后有效区域数: 1
🎾 [球检测-帧35] 形态学清理后像素数: 263 (减少了223416)
🎾 [球检测-帧35] Hough参数(缩放后): minR=4, maxR=22, minDist=12
🎾 [球检测-帧35] Hough圆检测找到: 2 个圆
🎾 [球检测-帧35] 圆 1: 位置(691,513), 半径12px
🎾 [球检测-帧35] 圆 1: 质量分数 0.72
🎾 [球检测-帧35] 圆 2: 位置(695,489), 半径8px
🎾 [球检测-帧35] 圆 2: 质量分数 0.77
🎾 [球检测-帧35] 球 1: (691,513) ✅ 半径12px, 质量0.72, 圆度0.71, 边距207px 通过过滤
🎾 [球检测-帧35] 球 2: (695,489) ❌ 半径8px超出范围[9-45]
🎾 [球检测-帧35] 噪点过滤完成: 2 → 1 个球
🎾 [球检测-帧35] HSV检测结果: 1 个球
🎾 [球检测-帧35] 球 1: (691,513) ✅ 在边界内
🎾 [球检测-帧35] 边界过滤: 1 → 1 个球
🎾 [球检测-帧35] 最终检测结果: 1 个球
🎾 [球检测-帧36] 开始球检测 (帧尺寸: 1280x720)
🎾 [球检测-帧36] 图像预处理: 1280x720 → 640x360
🎾 [球检测-帧36] HSV颜色范围: [20,50,50] - [70,255,255]
🎾 [球检测-帧36] 颜色匹配像素数: 223697
🎾 [球检测-帧36] 面积阈值(缩放后): min=25 max=500
🎾 [球检测-帧36] 区域面积过滤: 面积67415.5px 超出范围[25-500]
🎾 [球检测-帧36] 区域面积过滤: 面积67906.0px 超出范围[25-500]
🎾 [球检测-帧36] 区域面积过滤: 面积42437.0px 超出范围[25-500]
🎾 [球检测-帧36] 区域面积过滤: 面积43873.0px 超出范围[25-500]
🎾 [球检测-帧36] 面积过滤后有效区域数: 1
🎾 [球检测-帧36] 形态学清理后像素数: 263 (减少了223434)
🎾 [球检测-帧36] Hough参数(缩放后): minR=4, maxR=22, minDist=12
🎾 [球检测-帧36] Hough圆检测找到: 2 个圆
🎾 [球检测-帧36] 圆 1: 位置(691,513), 半径12px
🎾 [球检测-帧36] 圆 1: 质量分数 0.72
🎾 [球检测-帧36] 圆 2: 位置(695,489), 半径8px
🎾 [球检测-帧36] 圆 2: 质量分数 0.77
🎾 [球检测-帧36] 球 1: (691,513) ✅ 半径12px, 质量0.72, 圆度0.71, 边距207px 通过过滤
🎾 [球检测-帧36] 球 2: (695,489) ❌ 半径8px超出范围[9-45]
🎾 [球检测-帧36] 噪点过滤完成: 2 → 1 个球
🎾 [球检测-帧36] HSV检测结果: 1 个球
🎾 [球检测-帧36] 球 1: (691,513) ✅ 在边界内
🎾 [球检测-帧36] 边界过滤: 1 → 1 个球
🎾 [球检测-帧36] 最终检测结果: 1 个球
🎾 [球检测-帧37] 开始球检测 (帧尺寸: 1280x720)
🎾 [球检测-帧37] 图像预处理: 1280x720 → 640x360
🎾 [球检测-帧37] HSV颜色范围: [20,50,50] - [70,255,255]
🎾 [球检测-帧37] 颜色匹配像素数: 223687
🎾 [球检测-帧37] 面积阈值(缩放后): min=25 max=500
🎾 [球检测-帧37] 区域面积过滤: 面积67415.5px 超出范围[25-500]
🎾 [球检测-帧37] 区域面积过滤: 面积67906.0px 超出范围[25-500]
🎾 [球检测-帧37] 区域面积过滤: 面积42437.0px 超出范围[25-500]
🎾 [球检测-帧37] 区域面积过滤: 面积43873.0px 超出范围[25-500]
🎾 [球检测-帧37] 面积过滤后有效区域数: 1
🎾 [球检测-帧37] 形态学清理后像素数: 263 (减少了223424)
🎾 [球检测-帧37] Hough参数(缩放后): minR=4, maxR=22, minDist=12
🎾 [球检测-帧37] Hough圆检测找到: 2 个圆
🎾 [球检测-帧37] 圆 1: 位置(691,513), 半径12px
🎾 [球检测-帧37] 圆 1: 质量分数 0.72
🎾 [球检测-帧37] 圆 2: 位置(695,489), 半径8px
🎾 [球检测-帧37] 圆 2: 质量分数 0.77
🎾 [球检测-帧37] 球 1: (691,513) ✅ 半径12px, 质量0.72, 圆度0.71, 边距207px 通过过滤
🎾 [球检测-帧37] 球 2: (695,489) ❌ 半径8px超出范围[9-45]
🎾 [球检测-帧37] 噪点过滤完成: 2 → 1 个球
🎾 [球检测-帧37] HSV检测结果: 1 个球
🎾 [球检测-帧37] 球 1: (691,513) ✅ 在边界内
🎾 [球检测-帧37] 边界过滤: 1 → 1 个球
🎾 [球检测-帧37] 最终检测结果: 1 个球
🎾 [球检测-帧38] 开始球检测 (帧尺寸: 1280x720)
🎾 [球检测-帧38] 图像预处理: 1280x720 → 640x360
🎾 [球检测-帧38] HSV颜色范围: [20,50,50] - [70,255,255]
🎾 [球检测-帧38] 颜色匹配像素数: 223697
🎾 [球检测-帧38] 面积阈值(缩放后): min=25 max=500
🎾 [球检测-帧38] 区域面积过滤: 面积67415.5px 超出范围[25-500]
🎾 [球检测-帧38] 区域面积过滤: 面积67906.0px 超出范围[25-500]
🎾 [球检测-帧38] 区域面积过滤: 面积42437.0px 超出范围[25-500]
🎾 [球检测-帧38] 区域面积过滤: 面积43873.0px 超出范围[25-500]
🎾 [球检测-帧38] 面积过滤后有效区域数: 1
🎾 [球检测-帧38] 形态学清理后像素数: 263 (减少了223434)
🎾 [球检测-帧38] Hough参数(缩放后): minR=4, maxR=22, minDist=12
🎾 [球检测-帧38] Hough圆检测找到: 2 个圆
🎾 [球检测-帧38] 圆 1: 位置(691,513), 半径12px
🎾 [球检测-帧38] 圆 1: 质量分数 0.72
🎾 [球检测-帧38] 圆 2: 位置(695,489), 半径8px
🎾 [球检测-帧38] 圆 2: 质量分数 0.77
🎾 [球检测-帧38] 球 1: (691,513) ✅ 半径12px, 质量0.72, 圆度0.71, 边距207px 通过过滤
🎾 [球检测-帧38] 球 2: (695,489) ❌ 半径8px超出范围[9-45]
🎾 [球检测-帧38] 噪点过滤完成: 2 → 1 个球
🎾 [球检测-帧38] HSV检测结果: 1 个球
🎾 [球检测-帧38] 球 1: (691,513) ✅ 在边界内
🎾 [球检测-帧38] 边界过滤: 1 → 1 个球
🎾 [球检测-帧38] 最终检测结果: 1 个球
🎾 [球检测-帧39] 开始球检测 (帧尺寸: 1280x720)
🎾 [球检测-帧39] 图像预处理: 1280x720 → 640x360
🎾 [球检测-帧39] HSV颜色范围: [20,50,50] - [70,255,255]
🎾 [球检测-帧39] 颜色匹配像素数: 223687
🎾 [球检测-帧39] 面积阈值(缩放后): min=25 max=500
🎾 [球检测-帧39] 区域面积过滤: 面积67415.5px 超出范围[25-500]
🎾 [球检测-帧39] 区域面积过滤: 面积67906.0px 超出范围[25-500]
🎾 [球检测-帧39] 区域面积过滤: 面积42437.0px 超出范围[25-500]
🎾 [球检测-帧39] 区域面积过滤: 面积43873.0px 超出范围[25-500]
🎾 [球检测-帧39] 面积过滤后有效区域数: 1
🎾 [球检测-帧39] 形态学清理后像素数: 263 (减少了223424)
🎾 [球检测-帧39] Hough参数(缩放后): minR=4, maxR=22, minDist=12
🎾 [球检测-帧39] Hough圆检测找到: 2 个圆
🎾 [球检测-帧39] 圆 1: 位置(691,513), 半径12px
🎾 [球检测-帧39] 圆 1: 质量分数 0.72
🎾 [球检测-帧39] 圆 2: 位置(695,489), 半径8px
🎾 [球检测-帧39] 圆 2: 质量分数 0.77
🎾 [球检测-帧39] 球 1: (691,513) ✅ 半径12px, 质量0.72, 圆度0.71, 边距207px 通过过滤
🎾 [球检测-帧39] 球 2: (695,489) ❌ 半径8px超出范围[9-45]
🎾 [球检测-帧39] 噪点过滤完成: 2 → 1 个球
🎾 [球检测-帧39] HSV检测结果: 1 个球
🎾 [球检测-帧39] 球 1: (691,513) ✅ 在边界内
🎾 [球检测-帧39] 边界过滤: 1 → 1 个球
🎾 [球检测-帧39] 最终检测结果: 1 个球
🎾 [球检测-帧40] 开始球检测 (帧尺寸: 1280x720)
🎾 [球检测-帧40] 图像预处理: 1280x720 → 640x360
🎾 [球检测-帧40] HSV颜色范围: [20,50,50] - [70,255,255]
🎾 [球检测-帧40] 颜色匹配像素数: 223689
🎾 [球检测-帧40] 面积阈值(缩放后): min=25 max=500
🎾 [球检测-帧40] 区域面积过滤: 面积67415.5px 超出范围[25-500]
🎾 [球检测-帧40] 区域面积过滤: 面积67906.0px 超出范围[25-500]
🎾 [球检测-帧40] 区域面积过滤: 面积42437.0px 超出范围[25-500]
🎾 [球检测-帧40] 区域面积过滤: 面积43873.0px 超出范围[25-500]
🎾 [球检测-帧40] 面积过滤后有效区域数: 1
🎾 [球检测-帧40] 形态学清理后像素数: 263 (减少了223426)
🎾 [球检测-帧40] Hough参数(缩放后): minR=4, maxR=22, minDist=12
🎾 [球检测-帧40] Hough圆检测找到: 2 个圆
🎾 [球检测-帧40] 圆 1: 位置(691,513), 半径12px
🎾 [球检测-帧40] 圆 1: 质量分数 0.72
🎾 [球检测-帧40] 圆 2: 位置(695,489), 半径8px
🎾 [球检测-帧40] 圆 2: 质量分数 0.77
🎾 [球检测-帧40] 球 1: (691,513) ✅ 半径12px, 质量0.72, 圆度0.71, 边距207px 通过过滤
🎾 [球检测-帧40] 球 2: (695,489) ❌ 半径8px超出范围[9-45]
🎾 [球检测-帧40] 噪点过滤完成: 2 → 1 个球
🎾 [球检测-帧40] HSV检测结果: 1 个球
🎾 [球检测-帧40] 球 1: (691,513) ✅ 在边界内
🎾 [球检测-帧40] 边界过滤: 1 → 1 个球
🎾 [球检测-帧40] 最终检测结果: 1 个球
🎾 [球检测-帧40] 调试帧已保存: debug_frames/ball_debug_frame_0040.jpg
🎾 [球检测-帧41] 开始球检测 (帧尺寸: 1280x720)
🎾 [球检测-帧41] 图像预处理: 1280x720 → 640x360
🎾 [球检测-帧41] HSV颜色范围: [20,50,50] - [70,255,255]
🎾 [球检测-帧41] 颜色匹配像素数: 223691
🎾 [球检测-帧41] 面积阈值(缩放后): min=25 max=500
🎾 [球检测-帧41] 区域面积过滤: 面积67415.5px 超出范围[25-500]
🎾 [球检测-帧41] 区域面积过滤: 面积67906.0px 超出范围[25-500]
🎾 [球检测-帧41] 区域面积过滤: 面积42437.0px 超出范围[25-500]
🎾 [球检测-帧41] 区域面积过滤: 面积43873.0px 超出范围[25-500]
🎾 [球检测-帧41] 面积过滤后有效区域数: 1
🎾 [球检测-帧41] 形态学清理后像素数: 263 (减少了223428)
🎾 [球检测-帧41] Hough参数(缩放后): minR=4, maxR=22, minDist=12
🎾 [球检测-帧41] Hough圆检测找到: 2 个圆
🎾 [球检测-帧41] 圆 1: 位置(691,513), 半径12px
🎾 [球检测-帧41] 圆 1: 质量分数 0.72
🎾 [球检测-帧41] 圆 2: 位置(695,489), 半径8px
🎾 [球检测-帧41] 圆 2: 质量分数 0.77
🎾 [球检测-帧41] 球 1: (691,513) ✅ 半径12px, 质量0.72, 圆度0.71, 边距207px 通过过滤
🎾 [球检测-帧41] 球 2: (695,489) ❌ 半径8px超出范围[9-45]
🎾 [球检测-帧41] 噪点过滤完成: 2 → 1 个球
🎾 [球检测-帧41] HSV检测结果: 1 个球
🎾 [球检测-帧41] 球 1: (691,513) ✅ 在边界内
🎾 [球检测-帧41] 边界过滤: 1 → 1 个球
🎾 [球检测-帧41] 最终检测结果: 1 个球
🎾 [球检测-帧42] 开始球检测 (帧尺寸: 1280x720)
🎾 [球检测-帧42] 图像预处理: 1280x720 → 640x360
🎾 [球检测-帧42] HSV颜色范围: [20,50,50] - [70,255,255]
🎾 [球检测-帧42] 颜色匹配像素数: 223690
🎾 [球检测-帧42] 面积阈值(缩放后): min=25 max=500
🎾 [球检测-帧42] 区域面积过滤: 面积67415.5px 超出范围[25-500]
🎾 [球检测-帧42] 区域面积过滤: 面积67906.0px 超出范围[25-500]
🎾 [球检测-帧42] 区域面积过滤: 面积42437.0px 超出范围[25-500]
🎾 [球检测-帧42] 区域面积过滤: 面积43873.0px 超出范围[25-500]
🎾 [球检测-帧42] 面积过滤后有效区域数: 1
🎾 [球检测-帧42] 形态学清理后像素数: 263 (减少了223427)
🎾 [球检测-帧42] Hough参数(缩放后): minR=4, maxR=22, minDist=12
🎾 [球检测-帧42] Hough圆检测找到: 2 个圆
🎾 [球检测-帧42] 圆 1: 位置(691,513), 半径12px
🎾 [球检测-帧42] 圆 1: 质量分数 0.72
🎾 [球检测-帧42] 圆 2: 位置(695,489), 半径8px
🎾 [球检测-帧42] 圆 2: 质量分数 0.77
🎾 [球检测-帧42] 球 1: (691,513) ✅ 半径12px, 质量0.72, 圆度0.71, 边距207px 通过过滤
🎾 [球检测-帧42] 球 2: (695,489) ❌ 半径8px超出范围[9-45]
🎾 [球检测-帧42] 噪点过滤完成: 2 → 1 个球
🎾 [球检测-帧42] HSV检测结果: 1 个球
🎾 [球检测-帧42] 球 1: (691,513) ✅ 在边界内
🎾 [球检测-帧42] 边界过滤: 1 → 1 个球
🎾 [球检测-帧42] 最终检测结果: 1 个球
🎾 [球检测-帧43] 开始球检测 (帧尺寸: 1280x720)
🎾 [球检测-帧43] 图像预处理: 1280x720 → 640x360
🎾 [球检测-帧43] HSV颜色范围: [20,50,50] - [70,255,255]
🎾 [球检测-帧43] 颜色匹配像素数: 223674
🎾 [球检测-帧43] 面积阈值(缩放后): min=25 max=500
🎾 [球检测-帧43] 区域面积过滤: 面积67415.5px 超出范围[25-500]
🎾 [球检测-帧43] 区域面积过滤: 面积67906.0px 超出范围[25-500]
🎾 [球检测-帧43] 区域面积过滤: 面积42437.0px 超出范围[25-500]
🎾 [球检测-帧43] 区域面积过滤: 面积43873.0px 超出范围[25-500]
🎾 [球检测-帧43] 面积过滤后有效区域数: 1
🎾 [球检测-帧43] 形态学清理后像素数: 263 (减少了223411)
🎾 [球检测-帧43] Hough参数(缩放后): minR=4, maxR=22, minDist=12
🎾 [球检测-帧43] Hough圆检测找到: 2 个圆
🎾 [球检测-帧43] 圆 1: 位置(691,513), 半径12px
🎾 [球检测-帧43] 圆 1: 质量分数 0.72
🎾 [球检测-帧43] 圆 2: 位置(695,489), 半径8px
🎾 [球检测-帧43] 圆 2: 质量分数 0.77
🎾 [球检测-帧43] 球 1: (691,513) ✅ 半径12px, 质量0.72, 圆度0.71, 边距207px 通过过滤
🎾 [球检测-帧43] 球 2: (695,489) ❌ 半径8px超出范围[9-45]
🎾 [球检测-帧43] 噪点过滤完成: 2 → 1 个球
🎾 [球检测-帧43] HSV检测结果: 1 个球
🎾 [球检测-帧43] 球 1: (691,513) ✅ 在边界内
🎾 [球检测-帧43] 边界过滤: 1 → 1 个球
🎾 [球检测-帧43] 最终检测结果: 1 个球
🎾 [球检测-帧44] 开始球检测 (帧尺寸: 1280x720)
🎾 [球检测-帧44] 图像预处理: 1280x720 → 640x360
🎾 [球检测-帧44] HSV颜色范围: [20,50,50] - [70,255,255]
🎾 [球检测-帧44] 颜色匹配像素数: 223683
🎾 [球检测-帧44] 面积阈值(缩放后): min=25 max=500
🎾 [球检测-帧44] 区域面积过滤: 面积67414.5px 超出范围[25-500]
🎾 [球检测-帧44] 区域面积过滤: 面积67906.0px 超出范围[25-500]
🎾 [球检测-帧44] 区域面积过滤: 面积42437.0px 超出范围[25-500]
🎾 [球检测-帧44] 区域面积过滤: 面积43873.0px 超出范围[25-500]
🎾 [球检测-帧44] 面积过滤后有效区域数: 1
🎾 [球检测-帧44] 形态学清理后像素数: 264 (减少了223419)
🎾 [球检测-帧44] Hough参数(缩放后): minR=4, maxR=22, minDist=12
🎾 [球检测-帧44] Hough圆检测找到: 2 个圆
🎾 [球检测-帧44] 圆 1: 位置(693,493), 半径12px
🎾 [球检测-帧44] 圆 1: 质量分数 0.73
🎾 [球检测-帧44] 圆 2: 位置(695,519), 半径8px
🎾 [球检测-帧44] 圆 2: 质量分数 0.69
🎾 [球检测-帧44] 球 1: (693,493) ❌ 圆度0.54低于0.58
🎾 [球检测-帧44] 球 2: (695,519) ❌ 半径8px超出范围[9-45]
🎾 [球检测-帧44] 噪点过滤完成: 2 → 0 个球
🎾 [球检测-帧44] HSV检测结果: 0 个球
🎾 [球检测-帧44] 边界过滤: 0 → 0 个球
🎾 [球检测-帧44] 最终检测结果: 0 个球
🎾 [球检测-帧45] 开始球检测 (帧尺寸: 1280x720)
🎾 [球检测-帧45] 图像预处理: 1280x720 → 640x360
🎾 [球检测-帧45] HSV颜色范围: [20,50,50] - [70,255,255]
🎾 [球检测-帧45] 颜色匹配像素数: 223670
🎾 [球检测-帧45] 面积阈值(缩放后): min=25 max=500
🎾 [球检测-帧45] 区域面积过滤: 面积67414.5px 超出范围[25-500]
🎾 [球检测-帧45] 区域面积过滤: 面积67906.0px 超出范围[25-500]
🎾 [球检测-帧45] 区域面积过滤: 面积42437.0px 超出范围[25-500]
🎾 [球检测-帧45] 区域面积过滤: 面积43873.0px 超出范围[25-500]
🎾 [球检测-帧45] 面积过滤后有效区域数: 1
🎾 [球检测-帧45] 形态学清理后像素数: 264 (减少了223406)
🎾 [球检测-帧45] Hough参数(缩放后): minR=4, maxR=22, minDist=12
🎾 [球检测-帧45] Hough圆检测找到: 2 个圆
🎾 [球检测-帧45] 圆 1: 位置(693,493), 半径12px
🎾 [球检测-帧45] 圆 1: 质量分数 0.73
🎾 [球检测-帧45] 圆 2: 位置(695,519), 半径8px
🎾 [球检测-帧45] 圆 2: 质量分数 0.69
🎾 [球检测-帧45] 球 1: (693,493) ❌ 圆度0.54低于0.58
🎾 [球检测-帧45] 球 2: (695,519) ❌ 半径8px超出范围[9-45]
🎾 [球检测-帧45] 噪点过滤完成: 2 → 0 个球
🎾 [球检测-帧45] HSV检测结果: 0 个球
🎾 [球检测-帧45] 边界过滤: 0 → 0 个球
🎾 [球检测-帧45] 最终检测结果: 0 个球
🎾 [球检测-帧46] 开始球检测 (帧尺寸: 1280x720)
🎾 [球检测-帧46] 图像预处理: 1280x720 → 640x360
🎾 [球检测-帧46] HSV颜色范围: [20,50,50] - [70,255,255]
🎾 [球检测-帧46] 颜色匹配像素数: 223679
🎾 [球检测-帧46] 面积阈值(缩放后): min=25 max=500
🎾 [球检测-帧46] 区域面积过滤: 面积67414.5px 超出范围[25-500]
🎾 [球检测-帧46] 区域面积过滤: 面积67906.0px 超出范围[25-500]
🎾 [球检测-帧46] 区域面积过滤: 面积42437.0px 超出范围[25-500]
🎾 [球检测-帧46] 区域面积过滤: 面积43873.0px 超出范围[25-500]
🎾 [球检测-帧46] 面积过滤后有效区域数: 1
🎾 [球检测-帧46] 形态学清理后像素数: 264 (减少了223415)
🎾 [球检测-帧46] Hough参数(缩放后): minR=4, maxR=22, minDist=12
🎾 [球检测-帧46] Hough圆检测找到: 2 个圆
🎾 [球检测-帧46] 圆 1: 位置(693,493), 半径12px
🎾 [球检测-帧46] 圆 1: 质量分数 0.73
🎾 [球检测-帧46] 圆 2: 位置(695,519), 半径8px
🎾 [球检测-帧46] 圆 2: 质量分数 0.69
🎾 [球检测-帧46] 球 1: (693,493) ❌ 圆度0.54低于0.58
🎾 [球检测-帧46] 球 2: (695,519) ❌ 半径8px超出范围[9-45]
🎾 [球检测-帧46] 噪点过滤完成: 2 → 0 个球
🎾 [球检测-帧46] HSV检测结果: 0 个球
🎾 [球检测-帧46] 边界过滤: 0 → 0 个球
🎾 [球检测-帧46] 最终检测结果: 0 个球
🎾 [球检测-帧47] 开始球检测 (帧尺寸: 1280x720)
🎾 [球检测-帧47] 图像预处理: 1280x720 → 640x360
🎾 [球检测-帧47] HSV颜色范围: [20,50,50] - [70,255,255]
🎾 [球检测-帧47] 颜色匹配像素数: 223675
🎾 [球检测-帧47] 面积阈值(缩放后): min=25 max=500
🎾 [球检测-帧47] 区域面积过滤: 面积67414.5px 超出范围[25-500]
🎾 [球检测-帧47] 区域面积过滤: 面积67906.0px 超出范围[25-500]
🎾 [球检测-帧47] 区域面积过滤: 面积42437.0px 超出范围[25-500]
🎾 [球检测-帧47] 区域面积过滤: 面积43873.0px 超出范围[25-500]
🎾 [球检测-帧47] 面积过滤后有效区域数: 1
🎾 [球检测-帧47] 形态学清理后像素数: 264 (减少了223411)
🎾 [球检测-帧47] Hough参数(缩放后): minR=4, maxR=22, minDist=12
🎾 [球检测-帧47] Hough圆检测找到: 2 个圆
🎾 [球检测-帧47] 圆 1: 位置(693,493), 半径12px
🎾 [球检测-帧47] 圆 1: 质量分数 0.73
🎾 [球检测-帧47] 圆 2: 位置(695,519), 半径8px
🎾 [球检测-帧47] 圆 2: 质量分数 0.69
🎾 [球检测-帧47] 球 1: (693,493) ❌ 圆度0.54低于0.58
🎾 [球检测-帧47] 球 2: (695,519) ❌ 半径8px超出范围[9-45]
🎾 [球检测-帧47] 噪点过滤完成: 2 → 0 个球
🎾 [球检测-帧47] HSV检测结果: 0 个球
🎾 [球检测-帧47] 边界过滤: 0 → 0 个球
🎾 [球检测-帧47] 最终检测结果: 0 个球
🎾 [球检测-帧48] 开始球检测 (帧尺寸: 1280x720)
🎾 [球检测-帧48] 图像预处理: 1280x720 → 640x360
🎾 [球检测-帧48] HSV颜色范围: [20,50,50] - [70,255,255]
🎾 [球检测-帧48] 颜色匹配像素数: 223688
🎾 [球检测-帧48] 面积阈值(缩放后): min=25 max=500
🎾 [球检测-帧48] 区域面积过滤: 面积67414.5px 超出范围[25-500]
🎾 [球检测-帧48] 区域面积过滤: 面积67906.0px 超出范围[25-500]
🎾 [球检测-帧48] 区域面积过滤: 面积42437.0px 超出范围[25-500]
🎾 [球检测-帧48] 区域面积过滤: 面积43873.0px 超出范围[25-500]
🎾 [球检测-帧48] 面积过滤后有效区域数: 1
🎾 [球检测-帧48] 形态学清理后像素数: 264 (减少了223424)
🎾 [球检测-帧48] Hough参数(缩放后): minR=4, maxR=22, minDist=12
🎾 [球检测-帧48] Hough圆检测找到: 2 个圆
🎾 [球检测-帧48] 圆 1: 位置(693,493), 半径12px
🎾 [球检测-帧48] 圆 1: 质量分数 0.73
🎾 [球检测-帧48] 圆 2: 位置(695,519), 半径8px
🎾 [球检测-帧48] 圆 2: 质量分数 0.69
🎾 [球检测-帧48] 球 1: (693,493) ❌ 圆度0.54低于0.58
🎾 [球检测-帧48] 球 2: (695,519) ❌ 半径8px超出范围[9-45]
🎾 [球检测-帧48] 噪点过滤完成: 2 → 0 个球
🎾 [球检测-帧48] HSV检测结果: 0 个球
🎾 [球检测-帧48] 边界过滤: 0 → 0 个球
🎾 [球检测-帧48] 最终检测结果: 0 个球
🎾 [球检测-帧49] 开始球检测 (帧尺寸: 1280x720)
🎾 [球检测-帧49] 图像预处理: 1280x720 → 640x360
🎾 [球检测-帧49] HSV颜色范围: [20,50,50] - [70,255,255]
🎾 [球检测-帧49] 颜色匹配像素数: 223667
🎾 [球检测-帧49] 面积阈值(缩放后): min=25 max=500
🎾 [球检测-帧49] 区域面积过滤: 面积67415.0px 超出范围[25-500]
🎾 [球检测-帧49] 区域面积过滤: 面积67906.0px 超出范围[25-500]
🎾 [球检测-帧49] 区域面积过滤: 面积42437.0px 超出范围[25-500]
🎾 [球检测-帧49] 区域面积过滤: 面积43873.0px 超出范围[25-500]
🎾 [球检测-帧49] 面积过滤后有效区域数: 1
🎾 [球检测-帧49] 形态学清理后像素数: 263 (减少了223404)
🎾 [球检测-帧49] Hough参数(缩放后): minR=4, maxR=22, minDist=12
🎾 [球检测-帧49] Hough圆检测找到: 2 个圆
🎾 [球检测-帧49] 圆 1: 位置(695,515), 半径14px
🎾 [球检测-帧49] 圆 1: 质量分数 0.73
🎾 [球检测-帧49] 圆 2: 位置(671,503), 半径11px
🎾 [球检测-帧49] 圆 2: 质量分数 0.60
🎾 [球检测-帧49] 球 1: (695,515) ✅ 半径14px, 质量0.73, 圆度0.79, 边距205px 通过过滤
🎾 [球检测-帧49] 球 2: (671,503) ✅ 半径11px, 质量0.60, 圆度0.67, 边距217px 通过过滤
🎾 [球检测-帧49] 噪点过滤完成: 2 → 2 个球
🎾 [球检测-帧49] HSV检测结果: 1 个球
🎾 [球检测-帧49] 球 1: (695,515) ✅ 在边界内
🎾 [球检测-帧49] 边界过滤: 1 → 1 个球
🎾 [球检测-帧49] 最终检测结果: 1 个球
🎾 [球检测-帧50] 开始球检测 (帧尺寸: 1280x720)
🎾 [球检测-帧50] 图像预处理: 1280x720 → 640x360
🎾 [球检测-帧50] HSV颜色范围: [20,50,50] - [70,255,255]
🎾 [球检测-帧50] 颜色匹配像素数: 223669
🎾 [球检测-帧50] 面积阈值(缩放后): min=25 max=500
🎾 [球检测-帧50] 区域面积过滤: 面积67417.5px 超出范围[25-500]
🎾 [球检测-帧50] 区域面积过滤: 面积67906.0px 超出范围[25-500]
🎾 [球检测-帧50] 区域面积过滤: 面积42437.0px 超出范围[25-500]
🎾 [球检测-帧50] 区域面积过滤: 面积43873.0px 超出范围[25-500]
🎾 [球检测-帧50] 面积过滤后有效区域数: 1
🎾 [球检测-帧50] 形态学清理后像素数: 257 (减少了223412)
🎾 [球检测-帧50] Hough参数(缩放后): minR=4, maxR=22, minDist=12
🎾 [球检测-帧50] Hough圆检测找到: 1 个圆
🎾 [球检测-帧50] 圆 1: 位置(693,513), 半径14px
🎾 [球检测-帧50] 圆 1: 质量分数 0.71
🎾 [球检测-帧50] 球 1: (693,513) ✅ 半径14px, 质量0.71, 圆度0.75, 边距207px 通过过滤
🎾 [球检测-帧50] 噪点过滤完成: 1 → 1 个球
🎾 [球检测-帧50] HSV检测结果: 1 个球
🎾 [球检测-帧50] 球 1: (693,513) ✅ 在边界内
🎾 [球检测-帧50] 边界过滤: 1 → 1 个球
🎾 [球检测-帧50] 最终检测结果: 1 个球
🎾 [球检测-帧50] 调试帧已保存: debug_frames/ball_debug_frame_0050.jpg
🎾 [球检测-帧51] 开始球检测 (帧尺寸: 1280x720)
🎾 [球检测-帧51] 图像预处理: 1280x720 → 640x360
🎾 [球检测-帧51] HSV颜色范围: [20,50,50] - [70,255,255]
🎾 [球检测-帧51] 颜色匹配像素数: 223701
🎾 [球检测-帧51] 面积阈值(缩放后): min=25 max=500
🎾 [球检测-帧51] 区域面积过滤: 面积67417.5px 超出范围[25-500]
🎾 [球检测-帧51] 区域面积过滤: 面积67906.0px 超出范围[25-500]
🎾 [球检测-帧51] 区域面积过滤: 面积42437.0px 超出范围[25-500]
🎾 [球检测-帧51] 区域面积过滤: 面积43873.0px 超出范围[25-500]
🎾 [球检测-帧51] 面积过滤后有效区域数: 1
🎾 [球检测-帧51] 形态学清理后像素数: 257 (减少了223444)
🎾 [球检测-帧51] Hough参数(缩放后): minR=4, maxR=22, minDist=12
🎾 [球检测-帧51] Hough圆检测找到: 1 个圆
🎾 [球检测-帧51] 圆 1: 位置(693,513), 半径14px
🎾 [球检测-帧51] 圆 1: 质量分数 0.71
🎾 [球检测-帧51] 球 1: (693,513) ✅ 半径14px, 质量0.71, 圆度0.75, 边距207px 通过过滤
🎾 [球检测-帧51] 噪点过滤完成: 1 → 1 个球
🎾 [球检测-帧51] HSV检测结果: 1 个球
🎾 [球检测-帧51] 球 1: (693,513) ✅ 在边界内
🎾 [球检测-帧51] 边界过滤: 1 → 1 个球
🎾 [球检测-帧51] 最终检测结果: 1 个球
🎾 [球检测-帧52] 开始球检测 (帧尺寸: 1280x720)
🎾 [球检测-帧52] 图像预处理: 1280x720 → 640x360
🎾 [球检测-帧52] HSV颜色范围: [20,50,50] - [70,255,255]
🎾 [球检测-帧52] 颜色匹配像素数: 223695
🎾 [球检测-帧52] 面积阈值(缩放后): min=25 max=500
🎾 [球检测-帧52] 区域面积过滤: 面积67417.5px 超出范围[25-500]
🎾 [球检测-帧52] 区域面积过滤: 面积67906.0px 超出范围[25-500]
🎾 [球检测-帧52] 区域面积过滤: 面积42437.0px 超出范围[25-500]
🎾 [球检测-帧52] 区域面积过滤: 面积43873.0px 超出范围[25-500]
🎾 [球检测-帧52] 面积过滤后有效区域数: 1
🎾 [球检测-帧52] 形态学清理后像素数: 257 (减少了223438)
🎾 [球检测-帧52] Hough参数(缩放后): minR=4, maxR=22, minDist=12
🎾 [球检测-帧52] Hough圆检测找到: 1 个圆
🎾 [球检测-帧52] 圆 1: 位置(693,513), 半径14px
🎾 [球检测-帧52] 圆 1: 质量分数 0.71
🎾 [球检测-帧52] 球 1: (693,513) ✅ 半径14px, 质量0.71, 圆度0.75, 边距207px 通过过滤
🎾 [球检测-帧52] 噪点过滤完成: 1 → 1 个球
🎾 [球检测-帧52] HSV检测结果: 1 个球
🎾 [球检测-帧52] 球 1: (693,513) ✅ 在边界内
🎾 [球检测-帧52] 边界过滤: 1 → 1 个球
🎾 [球检测-帧52] 最终检测结果: 1 个球
🎾 [球检测-帧53] 开始球检测 (帧尺寸: 1280x720)
🎾 [球检测-帧53] 图像预处理: 1280x720 → 640x360
🎾 [球检测-帧53] HSV颜色范围: [20,50,50] - [70,255,255]
🎾 [球检测-帧53] 颜色匹配像素数: 223692
🎾 [球检测-帧53] 面积阈值(缩放后): min=25 max=500
🎾 [球检测-帧53] 区域面积过滤: 面积67417.5px 超出范围[25-500]
🎾 [球检测-帧53] 区域面积过滤: 面积67906.0px 超出范围[25-500]
🎾 [球检测-帧53] 区域面积过滤: 面积42437.0px 超出范围[25-500]
🎾 [球检测-帧53] 区域面积过滤: 面积43873.0px 超出范围[25-500]
🎾 [球检测-帧53] 面积过滤后有效区域数: 1
🎾 [球检测-帧53] 形态学清理后像素数: 257 (减少了223435)
🎾 [球检测-帧53] Hough参数(缩放后): minR=4, maxR=22, minDist=12
🎾 [球检测-帧53] Hough圆检测找到: 1 个圆
🎾 [球检测-帧53] 圆 1: 位置(693,513), 半径14px
🎾 [球检测-帧53] 圆 1: 质量分数 0.71
🎾 [球检测-帧53] 球 1: (693,513) ✅ 半径14px, 质量0.71, 圆度0.75, 边距207px 通过过滤
🎾 [球检测-帧53] 噪点过滤完成: 1 → 1 个球
🎾 [球检测-帧53] HSV检测结果: 1 个球
🎾 [球检测-帧53] 球 1: (693,513) ✅ 在边界内
🎾 [球检测-帧53] 边界过滤: 1 → 1 个球
🎾 [球检测-帧53] 最终检测结果: 1 个球
🎾 [球检测-帧54] 开始球检测 (帧尺寸: 1280x720)
🎾 [球检测-帧54] 图像预处理: 1280x720 → 640x360
🎾 [球检测-帧54] HSV颜色范围: [20,50,50] - [70,255,255]
🎾 [球检测-帧54] 颜色匹配像素数: 223703
🎾 [球检测-帧54] 面积阈值(缩放后): min=25 max=500
🎾 [球检测-帧54] 区域面积过滤: 面积67421.5px 超出范围[25-500]
🎾 [球检测-帧54] 区域面积过滤: 面积67906.0px 超出范围[25-500]
🎾 [球检测-帧54] 区域面积过滤: 面积42437.0px 超出范围[25-500]
🎾 [球检测-帧54] 区域面积过滤: 面积43873.0px 超出范围[25-500]
🎾 [球检测-帧54] 面积过滤后有效区域数: 1
🎾 [球检测-帧54] 形态学清理后像素数: 261 (减少了223442)
🎾 [球检测-帧54] Hough参数(缩放后): minR=4, maxR=22, minDist=12
🎾 [球检测-帧54] Hough圆检测找到: 2 个圆
🎾 [球检测-帧54] 圆 1: 位置(691,495), 半径12px
🎾 [球检测-帧54] 圆 1: 质量分数 0.68
🎾 [球检测-帧54] 圆 2: 位置(691,519), 半径12px
🎾 [球检测-帧54] 圆 2: 质量分数 0.71
🎾 [球检测-帧54] 球 1: (691,495) ✅ 半径12px, 质量0.68, 圆度0.61, 边距225px 通过过滤
🎾 [球检测-帧54] 球 2: (691,519) ✅ 半径12px, 质量0.71, 圆度0.77, 边距201px 通过过滤
🎾 [球检测-帧54] 噪点过滤完成: 2 → 2 个球
🎾 [球检测-帧54] HSV检测结果: 1 个球
🎾 [球检测-帧54] 球 1: (691,495) ✅ 在边界内
🎾 [球检测-帧54] 边界过滤: 1 → 1 个球
🎾 [球检测-帧54] 最终检测结果: 1 个球
🎾 [球检测-帧55] 开始球检测 (帧尺寸: 1280x720)
🎾 [球检测-帧55] 图像预处理: 1280x720 → 640x360
🎾 [球检测-帧55] HSV颜色范围: [20,50,50] - [70,255,255]
🎾 [球检测-帧55] 颜色匹配像素数: 223690
🎾 [球检测-帧55] 面积阈值(缩放后): min=25 max=500
🎾 [球检测-帧55] 区域面积过滤: 面积67421.5px 超出范围[25-500]
🎾 [球检测-帧55] 区域面积过滤: 面积67906.0px 超出范围[25-500]
🎾 [球检测-帧55] 区域面积过滤: 面积42437.0px 超出范围[25-500]
🎾 [球检测-帧55] 区域面积过滤: 面积43873.0px 超出范围[25-500]
🎾 [球检测-帧55] 面积过滤后有效区域数: 1
🎾 [球检测-帧55] 形态学清理后像素数: 261 (减少了223429)
🎾 [球检测-帧55] Hough参数(缩放后): minR=4, maxR=22, minDist=12
🎾 [球检测-帧55] Hough圆检测找到: 2 个圆
🎾 [球检测-帧55] 圆 1: 位置(691,495), 半径12px
🎾 [球检测-帧55] 圆 1: 质量分数 0.68
🎾 [球检测-帧55] 圆 2: 位置(691,519), 半径12px
🎾 [球检测-帧55] 圆 2: 质量分数 0.71
🎾 [球检测-帧55] 球 1: (691,495) ✅ 半径12px, 质量0.68, 圆度0.61, 边距225px 通过过滤
🎾 [球检测-帧55] 球 2: (691,519) ✅ 半径12px, 质量0.71, 圆度0.77, 边距201px 通过过滤
🎾 [球检测-帧55] 噪点过滤完成: 2 → 2 个球
🎾 [球检测-帧55] HSV检测结果: 1 个球
🎾 [球检测-帧55] 球 1: (691,495) ✅ 在边界内
🎾 [球检测-帧55] 边界过滤: 1 → 1 个球
🎾 [球检测-帧55] 最终检测结果: 1 个球
🎾 [球检测-帧56] 开始球检测 (帧尺寸: 1280x720)
🎾 [球检测-帧56] 图像预处理: 1280x720 → 640x360
🎾 [球检测-帧56] HSV颜色范围: [20,50,50] - [70,255,255]
🎾 [球检测-帧56] 颜色匹配像素数: 223701
🎾 [球检测-帧56] 面积阈值(缩放后): min=25 max=500
🎾 [球检测-帧56] 区域面积过滤: 面积67421.5px 超出范围[25-500]
🎾 [球检测-帧56] 区域面积过滤: 面积67906.0px 超出范围[25-500]
🎾 [球检测-帧56] 区域面积过滤: 面积42437.0px 超出范围[25-500]
🎾 [球检测-帧56] 区域面积过滤: 面积43873.0px 超出范围[25-500]
🎾 [球检测-帧56] 面积过滤后有效区域数: 1
🎾 [球检测-帧56] 形态学清理后像素数: 261 (减少了223440)
🎾 [球检测-帧56] Hough参数(缩放后): minR=4, maxR=22, minDist=12
🎾 [球检测-帧56] Hough圆检测找到: 2 个圆
🎾 [球检测-帧56] 圆 1: 位置(691,495), 半径12px
🎾 [球检测-帧56] 圆 1: 质量分数 0.68
🎾 [球检测-帧56] 圆 2: 位置(691,519), 半径12px
🎾 [球检测-帧56] 圆 2: 质量分数 0.71
🎾 [球检测-帧56] 球 1: (691,495) ✅ 半径12px, 质量0.68, 圆度0.61, 边距225px 通过过滤
🎾 [球检测-帧56] 球 2: (691,519) ✅ 半径12px, 质量0.71, 圆度0.77, 边距201px 通过过滤
🎾 [球检测-帧56] 噪点过滤完成: 2 → 2 个球
🎾 [球检测-帧56] HSV检测结果: 1 个球
🎾 [球检测-帧56] 球 1: (691,495) ✅ 在边界内
🎾 [球检测-帧56] 边界过滤: 1 → 1 个球
🎾 [球检测-帧56] 最终检测结果: 1 个球
🎾 [球检测-帧57] 开始球检测 (帧尺寸: 1280x720)
🎾 [球检测-帧57] 图像预处理: 1280x720 → 640x360
🎾 [球检测-帧57] HSV颜色范围: [20,50,50] - [70,255,255]
🎾 [球检测-帧57] 颜色匹配像素数: 223687
🎾 [球检测-帧57] 面积阈值(缩放后): min=25 max=500
🎾 [球检测-帧57] 区域面积过滤: 面积67421.5px 超出范围[25-500]
🎾 [球检测-帧57] 区域面积过滤: 面积67906.0px 超出范围[25-500]
🎾 [球检测-帧57] 区域面积过滤: 面积42437.0px 超出范围[25-500]
🎾 [球检测-帧57] 区域面积过滤: 面积43873.0px 超出范围[25-500]
🎾 [球检测-帧57] 面积过滤后有效区域数: 1
🎾 [球检测-帧57] 形态学清理后像素数: 261 (减少了223426)
🎾 [球检测-帧57] Hough参数(缩放后): minR=4, maxR=22, minDist=12
🎾 [球检测-帧57] Hough圆检测找到: 2 个圆
🎾 [球检测-帧57] 圆 1: 位置(691,495), 半径12px
🎾 [球检测-帧57] 圆 1: 质量分数 0.68
🎾 [球检测-帧57] 圆 2: 位置(691,519), 半径12px
🎾 [球检测-帧57] 圆 2: 质量分数 0.71
🎾 [球检测-帧57] 球 1: (691,495) ✅ 半径12px, 质量0.68, 圆度0.61, 边距225px 通过过滤
🎾 [球检测-帧57] 球 2: (691,519) ✅ 半径12px, 质量0.71, 圆度0.77, 边距201px 通过过滤
🎾 [球检测-帧57] 噪点过滤完成: 2 → 2 个球
🎾 [球检测-帧57] HSV检测结果: 1 个球
🎾 [球检测-帧57] 球 1: (691,495) ✅ 在边界内
🎾 [球检测-帧57] 边界过滤: 1 → 1 个球
🎾 [球检测-帧57] 最终检测结果: 1 个球
🎾 [球检测-帧58] 开始球检测 (帧尺寸: 1280x720)
🎾 [球检测-帧58] 图像预处理: 1280x720 → 640x360
🎾 [球检测-帧58] HSV颜色范围: [20,50,50] - [70,255,255]
🎾 [球检测-帧58] 颜色匹配像素数: 223699
🎾 [球检测-帧58] 面积阈值(缩放后): min=25 max=500
🎾 [球检测-帧58] 区域面积过滤: 面积67424.0px 超出范围[25-500]
🎾 [球检测-帧58] 区域面积过滤: 面积67906.0px 超出范围[25-500]
🎾 [球检测-帧58] 区域面积过滤: 面积42437.0px 超出范围[25-500]
🎾 [球检测-帧58] 区域面积过滤: 面积43873.0px 超出范围[25-500]
🎾 [球检测-帧58] 面积过滤后有效区域数: 1
🎾 [球检测-帧58] 形态学清理后像素数: 254 (减少了223445)
🎾 [球检测-帧58] Hough参数(缩放后): minR=4, maxR=22, minDist=12
🎾 [球检测-帧58] Hough圆检测找到: 1 个圆
🎾 [球检测-帧58] 圆 1: 位置(693,513), 半径16px
🎾 [球检测-帧58] 圆 1: 质量分数 0.69
🎾 [球检测-帧58] 球 1: (693,513) ✅ 半径16px, 质量0.69, 圆度0.80, 边距207px 通过过滤
🎾 [球检测-帧58] 噪点过滤完成: 1 → 1 个球
🎾 [球检测-帧58] HSV检测结果: 1 个球
🎾 [球检测-帧58] 球 1: (693,513) ✅ 在边界内
🎾 [球检测-帧58] 边界过滤: 1 → 1 个球
🎾 [球检测-帧58] 最终检测结果: 1 个球
🎾 [球检测-帧59] 开始球检测 (帧尺寸: 1280x720)
🎾 [球检测-帧59] 图像预处理: 1280x720 → 640x360
🎾 [球检测-帧59] HSV颜色范围: [20,50,50] - [70,255,255]
🎾 [球检测-帧59] 颜色匹配像素数: 223688
🎾 [球检测-帧59] 面积阈值(缩放后): min=25 max=500
🎾 [球检测-帧59] 区域面积过滤: 面积67424.0px 超出范围[25-500]
🎾 [球检测-帧59] 区域面积过滤: 面积67906.0px 超出范围[25-500]
🎾 [球检测-帧59] 区域面积过滤: 面积42437.0px 超出范围[25-500]
🎾 [球检测-帧59] 区域面积过滤: 面积43873.0px 超出范围[25-500]
🎾 [球检测-帧59] 面积过滤后有效区域数: 1
🎾 [球检测-帧59] 形态学清理后像素数: 254 (减少了223434)
🎾 [球检测-帧59] Hough参数(缩放后): minR=4, maxR=22, minDist=12
🎾 [球检测-帧59] Hough圆检测找到: 1 个圆
🎾 [球检测-帧59] 圆 1: 位置(693,513), 半径16px
🎾 [球检测-帧59] 圆 1: 质量分数 0.69
🎾 [球检测-帧59] 球 1: (693,513) ✅ 半径16px, 质量0.69, 圆度0.80, 边距207px 通过过滤
🎾 [球检测-帧59] 噪点过滤完成: 1 → 1 个球
🎾 [球检测-帧59] HSV检测结果: 1 个球
🎾 [球检测-帧59] 球 1: (693,513) ✅ 在边界内
🎾 [球检测-帧59] 边界过滤: 1 → 1 个球
🎾 [球检测-帧59] 最终检测结果: 1 个球
🎾 [球检测-帧60] 开始球检测 (帧尺寸: 1280x720)
🎾 [球检测-帧60] 图像预处理: 1280x720 → 640x360
🎾 [球检测-帧60] HSV颜色范围: [20,50,50] - [70,255,255]
🎾 [球检测-帧60] 颜色匹配像素数: 223685
🎾 [球检测-帧60] 面积阈值(缩放后): min=25 max=500
🎾 [球检测-帧60] 区域面积过滤: 面积67424.0px 超出范围[25-500]
🎾 [球检测-帧60] 区域面积过滤: 面积67906.0px 超出范围[25-500]
🎾 [球检测-帧60] 区域面积过滤: 面积42437.0px 超出范围[25-500]
🎾 [球检测-帧60] 区域面积过滤: 面积43873.0px 超出范围[25-500]
🎾 [球检测-帧60] 面积过滤后有效区域数: 1
🎾 [球检测-帧60] 形态学清理后像素数: 254 (减少了223431)
🎾 [球检测-帧60] Hough参数(缩放后): minR=4, maxR=22, minDist=12
🎾 [球检测-帧60] Hough圆检测找到: 1 个圆
🎾 [球检测-帧60] 圆 1: 位置(693,513), 半径16px
🎾 [球检测-帧60] 圆 1: 质量分数 0.69
🎾 [球检测-帧60] 球 1: (693,513) ✅ 半径16px, 质量0.69, 圆度0.80, 边距207px 通过过滤
🎾 [球检测-帧60] 噪点过滤完成: 1 → 1 个球
🎾 [球检测-帧60] HSV检测结果: 1 个球
🎾 [球检测-帧60] 球 1: (693,513) ✅ 在边界内
🎾 [球检测-帧60] 边界过滤: 1 → 1 个球
🎾 [球检测-帧60] 最终检测结果: 1 个球
🎾 [球检测-帧60] 调试帧已保存: debug_frames/ball_debug_frame_0060.jpg
🎾 [球检测-帧61] 开始球检测 (帧尺寸: 1280x720)
🎾 [球检测-帧61] 图像预处理: 1280x720 → 640x360
🎾 [球检测-帧61] HSV颜色范围: [20,50,50] - [70,255,255]
🎾 [球检测-帧61] 颜色匹配像素数: 223695
🎾 [球检测-帧61] 面积阈值(缩放后): min=25 max=500
🎾 [球检测-帧61] 区域面积过滤: 面积67424.0px 超出范围[25-500]
🎾 [球检测-帧61] 区域面积过滤: 面积67906.0px 超出范围[25-500]
🎾 [球检测-帧61] 区域面积过滤: 面积42437.0px 超出范围[25-500]
🎾 [球检测-帧61] 区域面积过滤: 面积43873.0px 超出范围[25-500]
🎾 [球检测-帧61] 面积过滤后有效区域数: 1
🎾 [球检测-帧61] 形态学清理后像素数: 257 (减少了223438)
🎾 [球检测-帧61] Hough参数(缩放后): minR=4, maxR=22, minDist=12
🎾 [球检测-帧61] Hough圆检测找到: 2 个圆
🎾 [球检测-帧61] 圆 1: 位置(687,517), 半径14px
🎾 [球检测-帧61] 圆 1: 质量分数 0.71
🎾 [球检测-帧61] 圆 2: 位置(687,491), 半径10px
🎾 [球检测-帧61] 圆 2: 质量分数 0.65
🎾 [球检测-帧61] 球 1: (687,517) ✅ 半径14px, 质量0.71, 圆度0.77, 边距203px 通过过滤
🎾 [球检测-帧61] 球 2: (687,491) ✅ 半径10px, 质量0.65, 圆度0.61, 边距229px 通过过滤
🎾 [球检测-帧61] 噪点过滤完成: 2 → 2 个球
🎾 [球检测-帧61] HSV检测结果: 1 个球
🎾 [球检测-帧61] 球 1: (687,517) ✅ 在边界内
🎾 [球检测-帧61] 边界过滤: 1 → 1 个球
🎾 [球检测-帧61] 最终检测结果: 1 个球
🎾 [球检测-帧62] 开始球检测 (帧尺寸: 1280x720)
🎾 [球检测-帧62] 图像预处理: 1280x720 → 640x360
🎾 [球检测-帧62] HSV颜色范围: [20,50,50] - [70,255,255]
🎾 [球检测-帧62] 颜色匹配像素数: 223692
🎾 [球检测-帧62] 面积阈值(缩放后): min=25 max=500
🎾 [球检测-帧62] 区域面积过滤: 面积67424.0px 超出范围[25-500]
🎾 [球检测-帧62] 区域面积过滤: 面积67906.0px 超出范围[25-500]
🎾 [球检测-帧62] 区域面积过滤: 面积42437.0px 超出范围[25-500]
🎾 [球检测-帧62] 区域面积过滤: 面积43873.0px 超出范围[25-500]
🎾 [球检测-帧62] 面积过滤后有效区域数: 1
🎾 [球检测-帧62] 形态学清理后像素数: 257 (减少了223435)
🎾 [球检测-帧62] Hough参数(缩放后): minR=4, maxR=22, minDist=12
🎾 [球检测-帧62] Hough圆检测找到: 2 个圆
🎾 [球检测-帧62] 圆 1: 位置(687,517), 半径14px
🎾 [球检测-帧62] 圆 1: 质量分数 0.71
🎾 [球检测-帧62] 圆 2: 位置(687,491), 半径10px
🎾 [球检测-帧62] 圆 2: 质量分数 0.65
🎾 [球检测-帧62] 球 1: (687,517) ✅ 半径14px, 质量0.71, 圆度0.77, 边距203px 通过过滤
🎾 [球检测-帧62] 球 2: (687,491) ✅ 半径10px, 质量0.65, 圆度0.61, 边距229px 通过过滤
🎾 [球检测-帧62] 噪点过滤完成: 2 → 2 个球
🎾 [球检测-帧62] HSV检测结果: 1 个球
🎾 [球检测-帧62] 球 1: (687,517) ✅ 在边界内
🎾 [球检测-帧62] 边界过滤: 1 → 1 个球
🎾 [球检测-帧62] 最终检测结果: 1 个球
🎾 [球检测-帧63] 开始球检测 (帧尺寸: 1280x720)
🎾 [球检测-帧63] 图像预处理: 1280x720 → 640x360
🎾 [球检测-帧63] HSV颜色范围: [20,50,50] - [70,255,255]
🎾 [球检测-帧63] 颜色匹配像素数: 223689
🎾 [球检测-帧63] 面积阈值(缩放后): min=25 max=500
🎾 [球检测-帧63] 区域面积过滤: 面积67424.0px 超出范围[25-500]
🎾 [球检测-帧63] 区域面积过滤: 面积67906.0px 超出范围[25-500]
🎾 [球检测-帧63] 区域面积过滤: 面积42437.0px 超出范围[25-500]
🎾 [球检测-帧63] 区域面积过滤: 面积43873.0px 超出范围[25-500]
🎾 [球检测-帧63] 面积过滤后有效区域数: 1
🎾 [球检测-帧63] 形态学清理后像素数: 257 (减少了223432)
🎾 [球检测-帧63] Hough参数(缩放后): minR=4, maxR=22, minDist=12
🎾 [球检测-帧63] Hough圆检测找到: 2 个圆
🎾 [球检测-帧63] 圆 1: 位置(687,517), 半径14px
🎾 [球检测-帧63] 圆 1: 质量分数 0.71
🎾 [球检测-帧63] 圆 2: 位置(687,491), 半径10px
🎾 [球检测-帧63] 圆 2: 质量分数 0.65
🎾 [球检测-帧63] 球 1: (687,517) ✅ 半径14px, 质量0.71, 圆度0.77, 边距203px 通过过滤
🎾 [球检测-帧63] 球 2: (687,491) ✅ 半径10px, 质量0.65, 圆度0.61, 边距229px 通过过滤
🎾 [球检测-帧63] 噪点过滤完成: 2 → 2 个球
🎾 [球检测-帧63] HSV检测结果: 1 个球
🎾 [球检测-帧63] 球 1: (687,517) ✅ 在边界内
🎾 [球检测-帧63] 边界过滤: 1 → 1 个球
🎾 [球检测-帧63] 最终检测结果: 1 个球
🎾 [球检测-帧64] 开始球检测 (帧尺寸: 1280x720)
🎾 [球检测-帧64] 图像预处理: 1280x720 → 640x360
🎾 [球检测-帧64] HSV颜色范围: [20,50,50] - [70,255,255]
🎾 [球检测-帧64] 颜色匹配像素数: 223691
🎾 [球检测-帧64] 面积阈值(缩放后): min=25 max=500
🎾 [球检测-帧64] 区域面积过滤: 面积67424.5px 超出范围[25-500]
🎾 [球检测-帧64] 区域面积过滤: 面积67906.0px 超出范围[25-500]
🎾 [球检测-帧64] 区域面积过滤: 面积42437.0px 超出范围[25-500]
🎾 [球检测-帧64] 区域面积过滤: 面积43873.0px 超出范围[25-500]
🎾 [球检测-帧64] 面积过滤后有效区域数: 1
🎾 [球检测-帧64] 形态学清理后像素数: 257 (减少了223434)
🎾 [球检测-帧64] Hough参数(缩放后): minR=4, maxR=22, minDist=12
🎾 [球检测-帧64] Hough圆检测找到: 2 个圆
🎾 [球检测-帧64] 圆 1: 位置(687,519), 半径12px
🎾 [球检测-帧64] 圆 1: 质量分数 0.74
🎾 [球检测-帧64] 圆 2: 位置(687,495), 半径11px
🎾 [球检测-帧64] 圆 2: 质量分数 0.60
🎾 [球检测-帧64] 球 1: (687,519) ✅ 半径12px, 质量0.74, 圆度0.78, 边距201px 通过过滤
🎾 [球检测-帧64] 球 2: (687,495) ✅ 半径11px, 质量0.60, 圆度0.66, 边距225px 通过过滤
🎾 [球检测-帧64] 噪点过滤完成: 2 → 2 个球
🎾 [球检测-帧64] HSV检测结果: 1 个球
🎾 [球检测-帧64] 球 1: (687,519) ✅ 在边界内
🎾 [球检测-帧64] 边界过滤: 1 → 1 个球
🎾 [球检测-帧64] 最终检测结果: 1 个球
🎾 [球检测-帧65] 开始球检测 (帧尺寸: 1280x720)
🎾 [球检测-帧65] 图像预处理: 1280x720 → 640x360
🎾 [球检测-帧65] HSV颜色范围: [20,50,50] - [70,255,255]
🎾 [球检测-帧65] 颜色匹配像素数: 223676
🎾 [球检测-帧65] 面积阈值(缩放后): min=25 max=500
🎾 [球检测-帧65] 区域面积过滤: 面积67424.5px 超出范围[25-500]
🎾 [球检测-帧65] 区域面积过滤: 面积67906.0px 超出范围[25-500]
🎾 [球检测-帧65] 区域面积过滤: 面积42437.0px 超出范围[25-500]
🎾 [球检测-帧65] 区域面积过滤: 面积43873.0px 超出范围[25-500]
🎾 [球检测-帧65] 面积过滤后有效区域数: 1
🎾 [球检测-帧65] 形态学清理后像素数: 257 (减少了223419)
🎾 [球检测-帧65] Hough参数(缩放后): minR=4, maxR=22, minDist=12
🎾 [球检测-帧65] Hough圆检测找到: 2 个圆
🎾 [球检测-帧65] 圆 1: 位置(687,519), 半径12px
🎾 [球检测-帧65] 圆 1: 质量分数 0.74
🎾 [球检测-帧65] 圆 2: 位置(687,495), 半径11px
🎾 [球检测-帧65] 圆 2: 质量分数 0.60
🎾 [球检测-帧65] 球 1: (687,519) ✅ 半径12px, 质量0.74, 圆度0.78, 边距201px 通过过滤
🎾 [球检测-帧65] 球 2: (687,495) ✅ 半径11px, 质量0.60, 圆度0.66, 边距225px 通过过滤
🎾 [球检测-帧65] 噪点过滤完成: 2 → 2 个球
🎾 [球检测-帧65] HSV检测结果: 1 个球
🎾 [球检测-帧65] 球 1: (687,519) ✅ 在边界内
🎾 [球检测-帧65] 边界过滤: 1 → 1 个球
🎾 [球检测-帧65] 最终检测结果: 1 个球
🎾 [球检测-帧66] 开始球检测 (帧尺寸: 1280x720)
🎾 [球检测-帧66] 图像预处理: 1280x720 → 640x360
🎾 [球检测-帧66] HSV颜色范围: [20,50,50] - [70,255,255]
🎾 [球检测-帧66] 颜色匹配像素数: 223690
🎾 [球检测-帧66] 面积阈值(缩放后): min=25 max=500
🎾 [球检测-帧66] 区域面积过滤: 面积67424.5px 超出范围[25-500]
🎾 [球检测-帧66] 区域面积过滤: 面积67906.0px 超出范围[25-500]
🎾 [球检测-帧66] 区域面积过滤: 面积42437.0px 超出范围[25-500]
🎾 [球检测-帧66] 区域面积过滤: 面积43873.0px 超出范围[25-500]
🎾 [球检测-帧66] 面积过滤后有效区域数: 1
🎾 [球检测-帧66] 形态学清理后像素数: 257 (减少了223433)
🎾 [球检测-帧66] Hough参数(缩放后): minR=4, maxR=22, minDist=12
🎾 [球检测-帧66] Hough圆检测找到: 2 个圆
🎾 [球检测-帧66] 圆 1: 位置(687,519), 半径12px
🎾 [球检测-帧66] 圆 1: 质量分数 0.74
🎾 [球检测-帧66] 圆 2: 位置(687,495), 半径11px
🎾 [球检测-帧66] 圆 2: 质量分数 0.60
🎾 [球检测-帧66] 球 1: (687,519) ✅ 半径12px, 质量0.74, 圆度0.78, 边距201px 通过过滤
🎾 [球检测-帧66] 球 2: (687,495) ✅ 半径11px, 质量0.60, 圆度0.66, 边距225px 通过过滤
🎾 [球检测-帧66] 噪点过滤完成: 2 → 2 个球
🎾 [球检测-帧66] HSV检测结果: 1 个球
🎾 [球检测-帧66] 球 1: (687,519) ✅ 在边界内
🎾 [球检测-帧66] 边界过滤: 1 → 1 个球
🎾 [球检测-帧66] 最终检测结果: 1 个球
🎾 [球检测-帧67] 开始球检测 (帧尺寸: 1280x720)
🎾 [球检测-帧67] 图像预处理: 1280x720 → 640x360
🎾 [球检测-帧67] HSV颜色范围: [20,50,50] - [70,255,255]
🎾 [球检测-帧67] 颜色匹配像素数: 223683
🎾 [球检测-帧67] 面积阈值(缩放后): min=25 max=500
🎾 [球检测-帧67] 区域面积过滤: 面积67429.5px 超出范围[25-500]
🎾 [球检测-帧67] 区域面积过滤: 面积67906.0px 超出范围[25-500]
🎾 [球检测-帧67] 区域面积过滤: 面积42437.0px 超出范围[25-500]
🎾 [球检测-帧67] 区域面积过滤: 面积43873.0px 超出范围[25-500]
🎾 [球检测-帧67] 面积过滤后有效区域数: 1
🎾 [球检测-帧67] 形态学清理后像素数: 253 (减少了223430)
🎾 [球检测-帧67] Hough参数(缩放后): minR=4, maxR=22, minDist=12
🎾 [球检测-帧67] Hough圆检测找到: 2 个圆
🎾 [球检测-帧67] 圆 1: 位置(685,517), 半径14px
🎾 [球检测-帧67] 圆 1: 质量分数 0.71
🎾 [球检测-帧67] 圆 2: 位置(689,493), 半径11px
🎾 [球检测-帧67] 圆 2: 质量分数 0.61
🎾 [球检测-帧67] 球 1: (685,517) ✅ 半径14px, 质量0.71, 圆度0.77, 边距203px 通过过滤
🎾 [球检测-帧67] 球 2: (689,493) ✅ 半径11px, 质量0.61, 圆度0.70, 边距227px 通过过滤
🎾 [球检测-帧67] 噪点过滤完成: 2 → 2 个球
🎾 [球检测-帧67] HSV检测结果: 1 个球
🎾 [球检测-帧67] 球 1: (685,517) ✅ 在边界内
🎾 [球检测-帧67] 边界过滤: 1 → 1 个球
🎾 [球检测-帧67] 最终检测结果: 1 个球
🎾 [球检测-帧68] 开始球检测 (帧尺寸: 1280x720)
🎾 [球检测-帧68] 图像预处理: 1280x720 → 640x360
🎾 [球检测-帧68] HSV颜色范围: [20,50,50] - [70,255,255]
🎾 [球检测-帧68] 颜色匹配像素数: 223693
🎾 [球检测-帧68] 面积阈值(缩放后): min=25 max=500
🎾 [球检测-帧68] 区域面积过滤: 面积67429.5px 超出范围[25-500]
🎾 [球检测-帧68] 区域面积过滤: 面积67906.0px 超出范围[25-500]
🎾 [球检测-帧68] 区域面积过滤: 面积42437.0px 超出范围[25-500]
🎾 [球检测-帧68] 区域面积过滤: 面积43873.0px 超出范围[25-500]
🎾 [球检测-帧68] 面积过滤后有效区域数: 1
🎾 [球检测-帧68] 形态学清理后像素数: 253 (减少了223440)
🎾 [球检测-帧68] Hough参数(缩放后): minR=4, maxR=22, minDist=12
🎾 [球检测-帧68] Hough圆检测找到: 2 个圆
🎾 [球检测-帧68] 圆 1: 位置(685,517), 半径14px
🎾 [球检测-帧68] 圆 1: 质量分数 0.71
🎾 [球检测-帧68] 圆 2: 位置(689,493), 半径11px
🎾 [球检测-帧68] 圆 2: 质量分数 0.61
🎾 [球检测-帧68] 球 1: (685,517) ✅ 半径14px, 质量0.71, 圆度0.77, 边距203px 通过过滤
🎾 [球检测-帧68] 球 2: (689,493) ✅ 半径11px, 质量0.61, 圆度0.70, 边距227px 通过过滤
🎾 [球检测-帧68] 噪点过滤完成: 2 → 2 个球
🎾 [球检测-帧68] HSV检测结果: 1 个球
🎾 [球检测-帧68] 球 1: (685,517) ✅ 在边界内
🎾 [球检测-帧68] 边界过滤: 1 → 1 个球
🎾 [球检测-帧68] 最终检测结果: 1 个球
🎾 [球检测-帧69] 开始球检测 (帧尺寸: 1280x720)
🎾 [球检测-帧69] 图像预处理: 1280x720 → 640x360
🎾 [球检测-帧69] HSV颜色范围: [20,50,50] - [70,255,255]
🎾 [球检测-帧69] 颜色匹配像素数: 223683
🎾 [球检测-帧69] 面积阈值(缩放后): min=25 max=500
🎾 [球检测-帧69] 区域面积过滤: 面积67431.0px 超出范围[25-500]
🎾 [球检测-帧69] 区域面积过滤: 面积67906.0px 超出范围[25-500]
🎾 [球检测-帧69] 区域面积过滤: 面积42437.0px 超出范围[25-500]
🎾 [球检测-帧69] 区域面积过滤: 面积43873.0px 超出范围[25-500]
🎾 [球检测-帧69] 面积过滤后有效区域数: 1
🎾 [球检测-帧69] 形态学清理后像素数: 253 (减少了223430)
🎾 [球检测-帧69] Hough参数(缩放后): minR=4, maxR=22, minDist=12
🎾 [球检测-帧69] Hough圆检测找到: 2 个圆
🎾 [球检测-帧69] 圆 1: 位置(683,517), 半径13px
🎾 [球检测-帧69] 圆 1: 质量分数 0.74
🎾 [球检测-帧69] 圆 2: 位置(685,493), 半径10px
🎾 [球检测-帧69] 圆 2: 质量分数 0.60
🎾 [球检测-帧69] 球 1: (683,517) ✅ 半径13px, 质量0.74, 圆度0.77, 边距203px 通过过滤
🎾 [球检测-帧69] 球 2: (685,493) ✅ 半径10px, 质量0.60, 圆度0.66, 边距227px 通过过滤
🎾 [球检测-帧69] 噪点过滤完成: 2 → 2 个球
🎾 [球检测-帧69] HSV检测结果: 1 个球
🎾 [球检测-帧69] 球 1: (683,517) ✅ 在边界内
🎾 [球检测-帧69] 边界过滤: 1 → 1 个球
🎾 [球检测-帧69] 最终检测结果: 1 个球
🎾 [球检测-帧70] 开始球检测 (帧尺寸: 1280x720)
🎾 [球检测-帧70] 图像预处理: 1280x720 → 640x360
🎾 [球检测-帧70] HSV颜色范围: [20,50,50] - [70,255,255]
🎾 [球检测-帧70] 颜色匹配像素数: 223683
🎾 [球检测-帧70] 面积阈值(缩放后): min=25 max=500
🎾 [球检测-帧70] 区域面积过滤: 面积67431.0px 超出范围[25-500]
🎾 [球检测-帧70] 区域面积过滤: 面积67906.0px 超出范围[25-500]
🎾 [球检测-帧70] 区域面积过滤: 面积42437.0px 超出范围[25-500]
🎾 [球检测-帧70] 区域面积过滤: 面积43873.0px 超出范围[25-500]
🎾 [球检测-帧70] 面积过滤后有效区域数: 1
🎾 [球检测-帧70] 形态学清理后像素数: 253 (减少了223430)
🎾 [球检测-帧70] Hough参数(缩放后): minR=4, maxR=22, minDist=12
🎾 [球检测-帧70] Hough圆检测找到: 2 个圆
🎾 [球检测-帧70] 圆 1: 位置(683,517), 半径13px
🎾 [球检测-帧70] 圆 1: 质量分数 0.74
🎾 [球检测-帧70] 圆 2: 位置(685,493), 半径10px
🎾 [球检测-帧70] 圆 2: 质量分数 0.60
🎾 [球检测-帧70] 球 1: (683,517) ✅ 半径13px, 质量0.74, 圆度0.77, 边距203px 通过过滤
🎾 [球检测-帧70] 球 2: (685,493) ✅ 半径10px, 质量0.60, 圆度0.66, 边距227px 通过过滤
🎾 [球检测-帧70] 噪点过滤完成: 2 → 2 个球
🎾 [球检测-帧70] HSV检测结果: 1 个球
🎾 [球检测-帧70] 球 1: (683,517) ✅ 在边界内
🎾 [球检测-帧70] 边界过滤: 1 → 1 个球
🎾 [球检测-帧70] 最终检测结果: 1 个球
🎾 [球检测-帧70] 调试帧已保存: debug_frames/ball_debug_frame_0070.jpg
🎾 [球检测-帧71] 开始球检测 (帧尺寸: 1280x720)
🎾 [球检测-帧71] 图像预处理: 1280x720 → 640x360
🎾 [球检测-帧71] HSV颜色范围: [20,50,50] - [70,255,255]
🎾 [球检测-帧71] 颜色匹配像素数: 223707
🎾 [球检测-帧71] 面积阈值(缩放后): min=25 max=500
🎾 [球检测-帧71] 区域面积过滤: 面积67431.0px 超出范围[25-500]
🎾 [球检测-帧71] 区域面积过滤: 面积67906.0px 超出范围[25-500]
🎾 [球检测-帧71] 区域面积过滤: 面积42437.0px 超出范围[25-500]
🎾 [球检测-帧71] 区域面积过滤: 面积43873.0px 超出范围[25-500]
🎾 [球检测-帧71] 面积过滤后有效区域数: 1
🎾 [球检测-帧71] 形态学清理后像素数: 253 (减少了223454)
🎾 [球检测-帧71] Hough参数(缩放后): minR=4, maxR=22, minDist=12
🎾 [球检测-帧71] Hough圆检测找到: 2 个圆
🎾 [球检测-帧71] 圆 1: 位置(683,517), 半径13px
🎾 [球检测-帧71] 圆 1: 质量分数 0.74
🎾 [球检测-帧71] 圆 2: 位置(685,493), 半径10px
🎾 [球检测-帧71] 圆 2: 质量分数 0.60
🎾 [球检测-帧71] 球 1: (683,517) ✅ 半径13px, 质量0.74, 圆度0.77, 边距203px 通过过滤
🎾 [球检测-帧71] 球 2: (685,493) ✅ 半径10px, 质量0.60, 圆度0.66, 边距227px 通过过滤
🎾 [球检测-帧71] 噪点过滤完成: 2 → 2 个球
🎾 [球检测-帧71] HSV检测结果: 1 个球
🎾 [球检测-帧71] 球 1: (683,517) ✅ 在边界内
🎾 [球检测-帧71] 边界过滤: 1 → 1 个球
🎾 [球检测-帧71] 最终检测结果: 1 个球
🎾 [球检测-帧72] 开始球检测 (帧尺寸: 1280x720)
🎾 [球检测-帧72] 图像预处理: 1280x720 → 640x360
🎾 [球检测-帧72] HSV颜色范围: [20,50,50] - [70,255,255]
🎾 [球检测-帧72] 颜色匹配像素数: 223695
🎾 [球检测-帧72] 面积阈值(缩放后): min=25 max=500
🎾 [球检测-帧72] 区域面积过滤: 面积67430.0px 超出范围[25-500]
🎾 [球检测-帧72] 区域面积过滤: 面积67906.0px 超出范围[25-500]
🎾 [球检测-帧72] 区域面积过滤: 面积42437.0px 超出范围[25-500]
🎾 [球检测-帧72] 区域面积过滤: 面积43873.0px 超出范围[25-500]
🎾 [球检测-帧72] 面积过滤后有效区域数: 1
🎾 [球检测-帧72] 形态学清理后像素数: 250 (减少了223445)
🎾 [球检测-帧72] Hough参数(缩放后): minR=4, maxR=22, minDist=12
🎾 [球检测-帧72] Hough圆检测找到: 1 个圆
🎾 [球检测-帧72] 圆 1: 位置(675,509), 半径23px
🎾 [球检测-帧72] 圆 1: 质量分数 0.55
🎾 [球检测-帧72] 球 1: (675,509) ✅ 半径23px, 质量0.55, 圆度0.66, 边距211px 通过过滤
🎾 [球检测-帧72] 噪点过滤完成: 1 → 1 个球
🎾 [球检测-帧72] HSV检测结果: 1 个球
🎾 [球检测-帧72] 球 1: (675,509) ✅ 在边界内
🎾 [球检测-帧72] 边界过滤: 1 → 1 个球
🎾 [球检测-帧72] 最终检测结果: 1 个球
🎾 [球检测-帧73] 开始球检测 (帧尺寸: 1280x720)
🎾 [球检测-帧73] 图像预处理: 1280x720 → 640x360
🎾 [球检测-帧73] HSV颜色范围: [20,50,50] - [70,255,255]
🎾 [球检测-帧73] 颜色匹配像素数: 223691
🎾 [球检测-帧73] 面积阈值(缩放后): min=25 max=500
🎾 [球检测-帧73] 区域面积过滤: 面积67430.0px 超出范围[25-500]
🎾 [球检测-帧73] 区域面积过滤: 面积67906.0px 超出范围[25-500]
🎾 [球检测-帧73] 区域面积过滤: 面积42437.0px 超出范围[25-500]
🎾 [球检测-帧73] 区域面积过滤: 面积43873.0px 超出范围[25-500]
🎾 [球检测-帧73] 面积过滤后有效区域数: 1
🎾 [球检测-帧73] 形态学清理后像素数: 250 (减少了223441)
🎾 [球检测-帧73] Hough参数(缩放后): minR=4, maxR=22, minDist=12
🎾 [球检测-帧73] Hough圆检测找到: 1 个圆
🎾 [球检测-帧73] 圆 1: 位置(675,509), 半径23px
🎾 [球检测-帧73] 圆 1: 质量分数 0.55
🎾 [球检测-帧73] 球 1: (675,509) ✅ 半径23px, 质量0.55, 圆度0.66, 边距211px 通过过滤
🎾 [球检测-帧73] 噪点过滤完成: 1 → 1 个球
🎾 [球检测-帧73] HSV检测结果: 1 个球
🎾 [球检测-帧73] 球 1: (675,509) ✅ 在边界内
🎾 [球检测-帧73] 边界过滤: 1 → 1 个球
🎾 [球检测-帧73] 最终检测结果: 1 个球
🎾 [球检测-帧74] 开始球检测 (帧尺寸: 1280x720)
🎾 [球检测-帧74] 图像预处理: 1280x720 → 640x360
🎾 [球检测-帧74] HSV颜色范围: [20,50,50] - [70,255,255]
🎾 [球检测-帧74] 颜色匹配像素数: 223696
🎾 [球检测-帧74] 面积阈值(缩放后): min=25 max=500
🎾 [球检测-帧74] 区域面积过滤: 面积67435.5px 超出范围[25-500]
🎾 [球检测-帧74] 区域面积过滤: 面积67906.0px 超出范围[25-500]
🎾 [球检测-帧74] 区域面积过滤: 面积42437.0px 超出范围[25-500]
🎾 [球检测-帧74] 区域面积过滤: 面积43873.0px 超出范围[25-500]
🎾 [球检测-帧74] 面积过滤后有效区域数: 1
🎾 [球检测-帧74] 形态学清理后像素数: 253 (减少了223443)
🎾 [球检测-帧74] Hough参数(缩放后): minR=4, maxR=22, minDist=12
🎾 [球检测-帧74] Hough圆检测找到: 1 个圆
🎾 [球检测-帧74] 圆 1: 位置(687,513), 半径17px
🎾 [球检测-帧74] 圆 1: 质量分数 0.65
🎾 [球检测-帧74] 球 1: (687,513) ✅ 半径17px, 质量0.65, 圆度0.63, 边距207px 通过过滤
🎾 [球检测-帧74] 噪点过滤完成: 1 → 1 个球
🎾 [球检测-帧74] HSV检测结果: 1 个球
🎾 [球检测-帧74] 球 1: (687,513) ✅ 在边界内
🎾 [球检测-帧74] 边界过滤: 1 → 1 个球
🎾 [球检测-帧74] 最终检测结果: 1 个球
🎾 [球检测-帧75] 开始球检测 (帧尺寸: 1280x720)
🎾 [球检测-帧75] 图像预处理: 1280x720 → 640x360
🎾 [球检测-帧75] HSV颜色范围: [20,50,50] - [70,255,255]
🎾 [球检测-帧75] 颜色匹配像素数: 223690
🎾 [球检测-帧75] 面积阈值(缩放后): min=25 max=500
🎾 [球检测-帧75] 区域面积过滤: 面积67435.5px 超出范围[25-500]
🎾 [球检测-帧75] 区域面积过滤: 面积67906.0px 超出范围[25-500]
🎾 [球检测-帧75] 区域面积过滤: 面积42437.0px 超出范围[25-500]
🎾 [球检测-帧75] 区域面积过滤: 面积43873.0px 超出范围[25-500]
🎾 [球检测-帧75] 面积过滤后有效区域数: 1
🎾 [球检测-帧75] 形态学清理后像素数: 253 (减少了223437)
🎾 [球检测-帧75] Hough参数(缩放后): minR=4, maxR=22, minDist=12
🎾 [球检测-帧75] Hough圆检测找到: 1 个圆
🎾 [球检测-帧75] 圆 1: 位置(687,513), 半径17px
🎾 [球检测-帧75] 圆 1: 质量分数 0.65
🎾 [球检测-帧75] 球 1: (687,513) ✅ 半径17px, 质量0.65, 圆度0.63, 边距207px 通过过滤
🎾 [球检测-帧75] 噪点过滤完成: 1 → 1 个球
🎾 [球检测-帧75] HSV检测结果: 1 个球
🎾 [球检测-帧75] 球 1: (687,513) ✅ 在边界内
🎾 [球检测-帧75] 边界过滤: 1 → 1 个球
🎾 [球检测-帧75] 最终检测结果: 1 个球
🎾 [球检测-帧76] 开始球检测 (帧尺寸: 1280x720)
🎾 [球检测-帧76] 图像预处理: 1280x720 → 640x360
🎾 [球检测-帧76] HSV颜色范围: [20,50,50] - [70,255,255]
🎾 [球检测-帧76] 颜色匹配像素数: 223695
🎾 [球检测-帧76] 面积阈值(缩放后): min=25 max=500
🎾 [球检测-帧76] 区域面积过滤: 面积67433.5px 超出范围[25-500]
🎾 [球检测-帧76] 区域面积过滤: 面积67906.0px 超出范围[25-500]
🎾 [球检测-帧76] 区域面积过滤: 面积42437.0px 超出范围[25-500]
🎾 [球检测-帧76] 区域面积过滤: 面积43873.0px 超出范围[25-500]
🎾 [球检测-帧76] 面积过滤后有效区域数: 1
🎾 [球检测-帧76] 形态学清理后像素数: 248 (减少了223447)
🎾 [球检测-帧76] Hough参数(缩放后): minR=4, maxR=22, minDist=12
🎾 [球检测-帧76] Hough圆检测找到: 2 个圆
🎾 [球检测-帧76] 圆 1: 位置(685,517), 半径14px
🎾 [球检测-帧76] 圆 1: 质量分数 0.72
🎾 [球检测-帧76] 圆 2: 位置(683,493), 半径10px
🎾 [球检测-帧76] 圆 2: 质量分数 0.52
🎾 [球检测-帧76] 球 1: (685,517) ✅ 半径14px, 质量0.72, 圆度0.80, 边距203px 通过过滤
🎾 [球检测-帧76] 球 2: (683,493) ✅ 半径10px, 质量0.52, 圆度0.69, 边距227px 通过过滤
🎾 [球检测-帧76] 噪点过滤完成: 2 → 2 个球
🎾 [球检测-帧76] HSV检测结果: 1 个球
🎾 [球检测-帧76] 球 1: (685,517) ✅ 在边界内
🎾 [球检测-帧76] 边界过滤: 1 → 1 个球
🎾 [球检测-帧76] 最终检测结果: 1 个球
🎾 [球检测-帧77] 开始球检测 (帧尺寸: 1280x720)
🎾 [球检测-帧77] 图像预处理: 1280x720 → 640x360
🎾 [球检测-帧77] HSV颜色范围: [20,50,50] - [70,255,255]
🎾 [球检测-帧77] 颜色匹配像素数: 223695
🎾 [球检测-帧77] 面积阈值(缩放后): min=25 max=500
🎾 [球检测-帧77] 区域面积过滤: 面积67435.5px 超出范围[25-500]
🎾 [球检测-帧77] 区域面积过滤: 面积67906.0px 超出范围[25-500]
🎾 [球检测-帧77] 区域面积过滤: 面积42437.0px 超出范围[25-500]
🎾 [球检测-帧77] 区域面积过滤: 面积43873.0px 超出范围[25-500]
🎾 [球检测-帧77] 面积过滤后有效区域数: 1
🎾 [球检测-帧77] 形态学清理后像素数: 253 (减少了223442)
🎾 [球检测-帧77] Hough参数(缩放后): minR=4, maxR=22, minDist=12
🎾 [球检测-帧77] Hough圆检测找到: 1 个圆
🎾 [球检测-帧77] 圆 1: 位置(687,513), 半径17px
🎾 [球检测-帧77] 圆 1: 质量分数 0.65
🎾 [球检测-帧77] 球 1: (687,513) ✅ 半径17px, 质量0.65, 圆度0.63, 边距207px 通过过滤
🎾 [球检测-帧77] 噪点过滤完成: 1 → 1 个球
🎾 [球检测-帧77] HSV检测结果: 1 个球
🎾 [球检测-帧77] 球 1: (687,513) ✅ 在边界内
🎾 [球检测-帧77] 边界过滤: 1 → 1 个球
🎾 [球检测-帧77] 最终检测结果: 1 个球
🎾 [球检测-帧78] 开始球检测 (帧尺寸: 1280x720)
🎾 [球检测-帧78] 图像预处理: 1280x720 → 640x360
🎾 [球检测-帧78] HSV颜色范围: [20,50,50] - [70,255,255]
🎾 [球检测-帧78] 颜色匹配像素数: 223698
🎾 [球检测-帧78] 面积阈值(缩放后): min=25 max=500
🎾 [球检测-帧78] 区域面积过滤: 面积67435.5px 超出范围[25-500]
🎾 [球检测-帧78] 区域面积过滤: 面积67906.0px 超出范围[25-500]
🎾 [球检测-帧78] 区域面积过滤: 面积42437.0px 超出范围[25-500]
🎾 [球检测-帧78] 区域面积过滤: 面积43873.0px 超出范围[25-500]
🎾 [球检测-帧78] 面积过滤后有效区域数: 1
🎾 [球检测-帧78] 形态学清理后像素数: 253 (减少了223445)
🎾 [球检测-帧78] Hough参数(缩放后): minR=4, maxR=22, minDist=12
🎾 [球检测-帧78] Hough圆检测找到: 1 个圆
🎾 [球检测-帧78] 圆 1: 位置(687,513), 半径17px
🎾 [球检测-帧78] 圆 1: 质量分数 0.65
🎾 [球检测-帧78] 球 1: (687,513) ✅ 半径17px, 质量0.65, 圆度0.63, 边距207px 通过过滤
🎾 [球检测-帧78] 噪点过滤完成: 1 → 1 个球
🎾 [球检测-帧78] HSV检测结果: 1 个球
🎾 [球检测-帧78] 球 1: (687,513) ✅ 在边界内
🎾 [球检测-帧78] 边界过滤: 1 → 1 个球
🎾 [球检测-帧78] 最终检测结果: 1 个球
🎾 [球检测-帧79] 开始球检测 (帧尺寸: 1280x720)
🎾 [球检测-帧79] 图像预处理: 1280x720 → 640x360
🎾 [球检测-帧79] HSV颜色范围: [20,50,50] - [70,255,255]
🎾 [球检测-帧79] 颜色匹配像素数: 223687
🎾 [球检测-帧79] 面积阈值(缩放后): min=25 max=500
🎾 [球检测-帧79] 区域面积过滤: 面积67438.0px 超出范围[25-500]
🎾 [球检测-帧79] 区域面积过滤: 面积67906.0px 超出范围[25-500]
🎾 [球检测-帧79] 区域面积过滤: 面积42437.0px 超出范围[25-500]
🎾 [球检测-帧79] 区域面积过滤: 面积43873.0px 超出范围[25-500]
🎾 [球检测-帧79] 面积过滤后有效区域数: 1
🎾 [球检测-帧79] 形态学清理后像素数: 249 (减少了223438)
🎾 [球检测-帧79] Hough参数(缩放后): minR=4, maxR=22, minDist=12
🎾 [球检测-帧79] Hough圆检测找到: 1 个圆
🎾 [球检测-帧79] 圆 1: 位置(669,505), 半径26px
🎾 [球检测-帧79] 圆 1: 质量分数 0.47
🎾 [球检测-帧79] 球 1: (669,505) ✅ 半径26px, 质量0.47, 圆度0.64, 边距215px 通过过滤
🎾 [球检测-帧79] 噪点过滤完成: 1 → 1 个球
🎾 [球检测-帧79] HSV检测结果: 1 个球
🎾 [球检测-帧79] 球 1: (669,505) ✅ 在边界内
🎾 [球检测-帧79] 边界过滤: 1 → 1 个球
🎾 [球检测-帧79] 最终检测结果: 1 个球
🎾 [球检测-帧80] 开始球检测 (帧尺寸: 1280x720)
🎾 [球检测-帧80] 图像预处理: 1280x720 → 640x360
🎾 [球检测-帧80] HSV颜色范围: [20,50,50] - [70,255,255]
🎾 [球检测-帧80] 颜色匹配像素数: 223691
🎾 [球检测-帧80] 面积阈值(缩放后): min=25 max=500
🎾 [球检测-帧80] 区域面积过滤: 面积67438.0px 超出范围[25-500]
🎾 [球检测-帧80] 区域面积过滤: 面积67906.0px 超出范围[25-500]
🎾 [球检测-帧80] 区域面积过滤: 面积42437.0px 超出范围[25-500]
🎾 [球检测-帧80] 区域面积过滤: 面积43873.0px 超出范围[25-500]
🎾 [球检测-帧80] 面积过滤后有效区域数: 1
🎾 [球检测-帧80] 形态学清理后像素数: 249 (减少了223442)
🎾 [球检测-帧80] Hough参数(缩放后): minR=4, maxR=22, minDist=12
🎾 [球检测-帧80] Hough圆检测找到: 1 个圆
🎾 [球检测-帧80] 圆 1: 位置(669,505), 半径26px
🎾 [球检测-帧80] 圆 1: 质量分数 0.47
🎾 [球检测-帧80] 球 1: (669,505) ✅ 半径26px, 质量0.47, 圆度0.64, 边距215px 通过过滤
🎾 [球检测-帧80] 噪点过滤完成: 1 → 1 个球
🎾 [球检测-帧80] HSV检测结果: 1 个球
🎾 [球检测-帧80] 球 1: (669,505) ✅ 在边界内
🎾 [球检测-帧80] 边界过滤: 1 → 1 个球
🎾 [球检测-帧80] 最终检测结果: 1 个球
🎾 [球检测-帧80] 调试帧已保存: debug_frames/ball_debug_frame_0080.jpg
🎾 [球检测-帧81] 开始球检测 (帧尺寸: 1280x720)
🎾 [球检测-帧81] 图像预处理: 1280x720 → 640x360
🎾 [球检测-帧81] HSV颜色范围: [20,50,50] - [70,255,255]
🎾 [球检测-帧81] 颜色匹配像素数: 223691
🎾 [球检测-帧81] 面积阈值(缩放后): min=25 max=500
🎾 [球检测-帧81] 区域面积过滤: 面积67441.5px 超出范围[25-500]
🎾 [球检测-帧81] 区域面积过滤: 面积67906.0px 超出范围[25-500]
🎾 [球检测-帧81] 区域面积过滤: 面积42437.0px 超出范围[25-500]
🎾 [球检测-帧81] 区域面积过滤: 面积43873.0px 超出范围[25-500]
🎾 [球检测-帧81] 面积过滤后有效区域数: 1
🎾 [球检测-帧81] 形态学清理后像素数: 248 (减少了223443)
🎾 [球检测-帧81] Hough参数(缩放后): minR=4, maxR=22, minDist=12
🎾 [球检测-帧81] Hough圆检测找到: 1 个圆
🎾 [球检测-帧81] 圆 1: 位置(683,517), 半径13px
🎾 [球检测-帧81] 圆 1: 质量分数 0.75
🎾 [球检测-帧81] 球 1: (683,517) ✅ 半径13px, 质量0.75, 圆度0.79, 边距203px 通过过滤
🎾 [球检测-帧81] 噪点过滤完成: 1 → 1 个球
🎾 [球检测-帧81] HSV检测结果: 1 个球
🎾 [球检测-帧81] 球 1: (683,517) ✅ 在边界内
🎾 [球检测-帧81] 边界过滤: 1 → 1 个球
🎾 [球检测-帧81] 最终检测结果: 1 个球
🎾 [球检测-帧82] 开始球检测 (帧尺寸: 1280x720)
🎾 [球检测-帧82] 图像预处理: 1280x720 → 640x360
🎾 [球检测-帧82] HSV颜色范围: [20,50,50] - [70,255,255]
🎾 [球检测-帧82] 颜色匹配像素数: 223685
🎾 [球检测-帧82] 面积阈值(缩放后): min=25 max=500
🎾 [球检测-帧82] 区域面积过滤: 面积67441.5px 超出范围[25-500]
🎾 [球检测-帧82] 区域面积过滤: 面积67906.0px 超出范围[25-500]
🎾 [球检测-帧82] 区域面积过滤: 面积42437.0px 超出范围[25-500]
🎾 [球检测-帧82] 区域面积过滤: 面积43873.0px 超出范围[25-500]
🎾 [球检测-帧82] 面积过滤后有效区域数: 1
🎾 [球检测-帧82] 形态学清理后像素数: 248 (减少了223437)
🎾 [球检测-帧82] Hough参数(缩放后): minR=4, maxR=22, minDist=12
🎾 [球检测-帧82] Hough圆检测找到: 1 个圆
🎾 [球检测-帧82] 圆 1: 位置(683,517), 半径13px
🎾 [球检测-帧82] 圆 1: 质量分数 0.75
🎾 [球检测-帧82] 球 1: (683,517) ✅ 半径13px, 质量0.75, 圆度0.79, 边距203px 通过过滤
🎾 [球检测-帧82] 噪点过滤完成: 1 → 1 个球
🎾 [球检测-帧82] HSV检测结果: 1 个球
🎾 [球检测-帧82] 球 1: (683,517) ✅ 在边界内
🎾 [球检测-帧82] 边界过滤: 1 → 1 个球
🎾 [球检测-帧82] 最终检测结果: 1 个球
🎾 [球检测-帧83] 开始球检测 (帧尺寸: 1280x720)
🎾 [球检测-帧83] 图像预处理: 1280x720 → 640x360
🎾 [球检测-帧83] HSV颜色范围: [20,50,50] - [70,255,255]
🎾 [球检测-帧83] 颜色匹配像素数: 223676
🎾 [球检测-帧83] 面积阈值(缩放后): min=25 max=500
🎾 [球检测-帧83] 区域面积过滤: 面积67441.5px 超出范围[25-500]
🎾 [球检测-帧83] 区域面积过滤: 面积67906.0px 超出范围[25-500]
🎾 [球检测-帧83] 区域面积过滤: 面积42437.0px 超出范围[25-500]
🎾 [球检测-帧83] 区域面积过滤: 面积43873.0px 超出范围[25-500]
🎾 [球检测-帧83] 面积过滤后有效区域数: 1
🎾 [球检测-帧83] 形态学清理后像素数: 248 (减少了223428)
🎾 [球检测-帧83] Hough参数(缩放后): minR=4, maxR=22, minDist=12
🎾 [球检测-帧83] Hough圆检测找到: 1 个圆
🎾 [球检测-帧83] 圆 1: 位置(683,517), 半径13px
🎾 [球检测-帧83] 圆 1: 质量分数 0.75
🎾 [球检测-帧83] 球 1: (683,517) ✅ 半径13px, 质量0.75, 圆度0.79, 边距203px 通过过滤
🎾 [球检测-帧83] 噪点过滤完成: 1 → 1 个球
🎾 [球检测-帧83] HSV检测结果: 1 个球
🎾 [球检测-帧83] 球 1: (683,517) ✅ 在边界内
🎾 [球检测-帧83] 边界过滤: 1 → 1 个球
🎾 [球检测-帧83] 最终检测结果: 1 个球
🎾 [球检测-帧84] 开始球检测 (帧尺寸: 1280x720)
🎾 [球检测-帧84] 图像预处理: 1280x720 → 640x360
🎾 [球检测-帧84] HSV颜色范围: [20,50,50] - [70,255,255]
🎾 [球检测-帧84] 颜色匹配像素数: 223681
🎾 [球检测-帧84] 面积阈值(缩放后): min=25 max=500
🎾 [球检测-帧84] 区域面积过滤: 面积67442.5px 超出范围[25-500]
🎾 [球检测-帧84] 区域面积过滤: 面积67906.0px 超出范围[25-500]
🎾 [球检测-帧84] 区域面积过滤: 面积42437.0px 超出范围[25-500]
🎾 [球检测-帧84] 区域面积过滤: 面积43873.0px 超出范围[25-500]
🎾 [球检测-帧84] 面积过滤后有效区域数: 1
🎾 [球检测-帧84] 形态学清理后像素数: 240 (减少了223441)
🎾 [球检测-帧84] Hough参数(缩放后): minR=4, maxR=22, minDist=12
🎾 [球检测-帧84] Hough圆检测找到: 1 个圆
🎾 [球检测-帧84] 圆 1: 位置(683,513), 半径17px
🎾 [球检测-帧84] 圆 1: 质量分数 0.62
🎾 [球检测-帧84] 球 1: (683,513) ✅ 半径17px, 质量0.62, 圆度0.59, 边距207px 通过过滤
🎾 [球检测-帧84] 噪点过滤完成: 1 → 1 个球
🎾 [球检测-帧84] HSV检测结果: 1 个球
🎾 [球检测-帧84] 球 1: (683,513) ✅ 在边界内
🎾 [球检测-帧84] 边界过滤: 1 → 1 个球
🎾 [球检测-帧84] 最终检测结果: 1 个球
🎾 [球检测-帧85] 开始球检测 (帧尺寸: 1280x720)
🎾 [球检测-帧85] 图像预处理: 1280x720 → 640x360
🎾 [球检测-帧85] HSV颜色范围: [20,50,50] - [70,255,255]
🎾 [球检测-帧85] 颜色匹配像素数: 223667
🎾 [球检测-帧85] 面积阈值(缩放后): min=25 max=500
🎾 [球检测-帧85] 区域面积过滤: 面积67442.5px 超出范围[25-500]
🎾 [球检测-帧85] 区域面积过滤: 面积67906.0px 超出范围[25-500]
🎾 [球检测-帧85] 区域面积过滤: 面积42437.0px 超出范围[25-500]
🎾 [球检测-帧85] 区域面积过滤: 面积43873.0px 超出范围[25-500]
🎾 [球检测-帧85] 面积过滤后有效区域数: 1
🎾 [球检测-帧85] 形态学清理后像素数: 240 (减少了223427)
🎾 [球检测-帧85] Hough参数(缩放后): minR=4, maxR=22, minDist=12
🎾 [球检测-帧85] Hough圆检测找到: 2 个圆
🎾 [球检测-帧85] 圆 1: 位置(661,509), 半径32px
🎾 [球检测-帧85] 圆 1: 质量分数 0.43
🎾 [球检测-帧85] 圆 2: 位置(683,493), 半径9px
🎾 [球检测-帧85] 圆 2: 质量分数 0.47
🎾 [球检测-帧85] 球 1: (661,509) ✅ 半径32px, 质量0.43, 圆度0.59, 边距211px 通过过滤
🎾 [球检测-帧85] 球 2: (683,493) ✅ 半径9px, 质量0.47, 圆度0.63, 边距227px 通过过滤
🎾 [球检测-帧85] 噪点过滤完成: 2 → 2 个球
🎾 [球检测-帧85] HSV检测结果: 1 个球
🎾 [球检测-帧85] 球 1: (661,509) ✅ 在边界内
🎾 [球检测-帧85] 边界过滤: 1 → 1 个球
🎾 [球检测-帧85] 最终检测结果: 1 个球
🎾 [球检测-帧86] 开始球检测 (帧尺寸: 1280x720)
🎾 [球检测-帧86] 图像预处理: 1280x720 → 640x360
🎾 [球检测-帧86] HSV颜色范围: [20,50,50] - [70,255,255]
🎾 [球检测-帧86] 颜色匹配像素数: 223683
🎾 [球检测-帧86] 面积阈值(缩放后): min=25 max=500
🎾 [球检测-帧86] 区域面积过滤: 面积3.0px 超出范围[25-500]
🎾 [球检测-帧86] 区域面积过滤: 面积67442.0px 超出范围[25-500]
🎾 [球检测-帧86] 区域面积过滤: 面积67906.0px 超出范围[25-500]
🎾 [球检测-帧86] 区域面积过滤: 面积42437.0px 超出范围[25-500]
🎾 [球检测-帧86] 区域面积过滤: 面积43873.0px 超出范围[25-500]
🎾 [球检测-帧86] 面积过滤后有效区域数: 1
🎾 [球检测-帧86] 形态学清理后像素数: 249 (减少了223434)
🎾 [球检测-帧86] Hough参数(缩放后): minR=4, maxR=22, minDist=12
🎾 [球检测-帧86] Hough圆检测找到: 2 个圆
🎾 [球检测-帧86] 圆 1: 位置(663,511), 半径29px
🎾 [球检测-帧86] 圆 1: 质量分数 0.44
🎾 [球检测-帧86] 圆 2: 位置(681,491), 半径8px
🎾 [球检测-帧86] 圆 2: 质量分数 0.53
🎾 [球检测-帧86] 球 1: (663,511) ✅ 半径29px, 质量0.44, 圆度0.60, 边距209px 通过过滤
🎾 [球检测-帧86] 球 2: (681,491) ❌ 半径8px超出范围[9-45], 圆度0.56低于0.58
🎾 [球检测-帧86] 噪点过滤完成: 2 → 1 个球
🎾 [球检测-帧86] HSV检测结果: 1 个球
🎾 [球检测-帧86] 球 1: (663,511) ✅ 在边界内
🎾 [球检测-帧86] 边界过滤: 1 → 1 个球
🎾 [球检测-帧86] 最终检测结果: 1 个球
🎾 [球检测-帧87] 开始球检测 (帧尺寸: 1280x720)
🎾 [球检测-帧87] 图像预处理: 1280x720 → 640x360
🎾 [球检测-帧87] HSV颜色范围: [20,50,50] - [70,255,255]
🎾 [球检测-帧87] 颜色匹配像素数: 223678
🎾 [球检测-帧87] 面积阈值(缩放后): min=25 max=500
🎾 [球检测-帧87] 区域面积过滤: 面积3.0px 超出范围[25-500]
🎾 [球检测-帧87] 区域面积过滤: 面积67442.0px 超出范围[25-500]
🎾 [球检测-帧87] 区域面积过滤: 面积67906.0px 超出范围[25-500]
🎾 [球检测-帧87] 区域面积过滤: 面积42437.0px 超出范围[25-500]
🎾 [球检测-帧87] 区域面积过滤: 面积43873.0px 超出范围[25-500]
🎾 [球检测-帧87] 面积过滤后有效区域数: 1
🎾 [球检测-帧87] 形态学清理后像素数: 249 (减少了223429)
🎾 [球检测-帧87] Hough参数(缩放后): minR=4, maxR=22, minDist=12
🎾 [球检测-帧87] Hough圆检测找到: 2 个圆
🎾 [球检测-帧87] 圆 1: 位置(663,511), 半径29px
🎾 [球检测-帧87] 圆 1: 质量分数 0.44
🎾 [球检测-帧87] 圆 2: 位置(681,491), 半径8px
🎾 [球检测-帧87] 圆 2: 质量分数 0.53
🎾 [球检测-帧87] 球 1: (663,511) ✅ 半径29px, 质量0.44, 圆度0.60, 边距209px 通过过滤
🎾 [球检测-帧87] 球 2: (681,491) ❌ 半径8px超出范围[9-45], 圆度0.56低于0.58
🎾 [球检测-帧87] 噪点过滤完成: 2 → 1 个球
🎾 [球检测-帧87] HSV检测结果: 1 个球
🎾 [球检测-帧87] 球 1: (663,511) ✅ 在边界内
🎾 [球检测-帧87] 边界过滤: 1 → 1 个球
🎾 [球检测-帧87] 最终检测结果: 1 个球
🎾 [球检测-帧88] 开始球检测 (帧尺寸: 1280x720)
🎾 [球检测-帧88] 图像预处理: 1280x720 → 640x360
🎾 [球检测-帧88] HSV颜色范围: [20,50,50] - [70,255,255]
🎾 [球检测-帧88] 颜色匹配像素数: 223683
🎾 [球检测-帧88] 面积阈值(缩放后): min=25 max=500
🎾 [球检测-帧88] 区域面积过滤: 面积3.0px 超出范围[25-500]
🎾 [球检测-帧88] 区域面积过滤: 面积67442.0px 超出范围[25-500]
🎾 [球检测-帧88] 区域面积过滤: 面积67906.0px 超出范围[25-500]
🎾 [球检测-帧88] 区域面积过滤: 面积42437.0px 超出范围[25-500]
🎾 [球检测-帧88] 区域面积过滤: 面积43873.0px 超出范围[25-500]
🎾 [球检测-帧88] 面积过滤后有效区域数: 1
🎾 [球检测-帧88] 形态学清理后像素数: 249 (减少了223434)
🎾 [球检测-帧88] Hough参数(缩放后): minR=4, maxR=22, minDist=12
🎾 [球检测-帧88] Hough圆检测找到: 2 个圆
🎾 [球检测-帧88] 圆 1: 位置(663,511), 半径29px
🎾 [球检测-帧88] 圆 1: 质量分数 0.44
🎾 [球检测-帧88] 圆 2: 位置(681,491), 半径8px
🎾 [球检测-帧88] 圆 2: 质量分数 0.53
🎾 [球检测-帧88] 球 1: (663,511) ✅ 半径29px, 质量0.44, 圆度0.60, 边距209px 通过过滤
🎾 [球检测-帧88] 球 2: (681,491) ❌ 半径8px超出范围[9-45], 圆度0.56低于0.58
🎾 [球检测-帧88] 噪点过滤完成: 2 → 1 个球
🎾 [球检测-帧88] HSV检测结果: 1 个球
🎾 [球检测-帧88] 球 1: (663,511) ✅ 在边界内
🎾 [球检测-帧88] 边界过滤: 1 → 1 个球
🎾 [球检测-帧88] 最终检测结果: 1 个球
🎾 [球检测-帧89] 开始球检测 (帧尺寸: 1280x720)
🎾 [球检测-帧89] 图像预处理: 1280x720 → 640x360
🎾 [球检测-帧89] HSV颜色范围: [20,50,50] - [70,255,255]
🎾 [球检测-帧89] 颜色匹配像素数: 223677
🎾 [球检测-帧89] 面积阈值(缩放后): min=25 max=500
🎾 [球检测-帧89] 区域面积过滤: 面积1.0px 超出范围[25-500]
🎾 [球检测-帧89] 区域面积过滤: 面积17.5px 超出范围[25-500]
🎾 [球检测-帧89] 区域面积过滤: 面积67448.0px 超出范围[25-500]
🎾 [球检测-帧89] 区域面积过滤: 面积67906.0px 超出范围[25-500]
🎾 [球检测-帧89] 区域面积过滤: 面积42437.0px 超出范围[25-500]
🎾 [球检测-帧89] 区域面积过滤: 面积43873.0px 超出范围[25-500]
🎾 [球检测-帧89] 面积过滤后有效区域数: 1
🎾 [球检测-帧89] 形态学清理后像素数: 185 (减少了223492)
🎾 [球检测-帧89] Hough参数(缩放后): minR=4, maxR=22, minDist=12
🎾 [球检测-帧89] Hough圆检测找到: 1 个圆
🎾 [球检测-帧89] 圆 1: 位置(681,515), 半径16px
🎾 [球检测-帧89] 圆 1: 质量分数 0.68
🎾 [球检测-帧89] 球 1: (681,515) ❌ 圆度0.57低于0.58
🎾 [球检测-帧89] 噪点过滤完成: 1 → 0 个球
🎾 [球检测-帧89] HSV检测结果: 0 个球
🎾 [球检测-帧89] 边界过滤: 0 → 0 个球
🎾 [球检测-帧89] 最终检测结果: 0 个球
🎾 [球检测-帧90] 开始球检测 (帧尺寸: 1280x720)
🎾 [球检测-帧90] 图像预处理: 1280x720 → 640x360
🎾 [球检测-帧90] HSV颜色范围: [20,50,50] - [70,255,255]
🎾 [球检测-帧90] 颜色匹配像素数: 223670
🎾 [球检测-帧90] 面积阈值(缩放后): min=25 max=500
🎾 [球检测-帧90] 区域面积过滤: 面积1.0px 超出范围[25-500]
🎾 [球检测-帧90] 区域面积过滤: 面积17.5px 超出范围[25-500]
🎾 [球检测-帧90] 区域面积过滤: 面积67448.0px 超出范围[25-500]
🎾 [球检测-帧90] 区域面积过滤: 面积67906.0px 超出范围[25-500]
🎾 [球检测-帧90] 区域面积过滤: 面积42437.0px 超出范围[25-500]
🎾 [球检测-帧90] 区域面积过滤: 面积43873.0px 超出范围[25-500]
🎾 [球检测-帧90] 面积过滤后有效区域数: 1
🎾 [球检测-帧90] 形态学清理后像素数: 185 (减少了223485)
🎾 [球检测-帧90] Hough参数(缩放后): minR=4, maxR=22, minDist=12
🎾 [球检测-帧90] Hough圆检测找到: 1 个圆
🎾 [球检测-帧90] 圆 1: 位置(681,515), 半径16px
🎾 [球检测-帧90] 圆 1: 质量分数 0.68
🎾 [球检测-帧90] 球 1: (681,515) ❌ 圆度0.57低于0.58
🎾 [球检测-帧90] 噪点过滤完成: 1 → 0 个球
🎾 [球检测-帧90] HSV检测结果: 0 个球
🎾 [球检测-帧90] 边界过滤: 0 → 0 个球
🎾 [球检测-帧90] 最终检测结果: 0 个球
🎾 [球检测-帧90] 调试帧已保存: debug_frames/ball_debug_frame_0090.jpg
🎾 [球检测-帧91] 开始球检测 (帧尺寸: 1280x720)
🎾 [球检测-帧91] 图像预处理: 1280x720 → 640x360
🎾 [球检测-帧91] HSV颜色范围: [20,50,50] - [70,255,255]
🎾 [球检测-帧91] 颜色匹配像素数: 223689
🎾 [球检测-帧91] 面积阈值(缩放后): min=25 max=500
🎾 [球检测-帧91] 区域面积过滤: 面积1.0px 超出范围[25-500]
🎾 [球检测-帧91] 区域面积过滤: 面积17.5px 超出范围[25-500]
🎾 [球检测-帧91] 区域面积过滤: 面积67448.0px 超出范围[25-500]
🎾 [球检测-帧91] 区域面积过滤: 面积67906.0px 超出范围[25-500]
🎾 [球检测-帧91] 区域面积过滤: 面积42437.0px 超出范围[25-500]
🎾 [球检测-帧91] 区域面积过滤: 面积43873.0px 超出范围[25-500]
🎾 [球检测-帧91] 面积过滤后有效区域数: 1
🎾 [球检测-帧91] 形态学清理后像素数: 185 (减少了223504)
🎾 [球检测-帧91] Hough参数(缩放后): minR=4, maxR=22, minDist=12
🎾 [球检测-帧91] Hough圆检测找到: 1 个圆
🎾 [球检测-帧91] 圆 1: 位置(681,515), 半径16px
🎾 [球检测-帧91] 圆 1: 质量分数 0.68
🎾 [球检测-帧91] 球 1: (681,515) ❌ 圆度0.57低于0.58
🎾 [球检测-帧91] 噪点过滤完成: 1 → 0 个球
🎾 [球检测-帧91] HSV检测结果: 0 个球
🎾 [球检测-帧91] 边界过滤: 0 → 0 个球
🎾 [球检测-帧91] 最终检测结果: 0 个球
🎾 [球检测-帧92] 开始球检测 (帧尺寸: 1280x720)
🎾 [球检测-帧92] 图像预处理: 1280x720 → 640x360
🎾 [球检测-帧92] HSV颜色范围: [20,50,50] - [70,255,255]
🎾 [球检测-帧92] 颜色匹配像素数: 223689
🎾 [球检测-帧92] 面积阈值(缩放后): min=25 max=500
🎾 [球检测-帧92] 区域面积过滤: 面积19.5px 超出范围[25-500]
🎾 [球检测-帧92] 区域面积过滤: 面积67466.0px 超出范围[25-500]
🎾 [球检测-帧92] 区域面积过滤: 面积67906.0px 超出范围[25-500]
🎾 [球检测-帧92] 区域面积过滤: 面积42437.0px 超出范围[25-500]
🎾 [球检测-帧92] 区域面积过滤: 面积43873.0px 超出范围[25-500]
🎾 [球检测-帧92] 面积过滤后有效区域数: 1
🎾 [球检测-帧92] 形态学清理后像素数: 175 (减少了223514)
🎾 [球检测-帧92] Hough参数(缩放后): minR=4, maxR=22, minDist=12
🎾 [球检测-帧92] Hough圆检测找到: 1 个圆
🎾 [球检测-帧92] 圆 1: 位置(675,517), 半径14px
🎾 [球检测-帧92] 圆 1: 质量分数 0.69
🎾 [球检测-帧92] 球 1: (675,517) ✅ 半径14px, 质量0.69, 圆度0.77, 边距203px 通过过滤
🎾 [球检测-帧92] 噪点过滤完成: 1 → 1 个球
🎾 [球检测-帧92] HSV检测结果: 1 个球
🎾 [球检测-帧92] 球 1: (675,517) ✅ 在边界内
🎾 [球检测-帧92] 边界过滤: 1 → 1 个球
🎾 [球检测-帧92] 最终检测结果: 1 个球
🎾 [球检测-帧93] 开始球检测 (帧尺寸: 1280x720)
🎾 [球检测-帧93] 图像预处理: 1280x720 → 640x360
🎾 [球检测-帧93] HSV颜色范围: [20,50,50] - [70,255,255]
🎾 [球检测-帧93] 颜色匹配像素数: 223682
🎾 [球检测-帧93] 面积阈值(缩放后): min=25 max=500
🎾 [球检测-帧93] 区域面积过滤: 面积19.5px 超出范围[25-500]
🎾 [球检测-帧93] 区域面积过滤: 面积67465.0px 超出范围[25-500]
🎾 [球检测-帧93] 区域面积过滤: 面积67906.0px 超出范围[25-500]
🎾 [球检测-帧93] 区域面积过滤: 面积42437.0px 超出范围[25-500]
🎾 [球检测-帧93] 区域面积过滤: 面积43873.0px 超出范围[25-500]
🎾 [球检测-帧93] 面积过滤后有效区域数: 1
🎾 [球检测-帧93] 形态学清理后像素数: 175 (减少了223507)
🎾 [球检测-帧93] Hough参数(缩放后): minR=4, maxR=22, minDist=12
🎾 [球检测-帧93] Hough圆检测找到: 1 个圆
🎾 [球检测-帧93] 圆 1: 位置(675,517), 半径14px
🎾 [球检测-帧93] 圆 1: 质量分数 0.69
🎾 [球检测-帧93] 球 1: (675,517) ✅ 半径14px, 质量0.69, 圆度0.77, 边距203px 通过过滤
🎾 [球检测-帧93] 噪点过滤完成: 1 → 1 个球
🎾 [球检测-帧93] HSV检测结果: 1 个球
🎾 [球检测-帧93] 球 1: (675,517) ✅ 在边界内
🎾 [球检测-帧93] 边界过滤: 1 → 1 个球
🎾 [球检测-帧93] 最终检测结果: 1 个球
🎾 [球检测-帧94] 开始球检测 (帧尺寸: 1280x720)
🎾 [球检测-帧94] 图像预处理: 1280x720 → 640x360
🎾 [球检测-帧94] HSV颜色范围: [20,50,50] - [70,255,255]
🎾 [球检测-帧94] 颜色匹配像素数: 223685
🎾 [球检测-帧94] 面积阈值(缩放后): min=25 max=500
🎾 [球检测-帧94] 区域面积过滤: 面积19.5px 超出范围[25-500]
🎾 [球检测-帧94] 区域面积过滤: 面积67465.0px 超出范围[25-500]
🎾 [球检测-帧94] 区域面积过滤: 面积67906.0px 超出范围[25-500]
🎾 [球检测-帧94] 区域面积过滤: 面积42437.0px 超出范围[25-500]
🎾 [球检测-帧94] 区域面积过滤: 面积43873.0px 超出范围[25-500]
🎾 [球检测-帧94] 面积过滤后有效区域数: 1
🎾 [球检测-帧94] 形态学清理后像素数: 175 (减少了223510)
🎾 [球检测-帧94] Hough参数(缩放后): minR=4, maxR=22, minDist=12
🎾 [球检测-帧94] Hough圆检测找到: 1 个圆
🎾 [球检测-帧94] 圆 1: 位置(675,517), 半径14px
🎾 [球检测-帧94] 圆 1: 质量分数 0.69
🎾 [球检测-帧94] 球 1: (675,517) ✅ 半径14px, 质量0.69, 圆度0.77, 边距203px 通过过滤
🎾 [球检测-帧94] 噪点过滤完成: 1 → 1 个球
🎾 [球检测-帧94] HSV检测结果: 1 个球
🎾 [球检测-帧94] 球 1: (675,517) ✅ 在边界内
🎾 [球检测-帧94] 边界过滤: 1 → 1 个球
🎾 [球检测-帧94] 最终检测结果: 1 个球
🎾 [球检测-帧95] 开始球检测 (帧尺寸: 1280x720)
🎾 [球检测-帧95] 图像预处理: 1280x720 → 640x360
🎾 [球检测-帧95] HSV颜色范围: [20,50,50] - [70,255,255]
🎾 [球检测-帧95] 颜色匹配像素数: 223679
🎾 [球检测-帧95] 面积阈值(缩放后): min=25 max=500
🎾 [球检测-帧95] 区域面积过滤: 面积16.5px 超出范围[25-500]
🎾 [球检测-帧95] 区域面积过滤: 面积67473.5px 超出范围[25-500]
🎾 [球检测-帧95] 区域面积过滤: 面积67906.0px 超出范围[25-500]
🎾 [球检测-帧95] 区域面积过滤: 面积42437.0px 超出范围[25-500]
🎾 [球检测-帧95] 区域面积过滤: 面积43873.0px 超出范围[25-500]
🎾 [球检测-帧95] 面积过滤后有效区域数: 1
🎾 [球检测-帧95] 形态学清理后像素数: 177 (减少了223502)
🎾 [球检测-帧95] Hough参数(缩放后): minR=4, maxR=22, minDist=12
🎾 [球检测-帧95] Hough圆检测找到: 1 个圆
🎾 [球检测-帧95] 圆 1: 位置(679,517), 半径13px
🎾 [球检测-帧95] 圆 1: 质量分数 0.73
🎾 [球检测-帧95] 球 1: (679,517) ✅ 半径13px, 质量0.73, 圆度0.78, 边距203px 通过过滤
🎾 [球检测-帧95] 噪点过滤完成: 1 → 1 个球
🎾 [球检测-帧95] HSV检测结果: 1 个球
🎾 [球检测-帧95] 球 1: (679,517) ✅ 在边界内
🎾 [球检测-帧95] 边界过滤: 1 → 1 个球
🎾 [球检测-帧95] 最终检测结果: 1 个球
🎾 [球检测-帧96] 开始球检测 (帧尺寸: 1280x720)
🎾 [球检测-帧96] 图像预处理: 1280x720 → 640x360
🎾 [球检测-帧96] HSV颜色范围: [20,50,50] - [70,255,255]
🎾 [球检测-帧96] 颜色匹配像素数: 223686
🎾 [球检测-帧96] 面积阈值(缩放后): min=25 max=500
🎾 [球检测-帧96] 区域面积过滤: 面积16.5px 超出范围[25-500]
🎾 [球检测-帧96] 区域面积过滤: 面积67473.5px 超出范围[25-500]
🎾 [球检测-帧96] 区域面积过滤: 面积67906.0px 超出范围[25-500]
🎾 [球检测-帧96] 区域面积过滤: 面积42437.0px 超出范围[25-500]
🎾 [球检测-帧96] 区域面积过滤: 面积43873.0px 超出范围[25-500]
🎾 [球检测-帧96] 面积过滤后有效区域数: 1
🎾 [球检测-帧96] 形态学清理后像素数: 177 (减少了223509)
🎾 [球检测-帧96] Hough参数(缩放后): minR=4, maxR=22, minDist=12
🎾 [球检测-帧96] Hough圆检测找到: 1 个圆
🎾 [球检测-帧96] 圆 1: 位置(679,517), 半径13px
🎾 [球检测-帧96] 圆 1: 质量分数 0.73
🎾 [球检测-帧96] 球 1: (679,517) ✅ 半径13px, 质量0.73, 圆度0.78, 边距203px 通过过滤
🎾 [球检测-帧96] 噪点过滤完成: 1 → 1 个球
🎾 [球检测-帧96] HSV检测结果: 1 个球
🎾 [球检测-帧96] 球 1: (679,517) ✅ 在边界内
🎾 [球检测-帧96] 边界过滤: 1 → 1 个球
🎾 [球检测-帧96] 最终检测结果: 1 个球
🎾 [球检测-帧97] 开始球检测 (帧尺寸: 1280x720)
🎾 [球检测-帧97] 图像预处理: 1280x720 → 640x360
🎾 [球检测-帧97] HSV颜色范围: [20,50,50] - [70,255,255]
🎾 [球检测-帧97] 颜色匹配像素数: 223682
🎾 [球检测-帧97] 面积阈值(缩放后): min=25 max=500
🎾 [球检测-帧97] 区域面积过滤: 面积16.5px 超出范围[25-500]
🎾 [球检测-帧97] 区域面积过滤: 面积67473.5px 超出范围[25-500]
🎾 [球检测-帧97] 区域面积过滤: 面积67906.0px 超出范围[25-500]
🎾 [球检测-帧97] 区域面积过滤: 面积42437.0px 超出范围[25-500]
🎾 [球检测-帧97] 区域面积过滤: 面积43873.0px 超出范围[25-500]
🎾 [球检测-帧97] 面积过滤后有效区域数: 1
🎾 [球检测-帧97] 形态学清理后像素数: 177 (减少了223505)
🎾 [球检测-帧97] Hough参数(缩放后): minR=4, maxR=22, minDist=12
🎾 [球检测-帧97] Hough圆检测找到: 1 个圆
🎾 [球检测-帧97] 圆 1: 位置(679,517), 半径13px
🎾 [球检测-帧97] 圆 1: 质量分数 0.73
🎾 [球检测-帧97] 球 1: (679,517) ✅ 半径13px, 质量0.73, 圆度0.78, 边距203px 通过过滤
🎾 [球检测-帧97] 噪点过滤完成: 1 → 1 个球
🎾 [球检测-帧97] HSV检测结果: 1 个球
🎾 [球检测-帧97] 球 1: (679,517) ✅ 在边界内
🎾 [球检测-帧97] 边界过滤: 1 → 1 个球
🎾 [球检测-帧97] 最终检测结果: 1 个球
🎾 [球检测-帧98] 开始球检测 (帧尺寸: 1280x720)
🎾 [球检测-帧98] 图像预处理: 1280x720 → 640x360
🎾 [球检测-帧98] HSV颜色范围: [20,50,50] - [70,255,255]
🎾 [球检测-帧98] 颜色匹配像素数: 223688
🎾 [球检测-帧98] 面积阈值(缩放后): min=25 max=500
🎾 [球检测-帧98] 区域面积过滤: 面积16.5px 超出范围[25-500]
🎾 [球检测-帧98] 区域面积过滤: 面积67473.5px 超出范围[25-500]
🎾 [球检测-帧98] 区域面积过滤: 面积67906.0px 超出范围[25-500]
🎾 [球检测-帧98] 区域面积过滤: 面积42437.0px 超出范围[25-500]
🎾 [球检测-帧98] 区域面积过滤: 面积43873.0px 超出范围[25-500]
🎾 [球检测-帧98] 面积过滤后有效区域数: 1
🎾 [球检测-帧98] 形态学清理后像素数: 177 (减少了223511)
🎾 [球检测-帧98] Hough参数(缩放后): minR=4, maxR=22, minDist=12
🎾 [球检测-帧98] Hough圆检测找到: 1 个圆
🎾 [球检测-帧98] 圆 1: 位置(679,517), 半径13px
🎾 [球检测-帧98] 圆 1: 质量分数 0.73
🎾 [球检测-帧98] 球 1: (679,517) ✅ 半径13px, 质量0.73, 圆度0.78, 边距203px 通过过滤
🎾 [球检测-帧98] 噪点过滤完成: 1 → 1 个球
🎾 [球检测-帧98] HSV检测结果: 1 个球
🎾 [球检测-帧98] 球 1: (679,517) ✅ 在边界内
🎾 [球检测-帧98] 边界过滤: 1 → 1 个球
🎾 [球检测-帧98] 最终检测结果: 1 个球
🎾 [球检测-帧99] 开始球检测 (帧尺寸: 1280x720)
🎾 [球检测-帧99] 图像预处理: 1280x720 → 640x360
🎾 [球检测-帧99] HSV颜色范围: [20,50,50] - [70,255,255]
🎾 [球检测-帧99] 颜色匹配像素数: 223679
🎾 [球检测-帧99] 面积阈值(缩放后): min=25 max=500
🎾 [球检测-帧99] 区域面积过滤: 面积17.0px 超出范围[25-500]
🎾 [球检测-帧99] 区域面积过滤: 面积67481.5px 超出范围[25-500]
🎾 [球检测-帧99] 区域面积过滤: 面积67906.0px 超出范围[25-500]
🎾 [球检测-帧99] 区域面积过滤: 面积42437.0px 超出范围[25-500]
🎾 [球检测-帧99] 区域面积过滤: 面积43873.0px 超出范围[25-500]
🎾 [球检测-帧99] 面积过滤后有效区域数: 1
🎾 [球检测-帧99] 形态学清理后像素数: 175 (减少了223504)
🎾 [球检测-帧99] Hough参数(缩放后): minR=4, maxR=22, minDist=12
🎾 [球检测-帧99] Hough圆检测找到: 1 个圆
🎾 [球检测-帧99] 圆 1: 位置(669,513), 半径19px
🎾 [球检测-帧99] 圆 1: 质量分数 0.56
🎾 [球检测-帧99] 球 1: (669,513) ❌ 圆度0.55低于0.58
🎾 [球检测-帧99] 噪点过滤完成: 1 → 0 个球
🎾 [球检测-帧99] HSV检测结果: 0 个球
🎾 [球检测-帧99] 边界过滤: 0 → 0 个球
🎾 [球检测-帧99] 最终检测结果: 0 个球
🎾 [球检测-帧100] 开始球检测 (帧尺寸: 1280x720)
🎾 [球检测-帧100] 图像预处理: 1280x720 → 640x360
🎾 [球检测-帧100] HSV颜色范围: [20,50,50] - [70,255,255]
🎾 [球检测-帧100] 颜色匹配像素数: 223676
🎾 [球检测-帧100] 面积阈值(缩放后): min=25 max=500
🎾 [球检测-帧100] 区域面积过滤: 面积17.0px 超出范围[25-500]
🎾 [球检测-帧100] 区域面积过滤: 面积67481.5px 超出范围[25-500]
🎾 [球检测-帧100] 区域面积过滤: 面积67906.0px 超出范围[25-500]
🎾 [球检测-帧100] 区域面积过滤: 面积42437.0px 超出范围[25-500]
🎾 [球检测-帧100] 区域面积过滤: 面积43873.0px 超出范围[25-500]
🎾 [球检测-帧100] 面积过滤后有效区域数: 1
🎾 [球检测-帧100] 形态学清理后像素数: 175 (减少了223501)
🎾 [球检测-帧100] Hough参数(缩放后): minR=4, maxR=22, minDist=12
🎾 [球检测-帧100] Hough圆检测找到: 1 个圆
🎾 [球检测-帧100] 圆 1: 位置(669,513), 半径19px
🎾 [球检测-帧100] 圆 1: 质量分数 0.56
🎾 [球检测-帧100] 球 1: (669,513) ❌ 圆度0.55低于0.58
🎾 [球检测-帧100] 噪点过滤完成: 1 → 0 个球
🎾 [球检测-帧100] HSV检测结果: 0 个球
🎾 [球检测-帧100] 边界过滤: 0 → 0 个球
🎾 [球检测-帧100] 最终检测结果: 0 个球
🎾 [球检测-帧100] 调试帧已保存: debug_frames/ball_debug_frame_0100.jpg
🎾 [球检测-帧101] 开始球检测 (帧尺寸: 1280x720)
🎾 [球检测-帧101] 图像预处理: 1280x720 → 640x360
🎾 [球检测-帧101] HSV颜色范围: [20,50,50] - [70,255,255]
🎾 [球检测-帧101] 颜色匹配像素数: 223705
🎾 [球检测-帧101] 面积阈值(缩放后): min=25 max=500
🎾 [球检测-帧101] 区域面积过滤: 面积17.0px 超出范围[25-500]
🎾 [球检测-帧101] 区域面积过滤: 面积67481.5px 超出范围[25-500]
🎾 [球检测-帧101] 区域面积过滤: 面积67906.0px 超出范围[25-500]
🎾 [球检测-帧101] 区域面积过滤: 面积42437.0px 超出范围[25-500]
🎾 [球检测-帧101] 区域面积过滤: 面积43873.0px 超出范围[25-500]
🎾 [球检测-帧101] 面积过滤后有效区域数: 1
🎾 [球检测-帧101] 形态学清理后像素数: 175 (减少了223530)
🎾 [球检测-帧101] Hough参数(缩放后): minR=4, maxR=22, minDist=12
🎾 [球检测-帧101] Hough圆检测找到: 1 个圆
🎾 [球检测-帧101] 圆 1: 位置(669,513), 半径19px
🎾 [球检测-帧101] 圆 1: 质量分数 0.56
🎾 [球检测-帧101] 球 1: (669,513) ❌ 圆度0.55低于0.58
🎾 [球检测-帧101] 噪点过滤完成: 1 → 0 个球
🎾 [球检测-帧101] HSV检测结果: 0 个球
🎾 [球检测-帧101] 边界过滤: 0 → 0 个球
🎾 [球检测-帧101] 最终检测结果: 0 个球
🎾 [球检测-帧102] 开始球检测 (帧尺寸: 1280x720)
🎾 [球检测-帧102] 图像预处理: 1280x720 → 640x360
🎾 [球检测-帧102] HSV颜色范围: [20,50,50] - [70,255,255]
🎾 [球检测-帧102] 颜色匹配像素数: 223703
🎾 [球检测-帧102] 面积阈值(缩放后): min=25 max=500
🎾 [球检测-帧102] 区域面积过滤: 面积17.0px 超出范围[25-500]
🎾 [球检测-帧102] 区域面积过滤: 面积67481.5px 超出范围[25-500]
🎾 [球检测-帧102] 区域面积过滤: 面积67906.0px 超出范围[25-500]
🎾 [球检测-帧102] 区域面积过滤: 面积42437.0px 超出范围[25-500]
🎾 [球检测-帧102] 区域面积过滤: 面积43873.0px 超出范围[25-500]
🎾 [球检测-帧102] 面积过滤后有效区域数: 1
🎾 [球检测-帧102] 形态学清理后像素数: 175 (减少了223528)
🎾 [球检测-帧102] Hough参数(缩放后): minR=4, maxR=22, minDist=12
🎾 [球检测-帧102] Hough圆检测找到: 1 个圆
🎾 [球检测-帧102] 圆 1: 位置(669,513), 半径19px
🎾 [球检测-帧102] 圆 1: 质量分数 0.56
🎾 [球检测-帧102] 球 1: (669,513) ❌ 圆度0.55低于0.58
🎾 [球检测-帧102] 噪点过滤完成: 1 → 0 个球
🎾 [球检测-帧102] HSV检测结果: 0 个球
🎾 [球检测-帧102] 边界过滤: 0 → 0 个球
🎾 [球检测-帧102] 最终检测结果: 0 个球
🎾 [球检测-帧103] 开始球检测 (帧尺寸: 1280x720)
🎾 [球检测-帧103] 图像预处理: 1280x720 → 640x360
🎾 [球检测-帧103] HSV颜色范围: [20,50,50] - [70,255,255]
🎾 [球检测-帧103] 颜色匹配像素数: 223696
🎾 [球检测-帧103] 面积阈值(缩放后): min=25 max=500
🎾 [球检测-帧103] 区域面积过滤: 面积14.5px 超出范围[25-500]
🎾 [球检测-帧103] 区域面积过滤: 面积67488.5px 超出范围[25-500]
🎾 [球检测-帧103] 区域面积过滤: 面积67906.0px 超出范围[25-500]
🎾 [球检测-帧103] 区域面积过滤: 面积42437.0px 超出范围[25-500]
🎾 [球检测-帧103] 区域面积过滤: 面积43873.0px 超出范围[25-500]
🎾 [球检测-帧103] 面积过滤后有效区域数: 1
🎾 [球检测-帧103] 形态学清理后像素数: 172 (减少了223524)
🎾 [球检测-帧103] Hough参数(缩放后): minR=4, maxR=22, minDist=12
🎾 [球检测-帧103] Hough圆检测找到: 1 个圆
🎾 [球检测-帧103] 圆 1: 位置(677,511), 半径17px
🎾 [球检测-帧103] 圆 1: 质量分数 0.63
🎾 [球检测-帧103] 球 1: (677,511) ❌ 圆度0.57低于0.58
🎾 [球检测-帧103] 噪点过滤完成: 1 → 0 个球
🎾 [球检测-帧103] HSV检测结果: 0 个球
🎾 [球检测-帧103] 边界过滤: 0 → 0 个球
🎾 [球检测-帧103] 最终检测结果: 0 个球
🎾 [球检测-帧104] 开始球检测 (帧尺寸: 1280x720)
🎾 [球检测-帧104] 图像预处理: 1280x720 → 640x360
🎾 [球检测-帧104] HSV颜色范围: [20,50,50] - [70,255,255]
🎾 [球检测-帧104] 颜色匹配像素数: 223710
🎾 [球检测-帧104] 面积阈值(缩放后): min=25 max=500
🎾 [球检测-帧104] 区域面积过滤: 面积16.5px 超出范围[25-500]
🎾 [球检测-帧104] 区域面积过滤: 面积67498.5px 超出范围[25-500]
🎾 [球检测-帧104] 区域面积过滤: 面积67906.0px 超出范围[25-500]
🎾 [球检测-帧104] 区域面积过滤: 面积42437.0px 超出范围[25-500]
🎾 [球检测-帧104] 区域面积过滤: 面积43873.0px 超出范围[25-500]
🎾 [球检测-帧104] 面积过滤后有效区域数: 1
🎾 [球检测-帧104] 形态学清理后像素数: 168 (减少了223542)
🎾 [球检测-帧104] Hough参数(缩放后): minR=4, maxR=22, minDist=12
🎾 [球检测-帧104] Hough圆检测找到: 1 个圆
🎾 [球检测-帧104] 圆 1: 位置(675,517), 半径12px
🎾 [球检测-帧104] 圆 1: 质量分数 0.71
🎾 [球检测-帧104] 球 1: (675,517) ✅ 半径12px, 质量0.71, 圆度0.77, 边距203px 通过过滤
🎾 [球检测-帧104] 噪点过滤完成: 1 → 1 个球
🎾 [球检测-帧104] HSV检测结果: 1 个球
🎾 [球检测-帧104] 球 1: (675,517) ✅ 在边界内
🎾 [球检测-帧104] 边界过滤: 1 → 1 个球
🎾 [球检测-帧104] 最终检测结果: 1 个球
🎾 [球检测-帧105] 开始球检测 (帧尺寸: 1280x720)
🎾 [球检测-帧105] 图像预处理: 1280x720 → 640x360
🎾 [球检测-帧105] HSV颜色范围: [20,50,50] - [70,255,255]
🎾 [球检测-帧105] 颜色匹配像素数: 223702
🎾 [球检测-帧105] 面积阈值(缩放后): min=25 max=500
🎾 [球检测-帧105] 区域面积过滤: 面积16.5px 超出范围[25-500]
🎾 [球检测-帧105] 区域面积过滤: 面积67498.5px 超出范围[25-500]
🎾 [球检测-帧105] 区域面积过滤: 面积67906.0px 超出范围[25-500]
🎾 [球检测-帧105] 区域面积过滤: 面积42437.0px 超出范围[25-500]
🎾 [球检测-帧105] 区域面积过滤: 面积43873.0px 超出范围[25-500]
🎾 [球检测-帧105] 面积过滤后有效区域数: 1
🎾 [球检测-帧105] 形态学清理后像素数: 168 (减少了223534)
🎾 [球检测-帧105] Hough参数(缩放后): minR=4, maxR=22, minDist=12
🎾 [球检测-帧105] Hough圆检测找到: 1 个圆
🎾 [球检测-帧105] 圆 1: 位置(675,517), 半径12px
🎾 [球检测-帧105] 圆 1: 质量分数 0.71
🎾 [球检测-帧105] 球 1: (675,517) ✅ 半径12px, 质量0.71, 圆度0.77, 边距203px 通过过滤
🎾 [球检测-帧105] 噪点过滤完成: 1 → 1 个球
🎾 [球检测-帧105] HSV检测结果: 1 个球
🎾 [球检测-帧105] 球 1: (675,517) ✅ 在边界内
🎾 [球检测-帧105] 边界过滤: 1 → 1 个球
🎾 [球检测-帧105] 最终检测结果: 1 个球
🎾 [球检测-帧106] 开始球检测 (帧尺寸: 1280x720)
🎾 [球检测-帧106] 图像预处理: 1280x720 → 640x360
🎾 [球检测-帧106] HSV颜色范围: [20,50,50] - [70,255,255]
🎾 [球检测-帧106] 颜色匹配像素数: 223706
🎾 [球检测-帧106] 面积阈值(缩放后): min=25 max=500
🎾 [球检测-帧106] 区域面积过滤: 面积16.5px 超出范围[25-500]
🎾 [球检测-帧106] 区域面积过滤: 面积67498.5px 超出范围[25-500]
🎾 [球检测-帧106] 区域面积过滤: 面积67906.0px 超出范围[25-500]
🎾 [球检测-帧106] 区域面积过滤: 面积42437.0px 超出范围[25-500]
🎾 [球检测-帧106] 区域面积过滤: 面积43873.0px 超出范围[25-500]
🎾 [球检测-帧106] 面积过滤后有效区域数: 1
🎾 [球检测-帧106] 形态学清理后像素数: 168 (减少了223538)
🎾 [球检测-帧106] Hough参数(缩放后): minR=4, maxR=22, minDist=12
🎾 [球检测-帧106] Hough圆检测找到: 1 个圆
🎾 [球检测-帧106] 圆 1: 位置(675,517), 半径12px
🎾 [球检测-帧106] 圆 1: 质量分数 0.71
🎾 [球检测-帧106] 球 1: (675,517) ✅ 半径12px, 质量0.71, 圆度0.77, 边距203px 通过过滤
🎾 [球检测-帧106] 噪点过滤完成: 1 → 1 个球
🎾 [球检测-帧106] HSV检测结果: 1 个球
🎾 [球检测-帧106] 球 1: (675,517) ✅ 在边界内
🎾 [球检测-帧106] 边界过滤: 1 → 1 个球
🎾 [球检测-帧106] 最终检测结果: 1 个球
🎾 [球检测-帧107] 开始球检测 (帧尺寸: 1280x720)
🎾 [球检测-帧107] 图像预处理: 1280x720 → 640x360
🎾 [球检测-帧107] HSV颜色范围: [20,50,50] - [70,255,255]
🎾 [球检测-帧107] 颜色匹配像素数: 223707
🎾 [球检测-帧107] 面积阈值(缩放后): min=25 max=500
🎾 [球检测-帧107] 区域面积过滤: 面积16.5px 超出范围[25-500]
🎾 [球检测-帧107] 区域面积过滤: 面积67498.5px 超出范围[25-500]
🎾 [球检测-帧107] 区域面积过滤: 面积67906.0px 超出范围[25-500]
🎾 [球检测-帧107] 区域面积过滤: 面积42437.0px 超出范围[25-500]
🎾 [球检测-帧107] 区域面积过滤: 面积43873.0px 超出范围[25-500]
🎾 [球检测-帧107] 面积过滤后有效区域数: 1
🎾 [球检测-帧107] 形态学清理后像素数: 168 (减少了223539)
🎾 [球检测-帧107] Hough参数(缩放后): minR=4, maxR=22, minDist=12
🎾 [球检测-帧107] Hough圆检测找到: 1 个圆
🎾 [球检测-帧107] 圆 1: 位置(675,517), 半径12px
🎾 [球检测-帧107] 圆 1: 质量分数 0.71
🎾 [球检测-帧107] 球 1: (675,517) ✅ 半径12px, 质量0.71, 圆度0.77, 边距203px 通过过滤
🎾 [球检测-帧107] 噪点过滤完成: 1 → 1 个球
🎾 [球检测-帧107] HSV检测结果: 1 个球
🎾 [球检测-帧107] 球 1: (675,517) ✅ 在边界内
🎾 [球检测-帧107] 边界过滤: 1 → 1 个球
🎾 [球检测-帧107] 最终检测结果: 1 个球
🎾 [球检测-帧108] 开始球检测 (帧尺寸: 1280x720)
🎾 [球检测-帧108] 图像预处理: 1280x720 → 640x360
🎾 [球检测-帧108] HSV颜色范围: [20,50,50] - [70,255,255]
🎾 [球检测-帧108] 颜色匹配像素数: 223714
🎾 [球检测-帧108] 面积阈值(缩放后): min=25 max=500
🎾 [球检测-帧108] 区域面积过滤: 面积16.5px 超出范围[25-500]
🎾 [球检测-帧108] 区域面积过滤: 面积67498.5px 超出范围[25-500]
🎾 [球检测-帧108] 区域面积过滤: 面积67906.0px 超出范围[25-500]
🎾 [球检测-帧108] 区域面积过滤: 面积42437.0px 超出范围[25-500]
🎾 [球检测-帧108] 区域面积过滤: 面积43873.0px 超出范围[25-500]
🎾 [球检测-帧108] 面积过滤后有效区域数: 1
🎾 [球检测-帧108] 形态学清理后像素数: 168 (减少了223546)
🎾 [球检测-帧108] Hough参数(缩放后): minR=4, maxR=22, minDist=12
🎾 [球检测-帧108] Hough圆检测找到: 1 个圆
🎾 [球检测-帧108] 圆 1: 位置(675,517), 半径12px
🎾 [球检测-帧108] 圆 1: 质量分数 0.71
🎾 [球检测-帧108] 球 1: (675,517) ✅ 半径12px, 质量0.71, 圆度0.77, 边距203px 通过过滤
🎾 [球检测-帧108] 噪点过滤完成: 1 → 1 个球
🎾 [球检测-帧108] HSV检测结果: 1 个球
🎾 [球检测-帧108] 球 1: (675,517) ✅ 在边界内
🎾 [球检测-帧108] 边界过滤: 1 → 1 个球
🎾 [球检测-帧108] 最终检测结果: 1 个球
🎾 [球检测-帧109] 开始球检测 (帧尺寸: 1280x720)
🎾 [球检测-帧109] 图像预处理: 1280x720 → 640x360
🎾 [球检测-帧109] HSV颜色范围: [20,50,50] - [70,255,255]
🎾 [球检测-帧109] 颜色匹配像素数: 223693
🎾 [球检测-帧109] 面积阈值(缩放后): min=25 max=500
🎾 [球检测-帧109] 区域面积过滤: 面积19.0px 超出范围[25-500]
🎾 [球检测-帧109] 区域面积过滤: 面积67492.0px 超出范围[25-500]
🎾 [球检测-帧109] 区域面积过滤: 面积67906.0px 超出范围[25-500]
🎾 [球检测-帧109] 区域面积过滤: 面积42437.0px 超出范围[25-500]
🎾 [球检测-帧109] 区域面积过滤: 面积43873.0px 超出范围[25-500]
🎾 [球检测-帧109] 面积过滤后有效区域数: 1
🎾 [球检测-帧109] 形态学清理后像素数: 161 (减少了223532)
🎾 [球检测-帧109] Hough参数(缩放后): minR=4, maxR=22, minDist=12
🎾 [球检测-帧109] Hough圆检测找到: 1 个圆
🎾 [球检测-帧109] 圆 1: 位置(673,513), 半径12px
🎾 [球检测-帧109] 圆 1: 质量分数 0.69
🎾 [球检测-帧109] 球 1: (673,513) ❌ 圆度0.47低于0.58
🎾 [球检测-帧109] 噪点过滤完成: 1 → 0 个球
🎾 [球检测-帧109] HSV检测结果: 0 个球
🎾 [球检测-帧109] 边界过滤: 0 → 0 个球
🎾 [球检测-帧109] 最终检测结果: 0 个球
🎾 [球检测-帧110] 开始球检测 (帧尺寸: 1280x720)
🎾 [球检测-帧110] 图像预处理: 1280x720 → 640x360
🎾 [球检测-帧110] HSV颜色范围: [20,50,50] - [70,255,255]
🎾 [球检测-帧110] 颜色匹配像素数: 223682
🎾 [球检测-帧110] 面积阈值(缩放后): min=25 max=500
🎾 [球检测-帧110] 区域面积过滤: 面积19.0px 超出范围[25-500]
🎾 [球检测-帧110] 区域面积过滤: 面积67492.0px 超出范围[25-500]
🎾 [球检测-帧110] 区域面积过滤: 面积67906.0px 超出范围[25-500]
🎾 [球检测-帧110] 区域面积过滤: 面积42437.0px 超出范围[25-500]
🎾 [球检测-帧110] 区域面积过滤: 面积43873.0px 超出范围[25-500]
🎾 [球检测-帧110] 面积过滤后有效区域数: 1
🎾 [球检测-帧110] 形态学清理后像素数: 161 (减少了223521)
🎾 [球检测-帧110] Hough参数(缩放后): minR=4, maxR=22, minDist=12
🎾 [球检测-帧110] Hough圆检测找到: 1 个圆
🎾 [球检测-帧110] 圆 1: 位置(673,513), 半径12px
🎾 [球检测-帧110] 圆 1: 质量分数 0.69
🎾 [球检测-帧110] 球 1: (673,513) ❌ 圆度0.47低于0.58
🎾 [球检测-帧110] 噪点过滤完成: 1 → 0 个球
🎾 [球检测-帧110] HSV检测结果: 0 个球
🎾 [球检测-帧110] 边界过滤: 0 → 0 个球
🎾 [球检测-帧110] 最终检测结果: 0 个球
🎾 [球检测-帧110] 调试帧已保存: debug_frames/ball_debug_frame_0110.jpg
🎾 [球检测-帧111] 开始球检测 (帧尺寸: 1280x720)
🎾 [球检测-帧111] 图像预处理: 1280x720 → 640x360
🎾 [球检测-帧111] HSV颜色范围: [20,50,50] - [70,255,255]
🎾 [球检测-帧111] 颜色匹配像素数: 223706
🎾 [球检测-帧111] 面积阈值(缩放后): min=25 max=500
🎾 [球检测-帧111] 区域面积过滤: 面积19.0px 超出范围[25-500]
🎾 [球检测-帧111] 区域面积过滤: 面积67492.0px 超出范围[25-500]
🎾 [球检测-帧111] 区域面积过滤: 面积67906.0px 超出范围[25-500]
🎾 [球检测-帧111] 区域面积过滤: 面积42437.0px 超出范围[25-500]
🎾 [球检测-帧111] 区域面积过滤: 面积43873.0px 超出范围[25-500]
🎾 [球检测-帧111] 面积过滤后有效区域数: 1
🎾 [球检测-帧111] 形态学清理后像素数: 161 (减少了223545)
🎾 [球检测-帧111] Hough参数(缩放后): minR=4, maxR=22, minDist=12
🎾 [球检测-帧111] Hough圆检测找到: 1 个圆
🎾 [球检测-帧111] 圆 1: 位置(673,513), 半径12px
🎾 [球检测-帧111] 圆 1: 质量分数 0.69
🎾 [球检测-帧111] 球 1: (673,513) ❌ 圆度0.47低于0.58
🎾 [球检测-帧111] 噪点过滤完成: 1 → 0 个球
🎾 [球检测-帧111] HSV检测结果: 0 个球
🎾 [球检测-帧111] 边界过滤: 0 → 0 个球
🎾 [球检测-帧111] 最终检测结果: 0 个球
🎾 [球检测-帧112] 开始球检测 (帧尺寸: 1280x720)
🎾 [球检测-帧112] 图像预处理: 1280x720 → 640x360
🎾 [球检测-帧112] HSV颜色范围: [20,50,50] - [70,255,255]
🎾 [球检测-帧112] 颜色匹配像素数: 223710
🎾 [球检测-帧112] 面积阈值(缩放后): min=25 max=500
🎾 [球检测-帧112] 区域面积过滤: 面积19.0px 超出范围[25-500]
🎾 [球检测-帧112] 区域面积过滤: 面积67492.0px 超出范围[25-500]
🎾 [球检测-帧112] 区域面积过滤: 面积67906.0px 超出范围[25-500]
🎾 [球检测-帧112] 区域面积过滤: 面积42437.0px 超出范围[25-500]
🎾 [球检测-帧112] 区域面积过滤: 面积43873.0px 超出范围[25-500]
🎾 [球检测-帧112] 面积过滤后有效区域数: 1
🎾 [球检测-帧112] 形态学清理后像素数: 161 (减少了223549)
🎾 [球检测-帧112] Hough参数(缩放后): minR=4, maxR=22, minDist=12
🎾 [球检测-帧112] Hough圆检测找到: 1 个圆
🎾 [球检测-帧112] 圆 1: 位置(673,513), 半径12px
🎾 [球检测-帧112] 圆 1: 质量分数 0.69
🎾 [球检测-帧112] 球 1: (673,513) ❌ 圆度0.47低于0.58
🎾 [球检测-帧112] 噪点过滤完成: 1 → 0 个球
🎾 [球检测-帧112] HSV检测结果: 0 个球
🎾 [球检测-帧112] 边界过滤: 0 → 0 个球
🎾 [球检测-帧112] 最终检测结果: 0 个球
🎾 [球检测-帧113] 开始球检测 (帧尺寸: 1280x720)
🎾 [球检测-帧113] 图像预处理: 1280x720 → 640x360
🎾 [球检测-帧113] HSV颜色范围: [20,50,50] - [70,255,255]
🎾 [球检测-帧113] 颜色匹配像素数: 223696
🎾 [球检测-帧113] 面积阈值(缩放后): min=25 max=500
🎾 [球检测-帧113] 区域面积过滤: 面积19.0px 超出范围[25-500]
🎾 [球检测-帧113] 区域面积过滤: 面积67492.0px 超出范围[25-500]
🎾 [球检测-帧113] 区域面积过滤: 面积67906.0px 超出范围[25-500]
🎾 [球检测-帧113] 区域面积过滤: 面积42437.0px 超出范围[25-500]
🎾 [球检测-帧113] 区域面积过滤: 面积43873.0px 超出范围[25-500]
🎾 [球检测-帧113] 面积过滤后有效区域数: 1
🎾 [球检测-帧113] 形态学清理后像素数: 161 (减少了223535)
🎾 [球检测-帧113] Hough参数(缩放后): minR=4, maxR=22, minDist=12
🎾 [球检测-帧113] Hough圆检测找到: 1 个圆
🎾 [球检测-帧113] 圆 1: 位置(673,513), 半径12px
🎾 [球检测-帧113] 圆 1: 质量分数 0.69
🎾 [球检测-帧113] 球 1: (673,513) ❌ 圆度0.47低于0.58
🎾 [球检测-帧113] 噪点过滤完成: 1 → 0 个球
🎾 [球检测-帧113] HSV检测结果: 0 个球
🎾 [球检测-帧113] 边界过滤: 0 → 0 个球
🎾 [球检测-帧113] 最终检测结果: 0 个球
🎾 [球检测-帧114] 开始球检测 (帧尺寸: 1280x720)
🎾 [球检测-帧114] 图像预处理: 1280x720 → 640x360
🎾 [球检测-帧114] HSV颜色范围: [20,50,50] - [70,255,255]
🎾 [球检测-帧114] 颜色匹配像素数: 223701
🎾 [球检测-帧114] 面积阈值(缩放后): min=25 max=500
🎾 [球检测-帧114] 区域面积过滤: 面积19.0px 超出范围[25-500]
🎾 [球检测-帧114] 区域面积过滤: 面积67492.0px 超出范围[25-500]
🎾 [球检测-帧114] 区域面积过滤: 面积67906.0px 超出范围[25-500]
🎾 [球检测-帧114] 区域面积过滤: 面积42437.0px 超出范围[25-500]
🎾 [球检测-帧114] 区域面积过滤: 面积43873.0px 超出范围[25-500]
🎾 [球检测-帧114] 面积过滤后有效区域数: 1
🎾 [球检测-帧114] 形态学清理后像素数: 161 (减少了223540)
🎾 [球检测-帧114] Hough参数(缩放后): minR=4, maxR=22, minDist=12
🎾 [球检测-帧114] Hough圆检测找到: 1 个圆
🎾 [球检测-帧114] 圆 1: 位置(673,513), 半径12px
🎾 [球检测-帧114] 圆 1: 质量分数 0.69
🎾 [球检测-帧114] 球 1: (673,513) ❌ 圆度0.47低于0.58
🎾 [球检测-帧114] 噪点过滤完成: 1 → 0 个球
🎾 [球检测-帧114] HSV检测结果: 0 个球
🎾 [球检测-帧114] 边界过滤: 0 → 0 个球
🎾 [球检测-帧114] 最终检测结果: 0 个球
🎾 [球检测-帧115] 开始球检测 (帧尺寸: 1280x720)
🎾 [球检测-帧115] 图像预处理: 1280x720 → 640x360
🎾 [球检测-帧115] HSV颜色范围: [20,50,50] - [70,255,255]
🎾 [球检测-帧115] 颜色匹配像素数: 223699
🎾 [球检测-帧115] 面积阈值(缩放后): min=25 max=500
🎾 [球检测-帧115] 区域面积过滤: 面积19.0px 超出范围[25-500]
🎾 [球检测-帧115] 区域面积过滤: 面积67492.0px 超出范围[25-500]
🎾 [球检测-帧115] 区域面积过滤: 面积67906.0px 超出范围[25-500]
🎾 [球检测-帧115] 区域面积过滤: 面积42437.0px 超出范围[25-500]
🎾 [球检测-帧115] 区域面积过滤: 面积43873.0px 超出范围[25-500]
🎾 [球检测-帧115] 面积过滤后有效区域数: 1
🎾 [球检测-帧115] 形态学清理后像素数: 161 (减少了223538)
🎾 [球检测-帧115] Hough参数(缩放后): minR=4, maxR=22, minDist=12
🎾 [球检测-帧115] Hough圆检测找到: 1 个圆
🎾 [球检测-帧115] 圆 1: 位置(673,513), 半径12px
🎾 [球检测-帧115] 圆 1: 质量分数 0.69
🎾 [球检测-帧115] 球 1: (673,513) ❌ 圆度0.47低于0.58
🎾 [球检测-帧115] 噪点过滤完成: 1 → 0 个球
🎾 [球检测-帧115] HSV检测结果: 0 个球
🎾 [球检测-帧115] 边界过滤: 0 → 0 个球
🎾 [球检测-帧115] 最终检测结果: 0 个球
🎾 [球检测-帧116] 开始球检测 (帧尺寸: 1280x720)
🎾 [球检测-帧116] 图像预处理: 1280x720 → 640x360
🎾 [球检测-帧116] HSV颜色范围: [20,50,50] - [70,255,255]
🎾 [球检测-帧116] 颜色匹配像素数: 223696
🎾 [球检测-帧116] 面积阈值(缩放后): min=25 max=500
🎾 [球检测-帧116] 区域面积过滤: 面积19.0px 超出范围[25-500]
🎾 [球检测-帧116] 区域面积过滤: 面积67492.0px 超出范围[25-500]
🎾 [球检测-帧116] 区域面积过滤: 面积67906.0px 超出范围[25-500]
🎾 [球检测-帧116] 区域面积过滤: 面积42437.0px 超出范围[25-500]
🎾 [球检测-帧116] 区域面积过滤: 面积43873.0px 超出范围[25-500]
🎾 [球检测-帧116] 面积过滤后有效区域数: 1
🎾 [球检测-帧116] 形态学清理后像素数: 161 (减少了223535)
🎾 [球检测-帧116] Hough参数(缩放后): minR=4, maxR=22, minDist=12
🎾 [球检测-帧116] Hough圆检测找到: 1 个圆
🎾 [球检测-帧116] 圆 1: 位置(673,513), 半径12px
🎾 [球检测-帧116] 圆 1: 质量分数 0.69
🎾 [球检测-帧116] 球 1: (673,513) ❌ 圆度0.47低于0.58
🎾 [球检测-帧116] 噪点过滤完成: 1 → 0 个球
🎾 [球检测-帧116] HSV检测结果: 0 个球
🎾 [球检测-帧116] 边界过滤: 0 → 0 个球
🎾 [球检测-帧116] 最终检测结果: 0 个球
🎾 [球检测-帧117] 开始球检测 (帧尺寸: 1280x720)
🎾 [球检测-帧117] 图像预处理: 1280x720 → 640x360
🎾 [球检测-帧117] HSV颜色范围: [20,50,50] - [70,255,255]
🎾 [球检测-帧117] 颜色匹配像素数: 223697
🎾 [球检测-帧117] 面积阈值(缩放后): min=25 max=500
🎾 [球检测-帧117] 区域面积过滤: 面积19.0px 超出范围[25-500]
🎾 [球检测-帧117] 区域面积过滤: 面积67492.0px 超出范围[25-500]
🎾 [球检测-帧117] 区域面积过滤: 面积67906.0px 超出范围[25-500]
🎾 [球检测-帧117] 区域面积过滤: 面积42437.0px 超出范围[25-500]
🎾 [球检测-帧117] 区域面积过滤: 面积43873.0px 超出范围[25-500]
🎾 [球检测-帧117] 面积过滤后有效区域数: 1
🎾 [球检测-帧117] 形态学清理后像素数: 161 (减少了223536)
🎾 [球检测-帧117] Hough参数(缩放后): minR=4, maxR=22, minDist=12
🎾 [球检测-帧117] Hough圆检测找到: 1 个圆
🎾 [球检测-帧117] 圆 1: 位置(673,513), 半径12px
🎾 [球检测-帧117] 圆 1: 质量分数 0.69
🎾 [球检测-帧117] 球 1: (673,513) ❌ 圆度0.47低于0.58
🎾 [球检测-帧117] 噪点过滤完成: 1 → 0 个球
🎾 [球检测-帧117] HSV检测结果: 0 个球
🎾 [球检测-帧117] 边界过滤: 0 → 0 个球
🎾 [球检测-帧117] 最终检测结果: 0 个球
🎾 [球检测-帧118] 开始球检测 (帧尺寸: 1280x720)
🎾 [球检测-帧118] 图像预处理: 1280x720 → 640x360
🎾 [球检测-帧118] HSV颜色范围: [20,50,50] - [70,255,255]
🎾 [球检测-帧118] 颜色匹配像素数: 223706
🎾 [球检测-帧118] 面积阈值(缩放后): min=25 max=500
🎾 [球检测-帧118] 区域面积过滤: 面积19.0px 超出范围[25-500]
🎾 [球检测-帧118] 区域面积过滤: 面积67492.0px 超出范围[25-500]
🎾 [球检测-帧118] 区域面积过滤: 面积67906.0px 超出范围[25-500]
🎾 [球检测-帧118] 区域面积过滤: 面积42437.0px 超出范围[25-500]
🎾 [球检测-帧118] 区域面积过滤: 面积43873.0px 超出范围[25-500]
🎾 [球检测-帧118] 面积过滤后有效区域数: 1
🎾 [球检测-帧118] 形态学清理后像素数: 161 (减少了223545)
🎾 [球检测-帧118] Hough参数(缩放后): minR=4, maxR=22, minDist=12
🎾 [球检测-帧118] Hough圆检测找到: 1 个圆
🎾 [球检测-帧118] 圆 1: 位置(673,513), 半径12px
🎾 [球检测-帧118] 圆 1: 质量分数 0.69
🎾 [球检测-帧118] 球 1: (673,513) ❌ 圆度0.47低于0.58
🎾 [球检测-帧118] 噪点过滤完成: 1 → 0 个球
🎾 [球检测-帧118] HSV检测结果: 0 个球
🎾 [球检测-帧118] 边界过滤: 0 → 0 个球
🎾 [球检测-帧118] 最终检测结果: 0 个球
🎾 [球检测-帧119] 开始球检测 (帧尺寸: 1280x720)
🎾 [球检测-帧119] 图像预处理: 1280x720 → 640x360
🎾 [球检测-帧119] HSV颜色范围: [20,50,50] - [70,255,255]
🎾 [球检测-帧119] 颜色匹配像素数: 223702
🎾 [球检测-帧119] 面积阈值(缩放后): min=25 max=500
🎾 [球检测-帧119] 区域面积过滤: 面积67492.5px 超出范围[25-500]
🎾 [球检测-帧119] 区域面积过滤: 面积67906.0px 超出范围[25-500]
🎾 [球检测-帧119] 区域面积过滤: 面积42437.0px 超出范围[25-500]
🎾 [球检测-帧119] 区域面积过滤: 面积43873.0px 超出范围[25-500]
🎾 [球检测-帧119] 面积过滤后有效区域数: 2
🎾 [球检测-帧119] 形态学清理后像素数: 223 (减少了223479)
🎾 [球检测-帧119] Hough参数(缩放后): minR=4, maxR=22, minDist=12
🎾 [球检测-帧119] Hough圆检测找到: 2 个圆
🎾 [球检测-帧119] 圆 1: 位置(675,509), 半径16px
🎾 [球检测-帧119] 圆 1: 质量分数 0.58
🎾 [球检测-帧119] 圆 2: 位置(675,485), 半径12px
🎾 [球检测-帧119] 圆 2: 质量分数 0.44
🎾 [球检测-帧119] 球 1: (675,509) ❌ 圆度0.57低于0.58
🎾 [球检测-帧119] 球 2: (675,485) ❌ 圆度0.52低于0.58
🎾 [球检测-帧119] 噪点过滤完成: 2 → 0 个球
🎾 [球检测-帧119] HSV检测结果: 0 个球
🎾 [球检测-帧119] 边界过滤: 0 → 0 个球
🎾 [球检测-帧119] 最终检测结果: 0 个球
🎾 [球检测-帧120] 开始球检测 (帧尺寸: 1280x720)
🎾 [球检测-帧120] 图像预处理: 1280x720 → 640x360
🎾 [球检测-帧120] HSV颜色范围: [20,50,50] - [70,255,255]
🎾 [球检测-帧120] 颜色匹配像素数: 223705
🎾 [球检测-帧120] 面积阈值(缩放后): min=25 max=500
🎾 [球检测-帧120] 区域面积过滤: 面积67492.5px 超出范围[25-500]
🎾 [球检测-帧120] 区域面积过滤: 面积67906.0px 超出范围[25-500]
🎾 [球检测-帧120] 区域面积过滤: 面积42437.0px 超出范围[25-500]
🎾 [球检测-帧120] 区域面积过滤: 面积43873.0px 超出范围[25-500]
🎾 [球检测-帧120] 面积过滤后有效区域数: 2
🎾 [球检测-帧120] 形态学清理后像素数: 223 (减少了223482)
🎾 [球检测-帧120] Hough参数(缩放后): minR=4, maxR=22, minDist=12
🎾 [球检测-帧120] Hough圆检测找到: 2 个圆
🎾 [球检测-帧120] 圆 1: 位置(675,509), 半径16px
🎾 [球检测-帧120] 圆 1: 质量分数 0.58
🎾 [球检测-帧120] 圆 2: 位置(675,485), 半径12px
🎾 [球检测-帧120] 圆 2: 质量分数 0.44
🎾 [球检测-帧120] 球 1: (675,509) ❌ 圆度0.57低于0.58
🎾 [球检测-帧120] 球 2: (675,485) ❌ 圆度0.52低于0.58
🎾 [球检测-帧120] 噪点过滤完成: 2 → 0 个球
🎾 [球检测-帧120] HSV检测结果: 0 个球
🎾 [球检测-帧120] 边界过滤: 0 → 0 个球
🎾 [球检测-帧120] 最终检测结果: 0 个球
🎾 [球检测-帧120] 调试帧已保存: debug_frames/ball_debug_frame_0120.jpg
🎾 [球检测-帧121] 开始球检测 (帧尺寸: 1280x720)
🎾 [球检测-帧121] 图像预处理: 1280x720 → 640x360
🎾 [球检测-帧121] HSV颜色范围: [20,50,50] - [70,255,255]
🎾 [球检测-帧121] 颜色匹配像素数: 223700
🎾 [球检测-帧121] 面积阈值(缩放后): min=25 max=500
🎾 [球检测-帧121] 区域面积过滤: 面积67492.5px 超出范围[25-500]
🎾 [球检测-帧121] 区域面积过滤: 面积67906.0px 超出范围[25-500]
🎾 [球检测-帧121] 区域面积过滤: 面积42437.0px 超出范围[25-500]
🎾 [球检测-帧121] 区域面积过滤: 面积43873.0px 超出范围[25-500]
🎾 [球检测-帧121] 面积过滤后有效区域数: 2
🎾 [球检测-帧121] 形态学清理后像素数: 223 (减少了223477)
🎾 [球检测-帧121] Hough参数(缩放后): minR=4, maxR=22, minDist=12
🎾 [球检测-帧121] Hough圆检测找到: 2 个圆
🎾 [球检测-帧121] 圆 1: 位置(675,509), 半径16px
🎾 [球检测-帧121] 圆 1: 质量分数 0.58
🎾 [球检测-帧121] 圆 2: 位置(675,485), 半径12px
🎾 [球检测-帧121] 圆 2: 质量分数 0.44
🎾 [球检测-帧121] 球 1: (675,509) ❌ 圆度0.57低于0.58
🎾 [球检测-帧121] 球 2: (675,485) ❌ 圆度0.52低于0.58
🎾 [球检测-帧121] 噪点过滤完成: 2 → 0 个球
🎾 [球检测-帧121] HSV检测结果: 0 个球
🎾 [球检测-帧121] 边界过滤: 0 → 0 个球
🎾 [球检测-帧121] 最终检测结果: 0 个球
🎾 [球检测-帧122] 开始球检测 (帧尺寸: 1280x720)
🎾 [球检测-帧122] 图像预处理: 1280x720 → 640x360
🎾 [球检测-帧122] HSV颜色范围: [20,50,50] - [70,255,255]
🎾 [球检测-帧122] 颜色匹配像素数: 223696
🎾 [球检测-帧122] 面积阈值(缩放后): min=25 max=500
🎾 [球检测-帧122] 区域面积过滤: 面积67492.5px 超出范围[25-500]
🎾 [球检测-帧122] 区域面积过滤: 面积67906.0px 超出范围[25-500]
🎾 [球检测-帧122] 区域面积过滤: 面积42437.0px 超出范围[25-500]
🎾 [球检测-帧122] 区域面积过滤: 面积43873.0px 超出范围[25-500]
🎾 [球检测-帧122] 面积过滤后有效区域数: 2
🎾 [球检测-帧122] 形态学清理后像素数: 223 (减少了223473)
🎾 [球检测-帧122] Hough参数(缩放后): minR=4, maxR=22, minDist=12
🎾 [球检测-帧122] Hough圆检测找到: 2 个圆
🎾 [球检测-帧122] 圆 1: 位置(675,509), 半径16px
🎾 [球检测-帧122] 圆 1: 质量分数 0.59
🎾 [球检测-帧122] 圆 2: 位置(675,485), 半径12px
🎾 [球检测-帧122] 圆 2: 质量分数 0.44
🎾 [球检测-帧122] 球 1: (675,509) ❌ 圆度0.57低于0.58
🎾 [球检测-帧122] 球 2: (675,485) ❌ 圆度0.52低于0.58
🎾 [球检测-帧122] 噪点过滤完成: 2 → 0 个球
🎾 [球检测-帧122] HSV检测结果: 0 个球
🎾 [球检测-帧122] 边界过滤: 0 → 0 个球
🎾 [球检测-帧122] 最终检测结果: 0 个球
🎾 [球检测-帧123] 开始球检测 (帧尺寸: 1280x720)
🎾 [球检测-帧123] 图像预处理: 1280x720 → 640x360
🎾 [球检测-帧123] HSV颜色范围: [20,50,50] - [70,255,255]
🎾 [球检测-帧123] 颜色匹配像素数: 223689
🎾 [球检测-帧123] 面积阈值(缩放后): min=25 max=500
🎾 [球检测-帧123] 区域面积过滤: 面积67492.5px 超出范围[25-500]
🎾 [球检测-帧123] 区域面积过滤: 面积67906.0px 超出范围[25-500]
🎾 [球检测-帧123] 区域面积过滤: 面积42437.0px 超出范围[25-500]
🎾 [球检测-帧123] 区域面积过滤: 面积43873.0px 超出范围[25-500]
🎾 [球检测-帧123] 面积过滤后有效区域数: 2
🎾 [球检测-帧123] 形态学清理后像素数: 224 (减少了223465)
🎾 [球检测-帧123] Hough参数(缩放后): minR=4, maxR=22, minDist=12
🎾 [球检测-帧123] Hough圆检测找到: 2 个圆
🎾 [球检测-帧123] 圆 1: 位置(675,509), 半径16px
🎾 [球检测-帧123] 圆 1: 质量分数 0.59
🎾 [球检测-帧123] 圆 2: 位置(675,485), 半径12px
🎾 [球检测-帧123] 圆 2: 质量分数 0.44
🎾 [球检测-帧123] 球 1: (675,509) ❌ 圆度0.57低于0.58
🎾 [球检测-帧123] 球 2: (675,485) ❌ 圆度0.52低于0.58
🎾 [球检测-帧123] 噪点过滤完成: 2 → 0 个球
🎾 [球检测-帧123] HSV检测结果: 0 个球
🎾 [球检测-帧123] 边界过滤: 0 → 0 个球
🎾 [球检测-帧123] 最终检测结果: 0 个球
🎾 [球检测-帧124] 开始球检测 (帧尺寸: 1280x720)
🎾 [球检测-帧124] 图像预处理: 1280x720 → 640x360
🎾 [球检测-帧124] HSV颜色范围: [20,50,50] - [70,255,255]
🎾 [球检测-帧124] 颜色匹配像素数: 223689
🎾 [球检测-帧124] 面积阈值(缩放后): min=25 max=500
🎾 [球检测-帧124] 区域面积过滤: 面积67492.5px 超出范围[25-500]
🎾 [球检测-帧124] 区域面积过滤: 面积67906.0px 超出范围[25-500]
🎾 [球检测-帧124] 区域面积过滤: 面积42437.0px 超出范围[25-500]
🎾 [球检测-帧124] 区域面积过滤: 面积43873.0px 超出范围[25-500]
🎾 [球检测-帧124] 面积过滤后有效区域数: 2
🎾 [球检测-帧124] 形态学清理后像素数: 224 (减少了223465)
🎾 [球检测-帧124] Hough参数(缩放后): minR=4, maxR=22, minDist=12
🎾 [球检测-帧124] Hough圆检测找到: 2 个圆
🎾 [球检测-帧124] 圆 1: 位置(673,511), 半径13px
🎾 [球检测-帧124] 圆 1: 质量分数 0.63
🎾 [球检测-帧124] 圆 2: 位置(677,487), 半径9px
🎾 [球检测-帧124] 圆 2: 质量分数 0.51
🎾 [球检测-帧124] 球 1: (673,511) ❌ 圆度0.54低于0.58
🎾 [球检测-帧124] 球 2: (677,487) ❌ 圆度0.52低于0.58
🎾 [球检测-帧124] 噪点过滤完成: 2 → 0 个球
🎾 [球检测-帧124] HSV检测结果: 0 个球
🎾 [球检测-帧124] 边界过滤: 0 → 0 个球
🎾 [球检测-帧124] 最终检测结果: 0 个球
🎾 [球检测-帧125] 开始球检测 (帧尺寸: 1280x720)
🎾 [球检测-帧125] 图像预处理: 1280x720 → 640x360
🎾 [球检测-帧125] HSV颜色范围: [20,50,50] - [70,255,255]
🎾 [球检测-帧125] 颜色匹配像素数: 223676
🎾 [球检测-帧125] 面积阈值(缩放后): min=25 max=500
🎾 [球检测-帧125] 区域面积过滤: 面积67483.5px 超出范围[25-500]
🎾 [球检测-帧125] 区域面积过滤: 面积67906.0px 超出范围[25-500]
🎾 [球检测-帧125] 区域面积过滤: 面积42437.0px 超出范围[25-500]
🎾 [球检测-帧125] 区域面积过滤: 面积43873.0px 超出范围[25-500]
🎾 [球检测-帧125] 面积过滤后有效区域数: 2
🎾 [球检测-帧125] 形态学清理后像素数: 231 (减少了223445)
🎾 [球检测-帧125] Hough参数(缩放后): minR=4, maxR=22, minDist=12
🎾 [球检测-帧125] Hough圆检测找到: 2 个圆
🎾 [球检测-帧125] 圆 1: 位置(673,511), 半径13px
🎾 [球检测-帧125] 圆 1: 质量分数 0.61
🎾 [球检测-帧125] 圆 2: 位置(677,487), 半径10px
🎾 [球检测-帧125] 圆 2: 质量分数 0.52
🎾 [球检测-帧125] 球 1: (673,511) ❌ 圆度0.52低于0.58
🎾 [球检测-帧125] 球 2: (677,487) ❌ 圆度0.54低于0.58
🎾 [球检测-帧125] 噪点过滤完成: 2 → 0 个球
🎾 [球检测-帧125] HSV检测结果: 0 个球
🎾 [球检测-帧125] 边界过滤: 0 → 0 个球
🎾 [球检测-帧125] 最终检测结果: 0 个球
🎾 [球检测-帧126] 开始球检测 (帧尺寸: 1280x720)
🎾 [球检测-帧126] 图像预处理: 1280x720 → 640x360
🎾 [球检测-帧126] HSV颜色范围: [20,50,50] - [70,255,255]
🎾 [球检测-帧126] 颜色匹配像素数: 223691
🎾 [球检测-帧126] 面积阈值(缩放后): min=25 max=500
🎾 [球检测-帧126] 区域面积过滤: 面积67483.5px 超出范围[25-500]
🎾 [球检测-帧126] 区域面积过滤: 面积67906.0px 超出范围[25-500]
🎾 [球检测-帧126] 区域面积过滤: 面积42437.0px 超出范围[25-500]
🎾 [球检测-帧126] 区域面积过滤: 面积43873.0px 超出范围[25-500]
🎾 [球检测-帧126] 面积过滤后有效区域数: 2
🎾 [球检测-帧126] 形态学清理后像素数: 231 (减少了223460)
🎾 [球检测-帧126] Hough参数(缩放后): minR=4, maxR=22, minDist=12
🎾 [球检测-帧126] Hough圆检测找到: 2 个圆
🎾 [球检测-帧126] 圆 1: 位置(673,511), 半径13px
🎾 [球检测-帧126] 圆 1: 质量分数 0.61
🎾 [球检测-帧126] 圆 2: 位置(677,487), 半径10px
🎾 [球检测-帧126] 圆 2: 质量分数 0.52
🎾 [球检测-帧126] 球 1: (673,511) ❌ 圆度0.52低于0.58
🎾 [球检测-帧126] 球 2: (677,487) ❌ 圆度0.54低于0.58
🎾 [球检测-帧126] 噪点过滤完成: 2 → 0 个球
🎾 [球检测-帧126] HSV检测结果: 0 个球
🎾 [球检测-帧126] 边界过滤: 0 → 0 个球
🎾 [球检测-帧126] 最终检测结果: 0 个球
🎾 [球检测-帧127] 开始球检测 (帧尺寸: 1280x720)
🎾 [球检测-帧127] 图像预处理: 1280x720 → 640x360
🎾 [球检测-帧127] HSV颜色范围: [20,50,50] - [70,255,255]
🎾 [球检测-帧127] 颜色匹配像素数: 223689
🎾 [球检测-帧127] 面积阈值(缩放后): min=25 max=500
🎾 [球检测-帧127] 区域面积过滤: 面积67483.5px 超出范围[25-500]
🎾 [球检测-帧127] 区域面积过滤: 面积67906.0px 超出范围[25-500]
🎾 [球检测-帧127] 区域面积过滤: 面积42437.0px 超出范围[25-500]
🎾 [球检测-帧127] 区域面积过滤: 面积43873.0px 超出范围[25-500]
🎾 [球检测-帧127] 面积过滤后有效区域数: 2
🎾 [球检测-帧127] 形态学清理后像素数: 231 (减少了223458)
🎾 [球检测-帧127] Hough参数(缩放后): minR=4, maxR=22, minDist=12
🎾 [球检测-帧127] Hough圆检测找到: 2 个圆
🎾 [球检测-帧127] 圆 1: 位置(673,511), 半径13px
🎾 [球检测-帧127] 圆 1: 质量分数 0.61
🎾 [球检测-帧127] 圆 2: 位置(677,487), 半径10px
🎾 [球检测-帧127] 圆 2: 质量分数 0.52
🎾 [球检测-帧127] 球 1: (673,511) ❌ 圆度0.52低于0.58
🎾 [球检测-帧127] 球 2: (677,487) ❌ 圆度0.54低于0.58
🎾 [球检测-帧127] 噪点过滤完成: 2 → 0 个球
🎾 [球检测-帧127] HSV检测结果: 0 个球
🎾 [球检测-帧127] 边界过滤: 0 → 0 个球
🎾 [球检测-帧127] 最终检测结果: 0 个球
🎾 [球检测-帧128] 开始球检测 (帧尺寸: 1280x720)
🎾 [球检测-帧128] 图像预处理: 1280x720 → 640x360
🎾 [球检测-帧128] HSV颜色范围: [20,50,50] - [70,255,255]
🎾 [球检测-帧128] 颜色匹配像素数: 223696
🎾 [球检测-帧128] 面积阈值(缩放后): min=25 max=500
🎾 [球检测-帧128] 区域面积过滤: 面积67483.5px 超出范围[25-500]
🎾 [球检测-帧128] 区域面积过滤: 面积67906.0px 超出范围[25-500]
🎾 [球检测-帧128] 区域面积过滤: 面积42437.0px 超出范围[25-500]
🎾 [球检测-帧128] 区域面积过滤: 面积43873.0px 超出范围[25-500]
🎾 [球检测-帧128] 面积过滤后有效区域数: 2
🎾 [球检测-帧128] 形态学清理后像素数: 231 (减少了223465)
🎾 [球检测-帧128] Hough参数(缩放后): minR=4, maxR=22, minDist=12
🎾 [球检测-帧128] Hough圆检测找到: 2 个圆
🎾 [球检测-帧128] 圆 1: 位置(673,511), 半径13px
🎾 [球检测-帧128] 圆 1: 质量分数 0.61
🎾 [球检测-帧128] 圆 2: 位置(677,487), 半径10px
🎾 [球检测-帧128] 圆 2: 质量分数 0.52
🎾 [球检测-帧128] 球 1: (673,511) ❌ 圆度0.52低于0.58
🎾 [球检测-帧128] 球 2: (677,487) ❌ 圆度0.54低于0.58
🎾 [球检测-帧128] 噪点过滤完成: 2 → 0 个球
🎾 [球检测-帧128] HSV检测结果: 0 个球
🎾 [球检测-帧128] 边界过滤: 0 → 0 个球
🎾 [球检测-帧128] 最终检测结果: 0 个球
🎾 [球检测-帧129] 开始球检测 (帧尺寸: 1280x720)
🎾 [球检测-帧129] 图像预处理: 1280x720 → 640x360
🎾 [球检测-帧129] HSV颜色范围: [20,50,50] - [70,255,255]
🎾 [球检测-帧129] 颜色匹配像素数: 223673
🎾 [球检测-帧129] 面积阈值(缩放后): min=25 max=500
🎾 [球检测-帧129] 区域面积过滤: 面积67474.5px 超出范围[25-500]
🎾 [球检测-帧129] 区域面积过滤: 面积67906.0px 超出范围[25-500]
🎾 [球检测-帧129] 区域面积过滤: 面积42437.0px 超出范围[25-500]
🎾 [球检测-帧129] 区域面积过滤: 面积43873.0px 超出范围[25-500]
🎾 [球检测-帧129] 面积过滤后有效区域数: 2
🎾 [球检测-帧129] 形态学清理后像素数: 232 (减少了223441)
🎾 [球检测-帧129] Hough参数(缩放后): minR=4, maxR=22, minDist=12
🎾 [球检测-帧129] Hough圆检测找到: 2 个圆
🎾 [球检测-帧129] 圆 1: 位置(677,513), 半径11px
🎾 [球检测-帧129] 圆 1: 质量分数 0.65
🎾 [球检测-帧129] 圆 2: 位置(677,487), 半径11px
🎾 [球检测-帧129] 圆 2: 质量分数 0.51
🎾 [球检测-帧129] 球 1: (677,513) ❌ 圆度0.31低于0.58
🎾 [球检测-帧129] 球 2: (677,487) ❌ 圆度0.52低于0.58
🎾 [球检测-帧129] 噪点过滤完成: 2 → 0 个球
🎾 [球检测-帧129] HSV检测结果: 0 个球
🎾 [球检测-帧129] 边界过滤: 0 → 0 个球
🎾 [球检测-帧129] 最终检测结果: 0 个球
🎾 [球检测-帧130] 开始球检测 (帧尺寸: 1280x720)
🎾 [球检测-帧130] 图像预处理: 1280x720 → 640x360
🎾 [球检测-帧130] HSV颜色范围: [20,50,50] - [70,255,255]
🎾 [球检测-帧130] 颜色匹配像素数: 223671
🎾 [球检测-帧130] 面积阈值(缩放后): min=25 max=500
🎾 [球检测-帧130] 区域面积过滤: 面积67474.5px 超出范围[25-500]
🎾 [球检测-帧130] 区域面积过滤: 面积67906.0px 超出范围[25-500]
🎾 [球检测-帧130] 区域面积过滤: 面积42437.0px 超出范围[25-500]
🎾 [球检测-帧130] 区域面积过滤: 面积43873.0px 超出范围[25-500]
🎾 [球检测-帧130] 面积过滤后有效区域数: 2
🎾 [球检测-帧130] 形态学清理后像素数: 232 (减少了223439)
🎾 [球检测-帧130] Hough参数(缩放后): minR=4, maxR=22, minDist=12
🎾 [球检测-帧130] Hough圆检测找到: 2 个圆
🎾 [球检测-帧130] 圆 1: 位置(677,513), 半径11px
🎾 [球检测-帧130] 圆 1: 质量分数 0.65
🎾 [球检测-帧130] 圆 2: 位置(677,487), 半径11px
🎾 [球检测-帧130] 圆 2: 质量分数 0.51
🎾 [球检测-帧130] 球 1: (677,513) ❌ 圆度0.31低于0.58
🎾 [球检测-帧130] 球 2: (677,487) ❌ 圆度0.52低于0.58
🎾 [球检测-帧130] 噪点过滤完成: 2 → 0 个球
🎾 [球检测-帧130] HSV检测结果: 0 个球
🎾 [球检测-帧130] 边界过滤: 0 → 0 个球
🎾 [球检测-帧130] 最终检测结果: 0 个球
🎾 [球检测-帧130] 调试帧已保存: debug_frames/ball_debug_frame_0130.jpg
🎾 [球检测-帧131] 开始球检测 (帧尺寸: 1280x720)
🎾 [球检测-帧131] 图像预处理: 1280x720 → 640x360
🎾 [球检测-帧131] HSV颜色范围: [20,50,50] - [70,255,255]
🎾 [球检测-帧131] 颜色匹配像素数: 223697
🎾 [球检测-帧131] 面积阈值(缩放后): min=25 max=500
🎾 [球检测-帧131] 区域面积过滤: 面积67474.5px 超出范围[25-500]
🎾 [球检测-帧131] 区域面积过滤: 面积67906.0px 超出范围[25-500]
🎾 [球检测-帧131] 区域面积过滤: 面积42437.0px 超出范围[25-500]
🎾 [球检测-帧131] 区域面积过滤: 面积43873.0px 超出范围[25-500]
🎾 [球检测-帧131] 面积过滤后有效区域数: 2
🎾 [球检测-帧131] 形态学清理后像素数: 232 (减少了223465)
🎾 [球检测-帧131] Hough参数(缩放后): minR=4, maxR=22, minDist=12
🎾 [球检测-帧131] Hough圆检测找到: 2 个圆
🎾 [球检测-帧131] 圆 1: 位置(677,513), 半径11px
🎾 [球检测-帧131] 圆 1: 质量分数 0.65
🎾 [球检测-帧131] 圆 2: 位置(677,487), 半径11px
🎾 [球检测-帧131] 圆 2: 质量分数 0.51
🎾 [球检测-帧131] 球 1: (677,513) ❌ 圆度0.31低于0.58
🎾 [球检测-帧131] 球 2: (677,487) ❌ 圆度0.52低于0.58
🎾 [球检测-帧131] 噪点过滤完成: 2 → 0 个球
🎾 [球检测-帧131] HSV检测结果: 0 个球
🎾 [球检测-帧131] 边界过滤: 0 → 0 个球
🎾 [球检测-帧131] 最终检测结果: 0 个球
🎾 [球检测-帧132] 开始球检测 (帧尺寸: 1280x720)
🎾 [球检测-帧132] 图像预处理: 1280x720 → 640x360
🎾 [球检测-帧132] HSV颜色范围: [20,50,50] - [70,255,255]
🎾 [球检测-帧132] 颜色匹配像素数: 223695
🎾 [球检测-帧132] 面积阈值(缩放后): min=25 max=500
🎾 [球检测-帧132] 区域面积过滤: 面积67474.5px 超出范围[25-500]
🎾 [球检测-帧132] 区域面积过滤: 面积67906.0px 超出范围[25-500]
🎾 [球检测-帧132] 区域面积过滤: 面积42437.0px 超出范围[25-500]
🎾 [球检测-帧132] 区域面积过滤: 面积43873.0px 超出范围[25-500]
🎾 [球检测-帧132] 面积过滤后有效区域数: 2
🎾 [球检测-帧132] 形态学清理后像素数: 232 (减少了223463)
🎾 [球检测-帧132] Hough参数(缩放后): minR=4, maxR=22, minDist=12
🎾 [球检测-帧132] Hough圆检测找到: 2 个圆
🎾 [球检测-帧132] 圆 1: 位置(677,513), 半径11px
🎾 [球检测-帧132] 圆 1: 质量分数 0.65
🎾 [球检测-帧132] 圆 2: 位置(677,487), 半径11px
🎾 [球检测-帧132] 圆 2: 质量分数 0.51
🎾 [球检测-帧132] 球 1: (677,513) ❌ 圆度0.31低于0.58
🎾 [球检测-帧132] 球 2: (677,487) ❌ 圆度0.52低于0.58
🎾 [球检测-帧132] 噪点过滤完成: 2 → 0 个球
🎾 [球检测-帧132] HSV检测结果: 0 个球
🎾 [球检测-帧132] 边界过滤: 0 → 0 个球
🎾 [球检测-帧132] 最终检测结果: 0 个球
🎾 [球检测-帧133] 开始球检测 (帧尺寸: 1280x720)
🎾 [球检测-帧133] 图像预处理: 1280x720 → 640x360
🎾 [球检测-帧133] HSV颜色范围: [20,50,50] - [70,255,255]
🎾 [球检测-帧133] 颜色匹配像素数: 223689
🎾 [球检测-帧133] 面积阈值(缩放后): min=25 max=500
🎾 [球检测-帧133] 区域面积过滤: 面积67470.0px 超出范围[25-500]
🎾 [球检测-帧133] 区域面积过滤: 面积67906.0px 超出范围[25-500]
🎾 [球检测-帧133] 区域面积过滤: 面积42437.0px 超出范围[25-500]
🎾 [球检测-帧133] 区域面积过滤: 面积43873.0px 超出范围[25-500]
🎾 [球检测-帧133] 面积过滤后有效区域数: 2
🎾 [球检测-帧133] 形态学清理后像素数: 236 (减少了223453)
🎾 [球检测-帧133] Hough参数(缩放后): minR=4, maxR=22, minDist=12
🎾 [球检测-帧133] Hough圆检测找到: 2 个圆
🎾 [球检测-帧133] 圆 1: 位置(675,509), 半径14px
🎾 [球检测-帧133] 圆 1: 质量分数 0.52
🎾 [球检测-帧133] 圆 2: 位置(675,485), 半径9px
🎾 [球检测-帧133] 圆 2: 质量分数 0.63
🎾 [球检测-帧133] 球 1: (675,509) ✅ 半径14px, 质量0.52, 圆度0.60, 边距211px 通过过滤
🎾 [球检测-帧133] 球 2: (675,485) ❌ 圆度0.53低于0.58
🎾 [球检测-帧133] 噪点过滤完成: 2 → 1 个球
🎾 [球检测-帧133] HSV检测结果: 1 个球
🎾 [球检测-帧133] 球 1: (675,509) ✅ 在边界内
🎾 [球检测-帧133] 边界过滤: 1 → 1 个球
🎾 [球检测-帧133] 最终检测结果: 1 个球
🎾 [球检测-帧134] 开始球检测 (帧尺寸: 1280x720)
🎾 [球检测-帧134] 图像预处理: 1280x720 → 640x360
🎾 [球检测-帧134] HSV颜色范围: [20,50,50] - [70,255,255]
🎾 [球检测-帧134] 颜色匹配像素数: 223696
🎾 [球检测-帧134] 面积阈值(缩放后): min=25 max=500
🎾 [球检测-帧134] 区域面积过滤: 面积67470.0px 超出范围[25-500]
🎾 [球检测-帧134] 区域面积过滤: 面积67906.0px 超出范围[25-500]
🎾 [球检测-帧134] 区域面积过滤: 面积42437.0px 超出范围[25-500]
🎾 [球检测-帧134] 区域面积过滤: 面积43873.0px 超出范围[25-500]
🎾 [球检测-帧134] 面积过滤后有效区域数: 2
🎾 [球检测-帧134] 形态学清理后像素数: 236 (减少了223460)
🎾 [球检测-帧134] Hough参数(缩放后): minR=4, maxR=22, minDist=12
🎾 [球检测-帧134] Hough圆检测找到: 2 个圆
🎾 [球检测-帧134] 圆 1: 位置(675,509), 半径14px
🎾 [球检测-帧134] 圆 1: 质量分数 0.52
🎾 [球检测-帧134] 圆 2: 位置(675,485), 半径9px
🎾 [球检测-帧134] 圆 2: 质量分数 0.63
🎾 [球检测-帧134] 球 1: (675,509) ✅ 半径14px, 质量0.52, 圆度0.60, 边距211px 通过过滤
🎾 [球检测-帧134] 球 2: (675,485) ❌ 圆度0.53低于0.58
🎾 [球检测-帧134] 噪点过滤完成: 2 → 1 个球
🎾 [球检测-帧134] HSV检测结果: 1 个球
🎾 [球检测-帧134] 球 1: (675,509) ✅ 在边界内
🎾 [球检测-帧134] 边界过滤: 1 → 1 个球
🎾 [球检测-帧134] 最终检测结果: 1 个球
🎾 [球检测-帧135] 开始球检测 (帧尺寸: 1280x720)
🎾 [球检测-帧135] 图像预处理: 1280x720 → 640x360
🎾 [球检测-帧135] HSV颜色范围: [20,50,50] - [70,255,255]
🎾 [球检测-帧135] 颜色匹配像素数: 223684
🎾 [球检测-帧135] 面积阈值(缩放后): min=25 max=500
🎾 [球检测-帧135] 区域面积过滤: 面积67470.0px 超出范围[25-500]
🎾 [球检测-帧135] 区域面积过滤: 面积67906.0px 超出范围[25-500]
🎾 [球检测-帧135] 区域面积过滤: 面积42437.0px 超出范围[25-500]
🎾 [球检测-帧135] 区域面积过滤: 面积43873.0px 超出范围[25-500]
🎾 [球检测-帧135] 面积过滤后有效区域数: 2
🎾 [球检测-帧135] 形态学清理后像素数: 236 (减少了223448)
🎾 [球检测-帧135] Hough参数(缩放后): minR=4, maxR=22, minDist=12
🎾 [球检测-帧135] Hough圆检测找到: 2 个圆
🎾 [球检测-帧135] 圆 1: 位置(675,509), 半径14px
🎾 [球检测-帧135] 圆 1: 质量分数 0.52
🎾 [球检测-帧135] 圆 2: 位置(675,485), 半径9px
🎾 [球检测-帧135] 圆 2: 质量分数 0.63
🎾 [球检测-帧135] 球 1: (675,509) ✅ 半径14px, 质量0.52, 圆度0.60, 边距211px 通过过滤
🎾 [球检测-帧135] 球 2: (675,485) ❌ 圆度0.53低于0.58
🎾 [球检测-帧135] 噪点过滤完成: 2 → 1 个球
🎾 [球检测-帧135] HSV检测结果: 1 个球
🎾 [球检测-帧135] 球 1: (675,509) ✅ 在边界内
🎾 [球检测-帧135] 边界过滤: 1 → 1 个球
🎾 [球检测-帧135] 最终检测结果: 1 个球
🎾 [球检测-帧136] 开始球检测 (帧尺寸: 1280x720)
🎾 [球检测-帧136] 图像预处理: 1280x720 → 640x360
🎾 [球检测-帧136] HSV颜色范围: [20,50,50] - [70,255,255]
🎾 [球检测-帧136] 颜色匹配像素数: 223697
🎾 [球检测-帧136] 面积阈值(缩放后): min=25 max=500
🎾 [球检测-帧136] 区域面积过滤: 面积67460.0px 超出范围[25-500]
🎾 [球检测-帧136] 区域面积过滤: 面积67906.0px 超出范围[25-500]
🎾 [球检测-帧136] 区域面积过滤: 面积42437.0px 超出范围[25-500]
🎾 [球检测-帧136] 区域面积过滤: 面积43873.0px 超出范围[25-500]
🎾 [球检测-帧136] 面积过滤后有效区域数: 2
🎾 [球检测-帧136] 形态学清理后像素数: 242 (减少了223455)
🎾 [球检测-帧136] Hough参数(缩放后): minR=4, maxR=22, minDist=12
🎾 [球检测-帧136] Hough圆检测找到: 2 个圆
🎾 [球检测-帧136] 圆 1: 位置(679,511), 半径12px
🎾 [球检测-帧136] 圆 1: 质量分数 0.58
🎾 [球检测-帧136] 圆 2: 位置(679,487), 半径12px
🎾 [球检测-帧136] 圆 2: 质量分数 0.54
🎾 [球检测-帧136] 球 1: (679,511) ❌ 圆度0.57低于0.58
🎾 [球检测-帧136] 球 2: (679,487) ❌ 圆度0.55低于0.58
🎾 [球检测-帧136] 噪点过滤完成: 2 → 0 个球
🎾 [球检测-帧136] HSV检测结果: 0 个球
🎾 [球检测-帧136] 边界过滤: 0 → 0 个球
🎾 [球检测-帧136] 最终检测结果: 0 个球
🎾 [球检测-帧137] 开始球检测 (帧尺寸: 1280x720)
🎾 [球检测-帧137] 图像预处理: 1280x720 → 640x360
🎾 [球检测-帧137] HSV颜色范围: [20,50,50] - [70,255,255]
🎾 [球检测-帧137] 颜色匹配像素数: 223689
🎾 [球检测-帧137] 面积阈值(缩放后): min=25 max=500
🎾 [球检测-帧137] 区域面积过滤: 面积67460.0px 超出范围[25-500]
🎾 [球检测-帧137] 区域面积过滤: 面积67906.0px 超出范围[25-500]
🎾 [球检测-帧137] 区域面积过滤: 面积42437.0px 超出范围[25-500]
🎾 [球检测-帧137] 区域面积过滤: 面积43873.0px 超出范围[25-500]
🎾 [球检测-帧137] 面积过滤后有效区域数: 2
🎾 [球检测-帧137] 形态学清理后像素数: 242 (减少了223447)
🎾 [球检测-帧137] Hough参数(缩放后): minR=4, maxR=22, minDist=12
🎾 [球检测-帧137] Hough圆检测找到: 2 个圆
🎾 [球检测-帧137] 圆 1: 位置(679,511), 半径12px
🎾 [球检测-帧137] 圆 1: 质量分数 0.58
🎾 [球检测-帧137] 圆 2: 位置(679,487), 半径12px
🎾 [球检测-帧137] 圆 2: 质量分数 0.54
🎾 [球检测-帧137] 球 1: (679,511) ❌ 圆度0.57低于0.58
🎾 [球检测-帧137] 球 2: (679,487) ❌ 圆度0.55低于0.58
🎾 [球检测-帧137] 噪点过滤完成: 2 → 0 个球
🎾 [球检测-帧137] HSV检测结果: 0 个球
🎾 [球检测-帧137] 边界过滤: 0 → 0 个球
🎾 [球检测-帧137] 最终检测结果: 0 个球
🎾 [球检测-帧138] 开始球检测 (帧尺寸: 1280x720)
🎾 [球检测-帧138] 图像预处理: 1280x720 → 640x360
🎾 [球检测-帧138] HSV颜色范围: [20,50,50] - [70,255,255]
🎾 [球检测-帧138] 颜色匹配像素数: 223696
🎾 [球检测-帧138] 面积阈值(缩放后): min=25 max=500
🎾 [球检测-帧138] 区域面积过滤: 面积67460.0px 超出范围[25-500]
🎾 [球检测-帧138] 区域面积过滤: 面积67906.0px 超出范围[25-500]
🎾 [球检测-帧138] 区域面积过滤: 面积42437.0px 超出范围[25-500]
🎾 [球检测-帧138] 区域面积过滤: 面积43873.0px 超出范围[25-500]
🎾 [球检测-帧138] 面积过滤后有效区域数: 2
🎾 [球检测-帧138] 形态学清理后像素数: 242 (减少了223454)
🎾 [球检测-帧138] Hough参数(缩放后): minR=4, maxR=22, minDist=12
🎾 [球检测-帧138] Hough圆检测找到: 2 个圆
🎾 [球检测-帧138] 圆 1: 位置(679,511), 半径12px
🎾 [球检测-帧138] 圆 1: 质量分数 0.58
🎾 [球检测-帧138] 圆 2: 位置(679,487), 半径12px
🎾 [球检测-帧138] 圆 2: 质量分数 0.54
🎾 [球检测-帧138] 球 1: (679,511) ❌ 圆度0.57低于0.58
🎾 [球检测-帧138] 球 2: (679,487) ❌ 圆度0.55低于0.58
🎾 [球检测-帧138] 噪点过滤完成: 2 → 0 个球
🎾 [球检测-帧138] HSV检测结果: 0 个球
🎾 [球检测-帧138] 边界过滤: 0 → 0 个球
🎾 [球检测-帧138] 最终检测结果: 0 个球
🎾 [球检测-帧139] 开始球检测 (帧尺寸: 1280x720)
🎾 [球检测-帧139] 图像预处理: 1280x720 → 640x360
🎾 [球检测-帧139] HSV颜色范围: [20,50,50] - [70,255,255]
🎾 [球检测-帧139] 颜色匹配像素数: 223683
🎾 [球检测-帧139] 面积阈值(缩放后): min=25 max=500
🎾 [球检测-帧139] 区域面积过滤: 面积67455.0px 超出范围[25-500]
🎾 [球检测-帧139] 区域面积过滤: 面积67906.0px 超出范围[25-500]
🎾 [球检测-帧139] 区域面积过滤: 面积42437.0px 超出范围[25-500]
🎾 [球检测-帧139] 区域面积过滤: 面积43873.0px 超出范围[25-500]
🎾 [球检测-帧139] 面积过滤后有效区域数: 1
🎾 [球检测-帧139] 形态学清理后像素数: 243 (减少了223440)
🎾 [球检测-帧139] Hough参数(缩放后): minR=4, maxR=22, minDist=12
🎾 [球检测-帧139] Hough圆检测找到: 2 个圆
🎾 [球检测-帧139] 圆 1: 位置(679,511), 半径12px
🎾 [球检测-帧139] 圆 1: 质量分数 0.59
🎾 [球检测-帧139] 圆 2: 位置(681,487), 半径11px
🎾 [球检测-帧139] 圆 2: 质量分数 0.60
🎾 [球检测-帧139] 球 1: (679,511) ❌ 圆度0.57低于0.58
🎾 [球检测-帧139] 球 2: (681,487) ❌ 圆度0.52低于0.58
🎾 [球检测-帧139] 噪点过滤完成: 2 → 0 个球
🎾 [球检测-帧139] HSV检测结果: 0 个球
🎾 [球检测-帧139] 边界过滤: 0 → 0 个球
🎾 [球检测-帧139] 最终检测结果: 0 个球
🎾 [球检测-帧140] 开始球检测 (帧尺寸: 1280x720)
🎾 [球检测-帧140] 图像预处理: 1280x720 → 640x360
🎾 [球检测-帧140] HSV颜色范围: [20,50,50] - [70,255,255]
🎾 [球检测-帧140] 颜色匹配像素数: 223687
🎾 [球检测-帧140] 面积阈值(缩放后): min=25 max=500
🎾 [球检测-帧140] 区域面积过滤: 面积67455.0px 超出范围[25-500]
🎾 [球检测-帧140] 区域面积过滤: 面积67906.0px 超出范围[25-500]
🎾 [球检测-帧140] 区域面积过滤: 面积42437.0px 超出范围[25-500]
🎾 [球检测-帧140] 区域面积过滤: 面积43873.0px 超出范围[25-500]
🎾 [球检测-帧140] 面积过滤后有效区域数: 1
🎾 [球检测-帧140] 形态学清理后像素数: 243 (减少了223444)
🎾 [球检测-帧140] Hough参数(缩放后): minR=4, maxR=22, minDist=12
🎾 [球检测-帧140] Hough圆检测找到: 2 个圆
🎾 [球检测-帧140] 圆 1: 位置(679,511), 半径12px
🎾 [球检测-帧140] 圆 1: 质量分数 0.59
🎾 [球检测-帧140] 圆 2: 位置(681,487), 半径11px
🎾 [球检测-帧140] 圆 2: 质量分数 0.60
🎾 [球检测-帧140] 球 1: (679,511) ❌ 圆度0.57低于0.58
🎾 [球检测-帧140] 球 2: (681,487) ❌ 圆度0.52低于0.58
🎾 [球检测-帧140] 噪点过滤完成: 2 → 0 个球
🎾 [球检测-帧140] HSV检测结果: 0 个球
🎾 [球检测-帧140] 边界过滤: 0 → 0 个球
🎾 [球检测-帧140] 最终检测结果: 0 个球
🎾 [球检测-帧140] 调试帧已保存: debug_frames/ball_debug_frame_0140.jpg
🎾 [球检测-帧141] 开始球检测 (帧尺寸: 1280x720)
🎾 [球检测-帧141] 图像预处理: 1280x720 → 640x360
🎾 [球检测-帧141] HSV颜色范围: [20,50,50] - [70,255,255]
🎾 [球检测-帧141] 颜色匹配像素数: 223684
🎾 [球检测-帧141] 面积阈值(缩放后): min=25 max=500
🎾 [球检测-帧141] 区域面积过滤: 面积67455.0px 超出范围[25-500]
🎾 [球检测-帧141] 区域面积过滤: 面积67906.0px 超出范围[25-500]
🎾 [球检测-帧141] 区域面积过滤: 面积42437.0px 超出范围[25-500]
🎾 [球检测-帧141] 区域面积过滤: 面积43873.0px 超出范围[25-500]
🎾 [球检测-帧141] 面积过滤后有效区域数: 1
🎾 [球检测-帧141] 形态学清理后像素数: 243 (减少了223441)
🎾 [球检测-帧141] Hough参数(缩放后): minR=4, maxR=22, minDist=12
🎾 [球检测-帧141] Hough圆检测找到: 2 个圆
🎾 [球检测-帧141] 圆 1: 位置(679,511), 半径12px
🎾 [球检测-帧141] 圆 1: 质量分数 0.59
🎾 [球检测-帧141] 圆 2: 位置(681,487), 半径11px
🎾 [球检测-帧141] 圆 2: 质量分数 0.60
🎾 [球检测-帧141] 球 1: (679,511) ❌ 圆度0.57低于0.58
🎾 [球检测-帧141] 球 2: (681,487) ❌ 圆度0.52低于0.58
🎾 [球检测-帧141] 噪点过滤完成: 2 → 0 个球
🎾 [球检测-帧141] HSV检测结果: 0 个球
🎾 [球检测-帧141] 边界过滤: 0 → 0 个球
🎾 [球检测-帧141] 最终检测结果: 0 个球
🎾 [球检测-帧142] 开始球检测 (帧尺寸: 1280x720)
🎾 [球检测-帧142] 图像预处理: 1280x720 → 640x360
🎾 [球检测-帧142] HSV颜色范围: [20,50,50] - [70,255,255]
🎾 [球检测-帧142] 颜色匹配像素数: 223684
🎾 [球检测-帧142] 面积阈值(缩放后): min=25 max=500
🎾 [球检测-帧142] 区域面积过滤: 面积67454.5px 超出范围[25-500]
🎾 [球检测-帧142] 区域面积过滤: 面积67906.0px 超出范围[25-500]
🎾 [球检测-帧142] 区域面积过滤: 面积42437.0px 超出范围[25-500]
🎾 [球检测-帧142] 区域面积过滤: 面积43873.0px 超出范围[25-500]
🎾 [球检测-帧142] 面积过滤后有效区域数: 1
🎾 [球检测-帧142] 形态学清理后像素数: 244 (减少了223440)
🎾 [球检测-帧142] Hough参数(缩放后): minR=4, maxR=22, minDist=12
🎾 [球检测-帧142] Hough圆检测找到: 2 个圆
🎾 [球检测-帧142] 圆 1: 位置(681,511), 半径12px
🎾 [球检测-帧142] 圆 1: 质量分数 0.58
🎾 [球检测-帧142] 圆 2: 位置(683,485), 半径12px
🎾 [球检测-帧142] 圆 2: 质量分数 0.63
🎾 [球检测-帧142] 球 1: (681,511) ❌ 圆度0.57低于0.58
🎾 [球检测-帧142] 球 2: (683,485) ❌ 圆度0.51低于0.58
🎾 [球检测-帧142] 噪点过滤完成: 2 → 0 个球
🎾 [球检测-帧142] HSV检测结果: 0 个球
🎾 [球检测-帧142] 边界过滤: 0 → 0 个球
🎾 [球检测-帧142] 最终检测结果: 0 个球
🎾 [球检测-帧143] 开始球检测 (帧尺寸: 1280x720)
🎾 [球检测-帧143] 图像预处理: 1280x720 → 640x360
🎾 [球检测-帧143] HSV颜色范围: [20,50,50] - [70,255,255]
🎾 [球检测-帧143] 颜色匹配像素数: 223673
🎾 [球检测-帧143] 面积阈值(缩放后): min=25 max=500
🎾 [球检测-帧143] 区域面积过滤: 面积67454.5px 超出范围[25-500]
🎾 [球检测-帧143] 区域面积过滤: 面积67906.0px 超出范围[25-500]
🎾 [球检测-帧143] 区域面积过滤: 面积42437.0px 超出范围[25-500]
🎾 [球检测-帧143] 区域面积过滤: 面积43873.0px 超出范围[25-500]
🎾 [球检测-帧143] 面积过滤后有效区域数: 1
🎾 [球检测-帧143] 形态学清理后像素数: 244 (减少了223429)
🎾 [球检测-帧143] Hough参数(缩放后): minR=4, maxR=22, minDist=12
🎾 [球检测-帧143] Hough圆检测找到: 2 个圆
🎾 [球检测-帧143] 圆 1: 位置(681,511), 半径12px
🎾 [球检测-帧143] 圆 1: 质量分数 0.58
🎾 [球检测-帧143] 圆 2: 位置(683,485), 半径12px
🎾 [球检测-帧143] 圆 2: 质量分数 0.63
🎾 [球检测-帧143] 球 1: (681,511) ❌ 圆度0.57低于0.58
🎾 [球检测-帧143] 球 2: (683,485) ❌ 圆度0.51低于0.58
🎾 [球检测-帧143] 噪点过滤完成: 2 → 0 个球
🎾 [球检测-帧143] HSV检测结果: 0 个球
🎾 [球检测-帧143] 边界过滤: 0 → 0 个球
🎾 [球检测-帧143] 最终检测结果: 0 个球
🎾 [球检测-帧144] 开始球检测 (帧尺寸: 1280x720)
🎾 [球检测-帧144] 图像预处理: 1280x720 → 640x360
🎾 [球检测-帧144] HSV颜色范围: [20,50,50] - [70,255,255]
🎾 [球检测-帧144] 颜色匹配像素数: 223685
🎾 [球检测-帧144] 面积阈值(缩放后): min=25 max=500
🎾 [球检测-帧144] 区域面积过滤: 面积67450.0px 超出范围[25-500]
🎾 [球检测-帧144] 区域面积过滤: 面积67906.0px 超出范围[25-500]
🎾 [球检测-帧144] 区域面积过滤: 面积42437.0px 超出范围[25-500]
🎾 [球检测-帧144] 区域面积过滤: 面积43873.0px 超出范围[25-500]
🎾 [球检测-帧144] 面积过滤后有效区域数: 1
🎾 [球检测-帧144] 形态学清理后像素数: 241 (减少了223444)
🎾 [球检测-帧144] Hough参数(缩放后): minR=4, maxR=22, minDist=12
🎾 [球检测-帧144] Hough圆检测找到: 2 个圆
🎾 [球检测-帧144] 圆 1: 位置(681,511), 半径12px
🎾 [球检测-帧144] 圆 1: 质量分数 0.59
🎾 [球检测-帧144] 圆 2: 位置(683,487), 半径11px
🎾 [球检测-帧144] 圆 2: 质量分数 0.64
🎾 [球检测-帧144] 球 1: (681,511) ❌ 圆度0.57低于0.58
🎾 [球检测-帧144] 球 2: (683,487) ❌ 圆度0.54低于0.58
🎾 [球检测-帧144] 噪点过滤完成: 2 → 0 个球
🎾 [球检测-帧144] HSV检测结果: 0 个球
🎾 [球检测-帧144] 边界过滤: 0 → 0 个球
🎾 [球检测-帧144] 最终检测结果: 0 个球
🎾 [球检测-帧145] 开始球检测 (帧尺寸: 1280x720)
🎾 [球检测-帧145] 图像预处理: 1280x720 → 640x360
🎾 [球检测-帧145] HSV颜色范围: [20,50,50] - [70,255,255]
🎾 [球检测-帧145] 颜色匹配像素数: 223673
🎾 [球检测-帧145] 面积阈值(缩放后): min=25 max=500
🎾 [球检测-帧145] 区域面积过滤: 面积67450.0px 超出范围[25-500]
🎾 [球检测-帧145] 区域面积过滤: 面积67906.0px 超出范围[25-500]
🎾 [球检测-帧145] 区域面积过滤: 面积42437.0px 超出范围[25-500]
🎾 [球检测-帧145] 区域面积过滤: 面积43873.0px 超出范围[25-500]
🎾 [球检测-帧145] 面积过滤后有效区域数: 1
🎾 [球检测-帧145] 形态学清理后像素数: 241 (减少了223432)
🎾 [球检测-帧145] Hough参数(缩放后): minR=4, maxR=22, minDist=12
🎾 [球检测-帧145] Hough圆检测找到: 2 个圆
🎾 [球检测-帧145] 圆 1: 位置(681,511), 半径12px
🎾 [球检测-帧145] 圆 1: 质量分数 0.59
🎾 [球检测-帧145] 圆 2: 位置(683,487), 半径11px
🎾 [球检测-帧145] 圆 2: 质量分数 0.64
🎾 [球检测-帧145] 球 1: (681,511) ❌ 圆度0.57低于0.58
🎾 [球检测-帧145] 球 2: (683,487) ❌ 圆度0.54低于0.58
🎾 [球检测-帧145] 噪点过滤完成: 2 → 0 个球
🎾 [球检测-帧145] HSV检测结果: 0 个球
🎾 [球检测-帧145] 边界过滤: 0 → 0 个球
🎾 [球检测-帧145] 最终检测结果: 0 个球
🎾 [球检测-帧146] 开始球检测 (帧尺寸: 1280x720)
🎾 [球检测-帧146] 图像预处理: 1280x720 → 640x360
🎾 [球检测-帧146] HSV颜色范围: [20,50,50] - [70,255,255]
🎾 [球检测-帧146] 颜色匹配像素数: 223678
🎾 [球检测-帧146] 面积阈值(缩放后): min=25 max=500
🎾 [球检测-帧146] 区域面积过滤: 面积67450.0px 超出范围[25-500]
🎾 [球检测-帧146] 区域面积过滤: 面积67906.0px 超出范围[25-500]
🎾 [球检测-帧146] 区域面积过滤: 面积42437.0px 超出范围[25-500]
🎾 [球检测-帧146] 区域面积过滤: 面积43873.0px 超出范围[25-500]
🎾 [球检测-帧146] 面积过滤后有效区域数: 1
🎾 [球检测-帧146] 形态学清理后像素数: 241 (减少了223437)
🎾 [球检测-帧146] Hough参数(缩放后): minR=4, maxR=22, minDist=12
🎾 [球检测-帧146] Hough圆检测找到: 2 个圆
🎾 [球检测-帧146] 圆 1: 位置(681,511), 半径12px
🎾 [球检测-帧146] 圆 1: 质量分数 0.59
🎾 [球检测-帧146] 圆 2: 位置(683,487), 半径11px
🎾 [球检测-帧146] 圆 2: 质量分数 0.64
🎾 [球检测-帧146] 球 1: (681,511) ❌ 圆度0.57低于0.58
🎾 [球检测-帧146] 球 2: (683,487) ❌ 圆度0.54低于0.58
🎾 [球检测-帧146] 噪点过滤完成: 2 → 0 个球
🎾 [球检测-帧146] HSV检测结果: 0 个球
🎾 [球检测-帧146] 边界过滤: 0 → 0 个球
🎾 [球检测-帧146] 最终检测结果: 0 个球
🎾 [球检测-帧147] 开始球检测 (帧尺寸: 1280x720)
🎾 [球检测-帧147] 图像预处理: 1280x720 → 640x360
🎾 [球检测-帧147] HSV颜色范围: [20,50,50] - [70,255,255]
🎾 [球检测-帧147] 颜色匹配像素数: 223672
🎾 [球检测-帧147] 面积阈值(缩放后): min=25 max=500
🎾 [球检测-帧147] 区域面积过滤: 面积67446.0px 超出范围[25-500]
🎾 [球检测-帧147] 区域面积过滤: 面积67906.0px 超出范围[25-500]
🎾 [球检测-帧147] 区域面积过滤: 面积42437.0px 超出范围[25-500]
🎾 [球检测-帧147] 区域面积过滤: 面积43873.0px 超出范围[25-500]
🎾 [球检测-帧147] 面积过滤后有效区域数: 1
🎾 [球检测-帧147] 形态学清理后像素数: 248 (减少了223424)
🎾 [球检测-帧147] Hough参数(缩放后): minR=4, maxR=22, minDist=12
🎾 [球检测-帧147] Hough圆检测找到: 2 个圆
🎾 [球检测-帧147] 圆 1: 位置(683,487), 半径12px
🎾 [球检测-帧147] 圆 1: 质量分数 0.63
🎾 [球检测-帧147] 圆 2: 位置(683,511), 半径11px
🎾 [球检测-帧147] 圆 2: 质量分数 0.60
🎾 [球检测-帧147] 球 1: (683,487) ❌ 圆度0.54低于0.58
🎾 [球检测-帧147] 球 2: (683,511) ❌ 圆度0.50低于0.58
🎾 [球检测-帧147] 噪点过滤完成: 2 → 0 个球
🎾 [球检测-帧147] HSV检测结果: 0 个球
🎾 [球检测-帧147] 边界过滤: 0 → 0 个球
🎾 [球检测-帧147] 最终检测结果: 0 个球
🎾 [球检测-帧148] 开始球检测 (帧尺寸: 1280x720)
🎾 [球检测-帧148] 图像预处理: 1280x720 → 640x360
🎾 [球检测-帧148] HSV颜色范围: [20,50,50] - [70,255,255]
🎾 [球检测-帧148] 颜色匹配像素数: 223692
🎾 [球检测-帧148] 面积阈值(缩放后): min=25 max=500
🎾 [球检测-帧148] 区域面积过滤: 面积135371.0px 超出范围[25-500]
🎾 [球检测-帧148] 区域面积过滤: 面积42437.0px 超出范围[25-500]
🎾 [球检测-帧148] 区域面积过滤: 面积43873.0px 超出范围[25-500]
🎾 [球检测-帧148] 面积过滤后有效区域数: 1
🎾 [球检测-帧148] 形态学清理后像素数: 248 (减少了223444)
🎾 [球检测-帧148] Hough参数(缩放后): minR=4, maxR=22, minDist=12
🎾 [球检测-帧148] Hough圆检测找到: 2 个圆
🎾 [球检测-帧148] 圆 1: 位置(683,487), 半径12px
🎾 [球检测-帧148] 圆 1: 质量分数 0.63
🎾 [球检测-帧148] 圆 2: 位置(683,511), 半径11px
🎾 [球检测-帧148] 圆 2: 质量分数 0.60
🎾 [球检测-帧148] 球 1: (683,487) ❌ 圆度0.54低于0.58
🎾 [球检测-帧148] 球 2: (683,511) ❌ 圆度0.50低于0.58
🎾 [球检测-帧148] 噪点过滤完成: 2 → 0 个球
🎾 [球检测-帧148] HSV检测结果: 0 个球
🎾 [球检测-帧148] 边界过滤: 0 → 0 个球
🎾 [球检测-帧148] 最终检测结果: 0 个球
🎾 [球检测-帧149] 开始球检测 (帧尺寸: 1280x720)
🎾 [球检测-帧149] 图像预处理: 1280x720 → 640x360
🎾 [球检测-帧149] HSV颜色范围: [20,50,50] - [70,255,255]
🎾 [球检测-帧149] 颜色匹配像素数: 223691
🎾 [球检测-帧149] 面积阈值(缩放后): min=25 max=500
🎾 [球检测-帧149] 区域面积过滤: 面积135382.5px 超出范围[25-500]
🎾 [球检测-帧149] 区域面积过滤: 面积42437.0px 超出范围[25-500]
🎾 [球检测-帧149] 区域面积过滤: 面积43873.0px 超出范围[25-500]
🎾 [球检测-帧149] 面积过滤后有效区域数: 1
🎾 [球检测-帧149] 形态学清理后像素数: 245 (减少了223446)
🎾 [球检测-帧149] Hough参数(缩放后): minR=4, maxR=22, minDist=12
🎾 [球检测-帧149] Hough圆检测找到: 1 个圆
🎾 [球检测-帧149] 圆 1: 位置(683,491), 半径13px
🎾 [球检测-帧149] 圆 1: 质量分数 0.58
🎾 [球检测-帧149] 球 1: (683,491) ✅ 半径13px, 质量0.58, 圆度0.61, 边距229px 通过过滤
🎾 [球检测-帧149] 噪点过滤完成: 1 → 1 个球
🎾 [球检测-帧149] HSV检测结果: 1 个球
🎾 [球检测-帧149] 球 1: (683,491) ✅ 在边界内
🎾 [球检测-帧149] 边界过滤: 1 → 1 个球
🎾 [球检测-帧149] 最终检测结果: 1 个球
🎾 [球检测-帧150] 开始球检测 (帧尺寸: 1280x720)
🎾 [球检测-帧150] 图像预处理: 1280x720 → 640x360
🎾 [球检测-帧150] HSV颜色范围: [20,50,50] - [70,255,255]
🎾 [球检测-帧150] 颜色匹配像素数: 223690
🎾 [球检测-帧150] 面积阈值(缩放后): min=25 max=500
🎾 [球检测-帧150] 区域面积过滤: 面积135388.5px 超出范围[25-500]
🎾 [球检测-帧150] 区域面积过滤: 面积42437.0px 超出范围[25-500]
🎾 [球检测-帧150] 区域面积过滤: 面积43873.0px 超出范围[25-500]
🎾 [球检测-帧150] 面积过滤后有效区域数: 1
🎾 [球检测-帧150] 形态学清理后像素数: 245 (减少了223445)
🎾 [球检测-帧150] Hough参数(缩放后): minR=4, maxR=22, minDist=12
🎾 [球检测-帧150] Hough圆检测找到: 1 个圆
🎾 [球检测-帧150] 圆 1: 位置(683,491), 半径13px
🎾 [球检测-帧150] 圆 1: 质量分数 0.58
🎾 [球检测-帧150] 球 1: (683,491) ✅ 半径13px, 质量0.58, 圆度0.61, 边距229px 通过过滤
🎾 [球检测-帧150] 噪点过滤完成: 1 → 1 个球
🎾 [球检测-帧150] HSV检测结果: 1 个球
🎾 [球检测-帧150] 球 1: (683,491) ✅ 在边界内
🎾 [球检测-帧150] 边界过滤: 1 → 1 个球
🎾 [球检测-帧150] 最终检测结果: 1 个球
🎾 [球检测-帧150] 调试帧已保存: debug_frames/ball_debug_frame_0150.jpg
🎾 [球检测-帧151] 开始球检测 (帧尺寸: 1280x720)
🎾 [球检测-帧151] 图像预处理: 1280x720 → 640x360
🎾 [球检测-帧151] HSV颜色范围: [20,50,50] - [70,255,255]
🎾 [球检测-帧151] 颜色匹配像素数: 223712
🎾 [球检测-帧151] 面积阈值(缩放后): min=25 max=500
🎾 [球检测-帧151] 区域面积过滤: 面积135381.5px 超出范围[25-500]
🎾 [球检测-帧151] 区域面积过滤: 面积42437.0px 超出范围[25-500]
🎾 [球检测-帧151] 区域面积过滤: 面积43873.0px 超出范围[25-500]
🎾 [球检测-帧151] 面积过滤后有效区域数: 1
🎾 [球检测-帧151] 形态学清理后像素数: 239 (减少了223473)
🎾 [球检测-帧151] Hough参数(缩放后): minR=4, maxR=22, minDist=12
🎾 [球检测-帧151] Hough圆检测找到: 1 个圆
🎾 [球检测-帧151] 圆 1: 位置(683,487), 半径11px
🎾 [球检测-帧151] 圆 1: 质量分数 0.69
🎾 [球检测-帧151] 球 1: (683,487) ❌ 圆度0.54低于0.58
🎾 [球检测-帧151] 噪点过滤完成: 1 → 0 个球
🎾 [球检测-帧151] HSV检测结果: 0 个球
🎾 [球检测-帧151] 边界过滤: 0 → 0 个球
🎾 [球检测-帧151] 最终检测结果: 0 个球
🎾 [球检测-帧152] 开始球检测 (帧尺寸: 1280x720)
🎾 [球检测-帧152] 图像预处理: 1280x720 → 640x360
🎾 [球检测-帧152] HSV颜色范围: [20,50,50] - [70,255,255]
🎾 [球检测-帧152] 颜色匹配像素数: 223716
🎾 [球检测-帧152] 面积阈值(缩放后): min=25 max=500
🎾 [球检测-帧152] 区域面积过滤: 面积135382.5px 超出范围[25-500]
🎾 [球检测-帧152] 区域面积过滤: 面积42437.0px 超出范围[25-500]
🎾 [球检测-帧152] 区域面积过滤: 面积43873.0px 超出范围[25-500]
🎾 [球检测-帧152] 面积过滤后有效区域数: 1
🎾 [球检测-帧152] 形态学清理后像素数: 246 (减少了223470)
🎾 [球检测-帧152] Hough参数(缩放后): minR=4, maxR=22, minDist=12
🎾 [球检测-帧152] Hough圆检测找到: 1 个圆
🎾 [球检测-帧152] 圆 1: 位置(683,491), 半径13px
🎾 [球检测-帧152] 圆 1: 质量分数 0.58
🎾 [球检测-帧152] 球 1: (683,491) ✅ 半径13px, 质量0.58, 圆度0.61, 边距229px 通过过滤
🎾 [球检测-帧152] 噪点过滤完成: 1 → 1 个球
🎾 [球检测-帧152] HSV检测结果: 1 个球
🎾 [球检测-帧152] 球 1: (683,491) ✅ 在边界内
🎾 [球检测-帧152] 边界过滤: 1 → 1 个球
🎾 [球检测-帧152] 最终检测结果: 1 个球
🎾 [球检测-帧153] 开始球检测 (帧尺寸: 1280x720)
🎾 [球检测-帧153] 图像预处理: 1280x720 → 640x360
🎾 [球检测-帧153] HSV颜色范围: [20,50,50] - [70,255,255]
🎾 [球检测-帧153] 颜色匹配像素数: 223698
🎾 [球检测-帧153] 面积阈值(缩放后): min=25 max=500
🎾 [球检测-帧153] 区域面积过滤: 面积135379.5px 超出范围[25-500]
🎾 [球检测-帧153] 区域面积过滤: 面积42437.0px 超出范围[25-500]
🎾 [球检测-帧153] 区域面积过滤: 面积43873.0px 超出范围[25-500]
🎾 [球检测-帧153] 面积过滤后有效区域数: 1
🎾 [球检测-帧153] 形态学清理后像素数: 245 (减少了223453)
🎾 [球检测-帧153] Hough参数(缩放后): minR=4, maxR=22, minDist=12
🎾 [球检测-帧153] Hough圆检测找到: 1 个圆
🎾 [球检测-帧153] 圆 1: 位置(683,491), 半径13px
🎾 [球检测-帧153] 圆 1: 质量分数 0.58
🎾 [球检测-帧153] 球 1: (683,491) ✅ 半径13px, 质量0.58, 圆度0.61, 边距229px 通过过滤
🎾 [球检测-帧153] 噪点过滤完成: 1 → 1 个球
🎾 [球检测-帧153] HSV检测结果: 1 个球
🎾 [球检测-帧153] 球 1: (683,491) ✅ 在边界内
🎾 [球检测-帧153] 边界过滤: 1 → 1 个球
🎾 [球检测-帧153] 最终检测结果: 1 个球
🎾 [球检测-帧154] 开始球检测 (帧尺寸: 1280x720)
🎾 [球检测-帧154] 图像预处理: 1280x720 → 640x360
🎾 [球检测-帧154] HSV颜色范围: [20,50,50] - [70,255,255]
🎾 [球检测-帧154] 颜色匹配像素数: 223698
🎾 [球检测-帧154] 面积阈值(缩放后): min=25 max=500
🎾 [球检测-帧154] 区域面积过滤: 面积135364.5px 超出范围[25-500]
🎾 [球检测-帧154] 区域面积过滤: 面积42437.0px 超出范围[25-500]
🎾 [球检测-帧154] 区域面积过滤: 面积43873.0px 超出范围[25-500]
🎾 [球检测-帧154] 面积过滤后有效区域数: 1
🎾 [球检测-帧154] 形态学清理后像素数: 248 (减少了223450)
🎾 [球检测-帧154] Hough参数(缩放后): minR=4, maxR=22, minDist=12
🎾 [球检测-帧154] Hough圆检测找到: 2 个圆
🎾 [球检测-帧154] 圆 1: 位置(685,487), 半径11px
🎾 [球检测-帧154] 圆 1: 质量分数 0.69
🎾 [球检测-帧154] 圆 2: 位置(685,511), 半径11px
🎾 [球检测-帧154] 圆 2: 质量分数 0.61
🎾 [球检测-帧154] 球 1: (685,487) ❌ 圆度0.52低于0.58
🎾 [球检测-帧154] 球 2: (685,511) ❌ 圆度0.50低于0.58
🎾 [球检测-帧154] 噪点过滤完成: 2 → 0 个球
🎾 [球检测-帧154] HSV检测结果: 0 个球
🎾 [球检测-帧154] 边界过滤: 0 → 0 个球
🎾 [球检测-帧154] 最终检测结果: 0 个球
🎾 [球检测-帧155] 开始球检测 (帧尺寸: 1280x720)
🎾 [球检测-帧155] 图像预处理: 1280x720 → 640x360
🎾 [球检测-帧155] HSV颜色范围: [20,50,50] - [70,255,255]
🎾 [球检测-帧155] 颜色匹配像素数: 223680
🎾 [球检测-帧155] 面积阈值(缩放后): min=25 max=500
🎾 [球检测-帧155] 区域面积过滤: 面积67436.5px 超出范围[25-500]
🎾 [球检测-帧155] 区域面积过滤: 面积67905.0px 超出范围[25-500]
🎾 [球检测-帧155] 区域面积过滤: 面积42437.0px 超出范围[25-500]
🎾 [球检测-帧155] 区域面积过滤: 面积43873.0px 超出范围[25-500]
🎾 [球检测-帧155] 面积过滤后有效区域数: 1
🎾 [球检测-帧155] 形态学清理后像素数: 248 (减少了223432)
🎾 [球检测-帧155] Hough参数(缩放后): minR=4, maxR=22, minDist=12
🎾 [球检测-帧155] Hough圆检测找到: 2 个圆
🎾 [球检测-帧155] 圆 1: 位置(685,487), 半径11px
🎾 [球检测-帧155] 圆 1: 质量分数 0.69
🎾 [球检测-帧155] 圆 2: 位置(685,511), 半径11px
🎾 [球检测-帧155] 圆 2: 质量分数 0.61
🎾 [球检测-帧155] 球 1: (685,487) ❌ 圆度0.52低于0.58
🎾 [球检测-帧155] 球 2: (685,511) ❌ 圆度0.50低于0.58
🎾 [球检测-帧155] 噪点过滤完成: 2 → 0 个球
🎾 [球检测-帧155] HSV检测结果: 0 个球
🎾 [球检测-帧155] 边界过滤: 0 → 0 个球
🎾 [球检测-帧155] 最终检测结果: 0 个球
🎾 [球检测-帧156] 开始球检测 (帧尺寸: 1280x720)
🎾 [球检测-帧156] 图像预处理: 1280x720 → 640x360
🎾 [球检测-帧156] HSV颜色范围: [20,50,50] - [70,255,255]
🎾 [球检测-帧156] 颜色匹配像素数: 223687
🎾 [球检测-帧156] 面积阈值(缩放后): min=25 max=500
🎾 [球检测-帧156] 区域面积过滤: 面积67437.0px 超出范围[25-500]
🎾 [球检测-帧156] 区域面积过滤: 面积67905.0px 超出范围[25-500]
🎾 [球检测-帧156] 区域面积过滤: 面积42437.0px 超出范围[25-500]
🎾 [球检测-帧156] 区域面积过滤: 面积43873.0px 超出范围[25-500]
🎾 [球检测-帧156] 面积过滤后有效区域数: 1
🎾 [球检测-帧156] 形态学清理后像素数: 250 (减少了223437)
🎾 [球检测-帧156] Hough参数(缩放后): minR=4, maxR=22, minDist=12
🎾 [球检测-帧156] Hough圆检测找到: 2 个圆
🎾 [球检测-帧156] 圆 1: 位置(669,503), 半径29px
🎾 [球检测-帧156] 圆 1: 质量分数 0.50
🎾 [球检测-帧156] 圆 2: 位置(689,485), 半径11px
🎾 [球检测-帧156] 圆 2: 质量分数 0.73
🎾 [球检测-帧156] 球 1: (669,503) ✅ 半径29px, 质量0.50, 圆度0.62, 边距217px 通过过滤
🎾 [球检测-帧156] 球 2: (689,485) ✅ 半径11px, 质量0.73, 圆度0.75, 边距235px 通过过滤
🎾 [球检测-帧156] 噪点过滤完成: 2 → 2 个球
🎾 [球检测-帧156] HSV检测结果: 1 个球
🎾 [球检测-帧156] 球 1: (669,503) ✅ 在边界内
🎾 [球检测-帧156] 边界过滤: 1 → 1 个球
🎾 [球检测-帧156] 最终检测结果: 1 个球
🎾 [球检测-帧157] 开始球检测 (帧尺寸: 1280x720)
🎾 [球检测-帧157] 图像预处理: 1280x720 → 640x360
🎾 [球检测-帧157] HSV颜色范围: [20,50,50] - [70,255,255]
🎾 [球检测-帧157] 颜色匹配像素数: 223681
🎾 [球检测-帧157] 面积阈值(缩放后): min=25 max=500
🎾 [球检测-帧157] 区域面积过滤: 面积67437.0px 超出范围[25-500]
🎾 [球检测-帧157] 区域面积过滤: 面积67905.0px 超出范围[25-500]
🎾 [球检测-帧157] 区域面积过滤: 面积42437.0px 超出范围[25-500]
🎾 [球检测-帧157] 区域面积过滤: 面积43873.0px 超出范围[25-500]
🎾 [球检测-帧157] 面积过滤后有效区域数: 1
🎾 [球检测-帧157] 形态学清理后像素数: 250 (减少了223431)
🎾 [球检测-帧157] Hough参数(缩放后): minR=4, maxR=22, minDist=12
🎾 [球检测-帧157] Hough圆检测找到: 2 个圆
🎾 [球检测-帧157] 圆 1: 位置(669,503), 半径29px
🎾 [球检测-帧157] 圆 1: 质量分数 0.50
🎾 [球检测-帧157] 圆 2: 位置(689,485), 半径11px
🎾 [球检测-帧157] 圆 2: 质量分数 0.73
🎾 [球检测-帧157] 球 1: (669,503) ✅ 半径29px, 质量0.50, 圆度0.62, 边距217px 通过过滤
🎾 [球检测-帧157] 球 2: (689,485) ✅ 半径11px, 质量0.73, 圆度0.75, 边距235px 通过过滤
🎾 [球检测-帧157] 噪点过滤完成: 2 → 2 个球
🎾 [球检测-帧157] HSV检测结果: 1 个球
🎾 [球检测-帧157] 球 1: (669,503) ✅ 在边界内
🎾 [球检测-帧157] 边界过滤: 1 → 1 个球
🎾 [球检测-帧157] 最终检测结果: 1 个球
🎾 [球检测-帧158] 开始球检测 (帧尺寸: 1280x720)
🎾 [球检测-帧158] 图像预处理: 1280x720 → 640x360
🎾 [球检测-帧158] HSV颜色范围: [20,50,50] - [70,255,255]
🎾 [球检测-帧158] 颜色匹配像素数: 223692
🎾 [球检测-帧158] 面积阈值(缩放后): min=25 max=500
🎾 [球检测-帧158] 区域面积过滤: 面积67437.0px 超出范围[25-500]
🎾 [球检测-帧158] 区域面积过滤: 面积67905.0px 超出范围[25-500]
🎾 [球检测-帧158] 区域面积过滤: 面积42437.0px 超出范围[25-500]
🎾 [球检测-帧158] 区域面积过滤: 面积43873.0px 超出范围[25-500]
🎾 [球检测-帧158] 面积过滤后有效区域数: 1
🎾 [球检测-帧158] 形态学清理后像素数: 250 (减少了223442)
🎾 [球检测-帧158] Hough参数(缩放后): minR=4, maxR=22, minDist=12
🎾 [球检测-帧158] Hough圆检测找到: 2 个圆
🎾 [球检测-帧158] 圆 1: 位置(669,503), 半径29px
🎾 [球检测-帧158] 圆 1: 质量分数 0.50
🎾 [球检测-帧158] 圆 2: 位置(689,485), 半径11px
🎾 [球检测-帧158] 圆 2: 质量分数 0.73
🎾 [球检测-帧158] 球 1: (669,503) ✅ 半径29px, 质量0.50, 圆度0.62, 边距217px 通过过滤
🎾 [球检测-帧158] 球 2: (689,485) ✅ 半径11px, 质量0.73, 圆度0.75, 边距235px 通过过滤
🎾 [球检测-帧158] 噪点过滤完成: 2 → 2 个球
🎾 [球检测-帧158] HSV检测结果: 1 个球
🎾 [球检测-帧158] 球 1: (669,503) ✅ 在边界内
🎾 [球检测-帧158] 边界过滤: 1 → 1 个球
🎾 [球检测-帧158] 最终检测结果: 1 个球
🎾 [球检测-帧159] 开始球检测 (帧尺寸: 1280x720)
🎾 [球检测-帧159] 图像预处理: 1280x720 → 640x360
🎾 [球检测-帧159] HSV颜色范围: [20,50,50] - [70,255,255]
🎾 [球检测-帧159] 颜色匹配像素数: 223674
🎾 [球检测-帧159] 面积阈值(缩放后): min=25 max=500
🎾 [球检测-帧159] 区域面积过滤: 面积67431.5px 超出范围[25-500]
🎾 [球检测-帧159] 区域面积过滤: 面积67905.0px 超出范围[25-500]
🎾 [球检测-帧159] 区域面积过滤: 面积42437.0px 超出范围[25-500]
🎾 [球检测-帧159] 区域面积过滤: 面积43873.0px 超出范围[25-500]
🎾 [球检测-帧159] 面积过滤后有效区域数: 1
🎾 [球检测-帧159] 形态学清理后像素数: 245 (减少了223429)
🎾 [球检测-帧159] Hough参数(缩放后): minR=4, maxR=22, minDist=12
🎾 [球检测-帧159] Hough圆检测找到: 2 个圆
🎾 [球检测-帧159] 圆 1: 位置(687,489), 半径12px
🎾 [球检测-帧159] 圆 1: 质量分数 0.68
🎾 [球检测-帧159] 圆 2: 位置(687,513), 半径10px
🎾 [球检测-帧159] 圆 2: 质量分数 0.67
🎾 [球检测-帧159] 球 1: (687,489) ❌ 圆度0.58低于0.58
🎾 [球检测-帧159] 球 2: (687,513) ✅ 半径10px, 质量0.67, 圆度0.77, 边距207px 通过过滤
🎾 [球检测-帧159] 噪点过滤完成: 2 → 1 个球
🎾 [球检测-帧159] HSV检测结果: 1 个球
🎾 [球检测-帧159] 球 1: (687,513) ✅ 在边界内
🎾 [球检测-帧159] 边界过滤: 1 → 1 个球
🎾 [球检测-帧159] 最终检测结果: 1 个球
🎾 [球检测-帧160] 开始球检测 (帧尺寸: 1280x720)
🎾 [球检测-帧160] 图像预处理: 1280x720 → 640x360
🎾 [球检测-帧160] HSV颜色范围: [20,50,50] - [70,255,255]
🎾 [球检测-帧160] 颜色匹配像素数: 223676
🎾 [球检测-帧160] 面积阈值(缩放后): min=25 max=500
🎾 [球检测-帧160] 区域面积过滤: 面积67434.0px 超出范围[25-500]
🎾 [球检测-帧160] 区域面积过滤: 面积67905.0px 超出范围[25-500]
🎾 [球检测-帧160] 区域面积过滤: 面积42437.0px 超出范围[25-500]
🎾 [球检测-帧160] 区域面积过滤: 面积43873.0px 超出范围[25-500]
🎾 [球检测-帧160] 面积过滤后有效区域数: 1
🎾 [球检测-帧160] 形态学清理后像素数: 245 (减少了223431)
🎾 [球检测-帧160] Hough参数(缩放后): minR=4, maxR=22, minDist=12
🎾 [球检测-帧160] Hough圆检测找到: 2 个圆
🎾 [球检测-帧160] 圆 1: 位置(687,489), 半径12px
🎾 [球检测-帧160] 圆 1: 质量分数 0.68
🎾 [球检测-帧160] 圆 2: 位置(687,513), 半径10px
🎾 [球检测-帧160] 圆 2: 质量分数 0.67
🎾 [球检测-帧160] 球 1: (687,489) ❌ 圆度0.58低于0.58
🎾 [球检测-帧160] 球 2: (687,513) ✅ 半径10px, 质量0.67, 圆度0.77, 边距207px 通过过滤
🎾 [球检测-帧160] 噪点过滤完成: 2 → 1 个球
🎾 [球检测-帧160] HSV检测结果: 1 个球
🎾 [球检测-帧160] 球 1: (687,513) ✅ 在边界内
🎾 [球检测-帧160] 边界过滤: 1 → 1 个球
🎾 [球检测-帧160] 最终检测结果: 1 个球
🎾 [球检测-帧160] 调试帧已保存: debug_frames/ball_debug_frame_0160.jpg
🎾 [球检测-帧161] 开始球检测 (帧尺寸: 1280x720)
🎾 [球检测-帧161] 图像预处理: 1280x720 → 640x360
🎾 [球检测-帧161] HSV颜色范围: [20,50,50] - [70,255,255]
🎾 [球检测-帧161] 颜色匹配像素数: 223681
🎾 [球检测-帧161] 面积阈值(缩放后): min=25 max=500
🎾 [球检测-帧161] 区域面积过滤: 面积67430.0px 超出范围[25-500]
🎾 [球检测-帧161] 区域面积过滤: 面积67905.0px 超出范围[25-500]
🎾 [球检测-帧161] 区域面积过滤: 面积42437.0px 超出范围[25-500]
🎾 [球检测-帧161] 区域面积过滤: 面积43873.0px 超出范围[25-500]
🎾 [球检测-帧161] 面积过滤后有效区域数: 1
🎾 [球检测-帧161] 形态学清理后像素数: 252 (减少了223429)
🎾 [球检测-帧161] Hough参数(缩放后): minR=4, maxR=22, minDist=12
🎾 [球检测-帧161] Hough圆检测找到: 2 个圆
🎾 [球检测-帧161] 圆 1: 位置(687,489), 半径12px
🎾 [球检测-帧161] 圆 1: 质量分数 0.69
🎾 [球检测-帧161] 圆 2: 位置(685,515), 半径12px
🎾 [球检测-帧161] 圆 2: 质量分数 0.67
🎾 [球检测-帧161] 球 1: (687,489) ❌ 圆度0.58低于0.58
🎾 [球检测-帧161] 球 2: (685,515) ✅ 半径12px, 质量0.67, 圆度0.73, 边距205px 通过过滤
🎾 [球检测-帧161] 噪点过滤完成: 2 → 1 个球
🎾 [球检测-帧161] HSV检测结果: 1 个球
🎾 [球检测-帧161] 球 1: (685,515) ✅ 在边界内
🎾 [球检测-帧161] 边界过滤: 1 → 1 个球
🎾 [球检测-帧161] 最终检测结果: 1 个球
🎾 [球检测-帧162] 开始球检测 (帧尺寸: 1280x720)
🎾 [球检测-帧162] 图像预处理: 1280x720 → 640x360
🎾 [球检测-帧162] HSV颜色范围: [20,50,50] - [70,255,255]
🎾 [球检测-帧162] 颜色匹配像素数: 223678
🎾 [球检测-帧162] 面积阈值(缩放后): min=25 max=500
🎾 [球检测-帧162] 区域面积过滤: 面积67430.0px 超出范围[25-500]
🎾 [球检测-帧162] 区域面积过滤: 面积67905.0px 超出范围[25-500]
🎾 [球检测-帧162] 区域面积过滤: 面积42437.0px 超出范围[25-500]
🎾 [球检测-帧162] 区域面积过滤: 面积43873.0px 超出范围[25-500]
🎾 [球检测-帧162] 面积过滤后有效区域数: 1
🎾 [球检测-帧162] 形态学清理后像素数: 252 (减少了223426)
🎾 [球检测-帧162] Hough参数(缩放后): minR=4, maxR=22, minDist=12
🎾 [球检测-帧162] Hough圆检测找到: 2 个圆
🎾 [球检测-帧162] 圆 1: 位置(687,489), 半径12px
🎾 [球检测-帧162] 圆 1: 质量分数 0.70
🎾 [球检测-帧162] 圆 2: 位置(685,515), 半径12px
🎾 [球检测-帧162] 圆 2: 质量分数 0.67
🎾 [球检测-帧162] 球 1: (687,489) ❌ 圆度0.58低于0.58
🎾 [球检测-帧162] 球 2: (685,515) ✅ 半径12px, 质量0.67, 圆度0.73, 边距205px 通过过滤
🎾 [球检测-帧162] 噪点过滤完成: 2 → 1 个球
🎾 [球检测-帧162] HSV检测结果: 1 个球
🎾 [球检测-帧162] 球 1: (685,515) ✅ 在边界内
🎾 [球检测-帧162] 边界过滤: 1 → 1 个球
🎾 [球检测-帧162] 最终检测结果: 1 个球
🎾 [球检测-帧163] 开始球检测 (帧尺寸: 1280x720)
🎾 [球检测-帧163] 图像预处理: 1280x720 → 640x360
🎾 [球检测-帧163] HSV颜色范围: [20,50,50] - [70,255,255]
🎾 [球检测-帧163] 颜色匹配像素数: 223668
🎾 [球检测-帧163] 面积阈值(缩放后): min=25 max=500
🎾 [球检测-帧163] 区域面积过滤: 面积67430.0px 超出范围[25-500]
🎾 [球检测-帧163] 区域面积过滤: 面积67905.0px 超出范围[25-500]
🎾 [球检测-帧163] 区域面积过滤: 面积42437.0px 超出范围[25-500]
🎾 [球检测-帧163] 区域面积过滤: 面积43873.0px 超出范围[25-500]
🎾 [球检测-帧163] 面积过滤后有效区域数: 1
🎾 [球检测-帧163] 形态学清理后像素数: 252 (减少了223416)
🎾 [球检测-帧163] Hough参数(缩放后): minR=4, maxR=22, minDist=12
🎾 [球检测-帧163] Hough圆检测找到: 2 个圆
🎾 [球检测-帧163] 圆 1: 位置(687,489), 半径12px
🎾 [球检测-帧163] 圆 1: 质量分数 0.70
🎾 [球检测-帧163] 圆 2: 位置(685,515), 半径12px
🎾 [球检测-帧163] 圆 2: 质量分数 0.67
🎾 [球检测-帧163] 球 1: (687,489) ❌ 圆度0.58低于0.58
🎾 [球检测-帧163] 球 2: (685,515) ✅ 半径12px, 质量0.67, 圆度0.73, 边距205px 通过过滤
🎾 [球检测-帧163] 噪点过滤完成: 2 → 1 个球
🎾 [球检测-帧163] HSV检测结果: 1 个球
🎾 [球检测-帧163] 球 1: (685,515) ✅ 在边界内
🎾 [球检测-帧163] 边界过滤: 1 → 1 个球
🎾 [球检测-帧163] 最终检测结果: 1 个球
🎾 [球检测-帧164] 开始球检测 (帧尺寸: 1280x720)
🎾 [球检测-帧164] 图像预处理: 1280x720 → 640x360
🎾 [球检测-帧164] HSV颜色范围: [20,50,50] - [70,255,255]
🎾 [球检测-帧164] 颜色匹配像素数: 223678
🎾 [球检测-帧164] 面积阈值(缩放后): min=25 max=500
🎾 [球检测-帧164] 区域面积过滤: 面积67426.5px 超出范围[25-500]
🎾 [球检测-帧164] 区域面积过滤: 面积67905.0px 超出范围[25-500]
🎾 [球检测-帧164] 区域面积过滤: 面积42437.0px 超出范围[25-500]
🎾 [球检测-帧164] 区域面积过滤: 面积43873.0px 超出范围[25-500]
🎾 [球检测-帧164] 面积过滤后有效区域数: 1
🎾 [球检测-帧164] 形态学清理后像素数: 252 (减少了223426)
🎾 [球检测-帧164] Hough参数(缩放后): minR=4, maxR=22, minDist=12
🎾 [球检测-帧164] Hough圆检测找到: 1 个圆
🎾 [球检测-帧164] 圆 1: 位置(691,489), 半径14px
🎾 [球检测-帧164] 圆 1: 质量分数 0.70
🎾 [球检测-帧164] 球 1: (691,489) ✅ 半径14px, 质量0.70, 圆度0.67, 边距231px 通过过滤
🎾 [球检测-帧164] 噪点过滤完成: 1 → 1 个球
🎾 [球检测-帧164] HSV检测结果: 1 个球
🎾 [球检测-帧164] 球 1: (691,489) ✅ 在边界内
🎾 [球检测-帧164] 边界过滤: 1 → 1 个球
🎾 [球检测-帧164] 最终检测结果: 1 个球
🎾 [球检测-帧165] 开始球检测 (帧尺寸: 1280x720)
🎾 [球检测-帧165] 图像预处理: 1280x720 → 640x360
🎾 [球检测-帧165] HSV颜色范围: [20,50,50] - [70,255,255]
🎾 [球检测-帧165] 颜色匹配像素数: 223675
🎾 [球检测-帧165] 面积阈值(缩放后): min=25 max=500
🎾 [球检测-帧165] 区域面积过滤: 面积67426.5px 超出范围[25-500]
🎾 [球检测-帧165] 区域面积过滤: 面积67905.0px 超出范围[25-500]
🎾 [球检测-帧165] 区域面积过滤: 面积42437.0px 超出范围[25-500]
🎾 [球检测-帧165] 区域面积过滤: 面积43873.0px 超出范围[25-500]
🎾 [球检测-帧165] 面积过滤后有效区域数: 1
🎾 [球检测-帧165] 形态学清理后像素数: 252 (减少了223423)
🎾 [球检测-帧165] Hough参数(缩放后): minR=4, maxR=22, minDist=12
🎾 [球检测-帧165] Hough圆检测找到: 1 个圆
🎾 [球检测-帧165] 圆 1: 位置(691,489), 半径14px
🎾 [球检测-帧165] 圆 1: 质量分数 0.70
🎾 [球检测-帧165] 球 1: (691,489) ✅ 半径14px, 质量0.70, 圆度0.67, 边距231px 通过过滤
🎾 [球检测-帧165] 噪点过滤完成: 1 → 1 个球
🎾 [球检测-帧165] HSV检测结果: 1 个球
🎾 [球检测-帧165] 球 1: (691,489) ✅ 在边界内
🎾 [球检测-帧165] 边界过滤: 1 → 1 个球
🎾 [球检测-帧165] 最终检测结果: 1 个球
🎾 [球检测-帧166] 开始球检测 (帧尺寸: 1280x720)
🎾 [球检测-帧166] 图像预处理: 1280x720 → 640x360
🎾 [球检测-帧166] HSV颜色范围: [20,50,50] - [70,255,255]
🎾 [球检测-帧166] 颜色匹配像素数: 223680
🎾 [球检测-帧166] 面积阈值(缩放后): min=25 max=500
🎾 [球检测-帧166] 区域面积过滤: 面积67426.5px 超出范围[25-500]
🎾 [球检测-帧166] 区域面积过滤: 面积67905.0px 超出范围[25-500]
🎾 [球检测-帧166] 区域面积过滤: 面积42437.0px 超出范围[25-500]
🎾 [球检测-帧166] 区域面积过滤: 面积43873.0px 超出范围[25-500]
🎾 [球检测-帧166] 面积过滤后有效区域数: 1
🎾 [球检测-帧166] 形态学清理后像素数: 252 (减少了223428)
🎾 [球检测-帧166] Hough参数(缩放后): minR=4, maxR=22, minDist=12
🎾 [球检测-帧166] Hough圆检测找到: 1 个圆
🎾 [球检测-帧166] 圆 1: 位置(691,489), 半径14px
🎾 [球检测-帧166] 圆 1: 质量分数 0.70
🎾 [球检测-帧166] 球 1: (691,489) ✅ 半径14px, 质量0.70, 圆度0.67, 边距231px 通过过滤
🎾 [球检测-帧166] 噪点过滤完成: 1 → 1 个球
🎾 [球检测-帧166] HSV检测结果: 1 个球
🎾 [球检测-帧166] 球 1: (691,489) ✅ 在边界内
🎾 [球检测-帧166] 边界过滤: 1 → 1 个球
🎾 [球检测-帧166] 最终检测结果: 1 个球
🎾 [球检测-帧167] 开始球检测 (帧尺寸: 1280x720)
🎾 [球检测-帧167] 图像预处理: 1280x720 → 640x360
🎾 [球检测-帧167] HSV颜色范围: [20,50,50] - [70,255,255]
🎾 [球检测-帧167] 颜色匹配像素数: 223678
🎾 [球检测-帧167] 面积阈值(缩放后): min=25 max=500
🎾 [球检测-帧167] 区域面积过滤: 面积67430.5px 超出范围[25-500]
🎾 [球检测-帧167] 区域面积过滤: 面积67905.0px 超出范围[25-500]
🎾 [球检测-帧167] 区域面积过滤: 面积42437.0px 超出范围[25-500]
🎾 [球检测-帧167] 区域面积过滤: 面积43873.0px 超出范围[25-500]
🎾 [球检测-帧167] 面积过滤后有效区域数: 1
🎾 [球检测-帧167] 形态学清理后像素数: 256 (减少了223422)
🎾 [球检测-帧167] Hough参数(缩放后): minR=4, maxR=22, minDist=12
🎾 [球检测-帧167] Hough圆检测找到: 2 个圆
🎾 [球检测-帧167] 圆 1: 位置(689,489), 半径13px
🎾 [球检测-帧167] 圆 1: 质量分数 0.68
🎾 [球检测-帧167] 圆 2: 位置(689,513), 半径12px
🎾 [球检测-帧167] 圆 2: 质量分数 0.67
🎾 [球检测-帧167] 球 1: (689,489) ✅ 半径13px, 质量0.68, 圆度0.64, 边距231px 通过过滤
🎾 [球检测-帧167] 球 2: (689,513) ✅ 半径12px, 质量0.67, 圆度0.62, 边距207px 通过过滤
🎾 [球检测-帧167] 噪点过滤完成: 2 → 2 个球
🎾 [球检测-帧167] HSV检测结果: 1 个球
🎾 [球检测-帧167] 球 1: (689,489) ✅ 在边界内
🎾 [球检测-帧167] 边界过滤: 1 → 1 个球
🎾 [球检测-帧167] 最终检测结果: 1 个球
🎾 [球检测-帧168] 开始球检测 (帧尺寸: 1280x720)
🎾 [球检测-帧168] 图像预处理: 1280x720 → 640x360
🎾 [球检测-帧168] HSV颜色范围: [20,50,50] - [70,255,255]
🎾 [球检测-帧168] 颜色匹配像素数: 223691
🎾 [球检测-帧168] 面积阈值(缩放后): min=25 max=500
🎾 [球检测-帧168] 区域面积过滤: 面积67430.5px 超出范围[25-500]
🎾 [球检测-帧168] 区域面积过滤: 面积67905.0px 超出范围[25-500]
🎾 [球检测-帧168] 区域面积过滤: 面积42437.0px 超出范围[25-500]
🎾 [球检测-帧168] 区域面积过滤: 面积43873.0px 超出范围[25-500]
🎾 [球检测-帧168] 面积过滤后有效区域数: 1
🎾 [球检测-帧168] 形态学清理后像素数: 256 (减少了223435)
🎾 [球检测-帧168] Hough参数(缩放后): minR=4, maxR=22, minDist=12
🎾 [球检测-帧168] Hough圆检测找到: 2 个圆
🎾 [球检测-帧168] 圆 1: 位置(689,489), 半径13px
🎾 [球检测-帧168] 圆 1: 质量分数 0.68
🎾 [球检测-帧168] 圆 2: 位置(689,513), 半径12px
🎾 [球检测-帧168] 圆 2: 质量分数 0.67
🎾 [球检测-帧168] 球 1: (689,489) ✅ 半径13px, 质量0.68, 圆度0.64, 边距231px 通过过滤
🎾 [球检测-帧168] 球 2: (689,513) ✅ 半径12px, 质量0.67, 圆度0.62, 边距207px 通过过滤
🎾 [球检测-帧168] 噪点过滤完成: 2 → 2 个球
🎾 [球检测-帧168] HSV检测结果: 1 个球
🎾 [球检测-帧168] 球 1: (689,489) ✅ 在边界内
🎾 [球检测-帧168] 边界过滤: 1 → 1 个球
🎾 [球检测-帧168] 最终检测结果: 1 个球
🎾 [球检测-帧169] 开始球检测 (帧尺寸: 1280x720)
🎾 [球检测-帧169] 图像预处理: 1280x720 → 640x360
🎾 [球检测-帧169] HSV颜色范围: [20,50,50] - [70,255,255]
🎾 [球检测-帧169] 颜色匹配像素数: 223678
🎾 [球检测-帧169] 面积阈值(缩放后): min=25 max=500
🎾 [球检测-帧169] 区域面积过滤: 面积67430.5px 超出范围[25-500]
🎾 [球检测-帧169] 区域面积过滤: 面积67905.0px 超出范围[25-500]
🎾 [球检测-帧169] 区域面积过滤: 面积42437.0px 超出范围[25-500]
🎾 [球检测-帧169] 区域面积过滤: 面积43873.0px 超出范围[25-500]
🎾 [球检测-帧169] 面积过滤后有效区域数: 1
🎾 [球检测-帧169] 形态学清理后像素数: 256 (减少了223422)
🎾 [球检测-帧169] Hough参数(缩放后): minR=4, maxR=22, minDist=12
🎾 [球检测-帧169] Hough圆检测找到: 2 个圆
🎾 [球检测-帧169] 圆 1: 位置(689,489), 半径13px
🎾 [球检测-帧169] 圆 1: 质量分数 0.68
🎾 [球检测-帧169] 圆 2: 位置(689,513), 半径12px
🎾 [球检测-帧169] 圆 2: 质量分数 0.67
🎾 [球检测-帧169] 球 1: (689,489) ✅ 半径13px, 质量0.68, 圆度0.64, 边距231px 通过过滤
🎾 [球检测-帧169] 球 2: (689,513) ✅ 半径12px, 质量0.67, 圆度0.62, 边距207px 通过过滤
🎾 [球检测-帧169] 噪点过滤完成: 2 → 2 个球
🎾 [球检测-帧169] HSV检测结果: 1 个球
🎾 [球检测-帧169] 球 1: (689,489) ✅ 在边界内
🎾 [球检测-帧169] 边界过滤: 1 → 1 个球
🎾 [球检测-帧169] 最终检测结果: 1 个球
🎾 [球检测-帧170] 开始球检测 (帧尺寸: 1280x720)
🎾 [球检测-帧170] 图像预处理: 1280x720 → 640x360
🎾 [球检测-帧170] HSV颜色范围: [20,50,50] - [70,255,255]
🎾 [球检测-帧170] 颜色匹配像素数: 223678
🎾 [球检测-帧170] 面积阈值(缩放后): min=25 max=500
🎾 [球检测-帧170] 区域面积过滤: 面积67426.0px 超出范围[25-500]
🎾 [球检测-帧170] 区域面积过滤: 面积67905.0px 超出范围[25-500]
🎾 [球检测-帧170] 区域面积过滤: 面积42437.0px 超出范围[25-500]
🎾 [球检测-帧170] 区域面积过滤: 面积43873.0px 超出范围[25-500]
🎾 [球检测-帧170] 面积过滤后有效区域数: 1
🎾 [球检测-帧170] 形态学清理后像素数: 256 (减少了223422)
🎾 [球检测-帧170] Hough参数(缩放后): minR=4, maxR=22, minDist=12
🎾 [球检测-帧170] Hough圆检测找到: 2 个圆
🎾 [球检测-帧170] 圆 1: 位置(691,489), 半径12px
🎾 [球检测-帧170] 圆 1: 质量分数 0.74
🎾 [球检测-帧170] 圆 2: 位置(691,513), 半径11px
🎾 [球检测-帧170] 圆 2: 质量分数 0.69
🎾 [球检测-帧170] 球 1: (691,489) ❌ 圆度0.57低于0.58
🎾 [球检测-帧170] 球 2: (691,513) ✅ 半径11px, 质量0.69, 圆度0.76, 边距207px 通过过滤
🎾 [球检测-帧170] 噪点过滤完成: 2 → 1 个球
🎾 [球检测-帧170] HSV检测结果: 1 个球
🎾 [球检测-帧170] 球 1: (691,513) ✅ 在边界内
🎾 [球检测-帧170] 边界过滤: 1 → 1 个球
🎾 [球检测-帧170] 最终检测结果: 1 个球
🎾 [球检测-帧170] 调试帧已保存: debug_frames/ball_debug_frame_0170.jpg
🎾 [球检测-帧171] 开始球检测 (帧尺寸: 1280x720)
🎾 [球检测-帧171] 图像预处理: 1280x720 → 640x360
🎾 [球检测-帧171] HSV颜色范围: [20,50,50] - [70,255,255]
🎾 [球检测-帧171] 颜色匹配像素数: 223700
🎾 [球检测-帧171] 面积阈值(缩放后): min=25 max=500
🎾 [球检测-帧171] 区域面积过滤: 面积67426.0px 超出范围[25-500]
🎾 [球检测-帧171] 区域面积过滤: 面积67905.0px 超出范围[25-500]
🎾 [球检测-帧171] 区域面积过滤: 面积42437.0px 超出范围[25-500]
🎾 [球检测-帧171] 区域面积过滤: 面积43873.0px 超出范围[25-500]
🎾 [球检测-帧171] 面积过滤后有效区域数: 1
🎾 [球检测-帧171] 形态学清理后像素数: 256 (减少了223444)
🎾 [球检测-帧171] Hough参数(缩放后): minR=4, maxR=22, minDist=12
🎾 [球检测-帧171] Hough圆检测找到: 2 个圆
🎾 [球检测-帧171] 圆 1: 位置(691,489), 半径12px
🎾 [球检测-帧171] 圆 1: 质量分数 0.74
🎾 [球检测-帧171] 圆 2: 位置(691,513), 半径11px
🎾 [球检测-帧171] 圆 2: 质量分数 0.69
🎾 [球检测-帧171] 球 1: (691,489) ❌ 圆度0.57低于0.58
🎾 [球检测-帧171] 球 2: (691,513) ✅ 半径11px, 质量0.69, 圆度0.76, 边距207px 通过过滤
🎾 [球检测-帧171] 噪点过滤完成: 2 → 1 个球
🎾 [球检测-帧171] HSV检测结果: 1 个球
🎾 [球检测-帧171] 球 1: (691,513) ✅ 在边界内
🎾 [球检测-帧171] 边界过滤: 1 → 1 个球
🎾 [球检测-帧171] 最终检测结果: 1 个球
🎾 [球检测-帧172] 开始球检测 (帧尺寸: 1280x720)
🎾 [球检测-帧172] 图像预处理: 1280x720 → 640x360
🎾 [球检测-帧172] HSV颜色范围: [20,50,50] - [70,255,255]
🎾 [球检测-帧172] 颜色匹配像素数: 223703
🎾 [球检测-帧172] 面积阈值(缩放后): min=25 max=500
🎾 [球检测-帧172] 区域面积过滤: 面积67426.0px 超出范围[25-500]
🎾 [球检测-帧172] 区域面积过滤: 面积67905.0px 超出范围[25-500]
🎾 [球检测-帧172] 区域面积过滤: 面积42437.0px 超出范围[25-500]
🎾 [球检测-帧172] 区域面积过滤: 面积43873.0px 超出范围[25-500]
🎾 [球检测-帧172] 面积过滤后有效区域数: 1
🎾 [球检测-帧172] 形态学清理后像素数: 256 (减少了223447)
🎾 [球检测-帧172] Hough参数(缩放后): minR=4, maxR=22, minDist=12
🎾 [球检测-帧172] Hough圆检测找到: 2 个圆
🎾 [球检测-帧172] 圆 1: 位置(691,489), 半径12px
🎾 [球检测-帧172] 圆 1: 质量分数 0.74
🎾 [球检测-帧172] 圆 2: 位置(691,513), 半径11px
🎾 [球检测-帧172] 圆 2: 质量分数 0.69
🎾 [球检测-帧172] 球 1: (691,489) ❌ 圆度0.57低于0.58
🎾 [球检测-帧172] 球 2: (691,513) ✅ 半径11px, 质量0.69, 圆度0.76, 边距207px 通过过滤
🎾 [球检测-帧172] 噪点过滤完成: 2 → 1 个球
🎾 [球检测-帧172] HSV检测结果: 1 个球
🎾 [球检测-帧172] 球 1: (691,513) ✅ 在边界内
🎾 [球检测-帧172] 边界过滤: 1 → 1 个球
🎾 [球检测-帧172] 最终检测结果: 1 个球
🎾 [球检测-帧173] 开始球检测 (帧尺寸: 1280x720)
🎾 [球检测-帧173] 图像预处理: 1280x720 → 640x360
🎾 [球检测-帧173] HSV颜色范围: [20,50,50] - [70,255,255]
🎾 [球检测-帧173] 颜色匹配像素数: 223685
🎾 [球检测-帧173] 面积阈值(缩放后): min=25 max=500
🎾 [球检测-帧173] 区域面积过滤: 面积67427.0px 超出范围[25-500]
🎾 [球检测-帧173] 区域面积过滤: 面积67905.0px 超出范围[25-500]
🎾 [球检测-帧173] 区域面积过滤: 面积42437.0px 超出范围[25-500]
🎾 [球检测-帧173] 区域面积过滤: 面积43873.0px 超出范围[25-500]
🎾 [球检测-帧173] 面积过滤后有效区域数: 1
🎾 [球检测-帧173] 形态学清理后像素数: 256 (减少了223429)
🎾 [球检测-帧173] Hough参数(缩放后): minR=4, maxR=22, minDist=12
🎾 [球检测-帧173] Hough圆检测找到: 2 个圆
🎾 [球检测-帧173] 圆 1: 位置(691,489), 半径12px
🎾 [球检测-帧173] 圆 1: 质量分数 0.74
🎾 [球检测-帧173] 圆 2: 位置(691,513), 半径11px
🎾 [球检测-帧173] 圆 2: 质量分数 0.69
🎾 [球检测-帧173] 球 1: (691,489) ❌ 圆度0.57低于0.58
🎾 [球检测-帧173] 球 2: (691,513) ✅ 半径11px, 质量0.69, 圆度0.76, 边距207px 通过过滤
🎾 [球检测-帧173] 噪点过滤完成: 2 → 1 个球
🎾 [球检测-帧173] HSV检测结果: 1 个球
🎾 [球检测-帧173] 球 1: (691,513) ✅ 在边界内
🎾 [球检测-帧173] 边界过滤: 1 → 1 个球
🎾 [球检测-帧173] 最终检测结果: 1 个球
🎾 [球检测-帧174] 开始球检测 (帧尺寸: 1280x720)
🎾 [球检测-帧174] 图像预处理: 1280x720 → 640x360
🎾 [球检测-帧174] HSV颜色范围: [20,50,50] - [70,255,255]
🎾 [球检测-帧174] 颜色匹配像素数: 223699
🎾 [球检测-帧174] 面积阈值(缩放后): min=25 max=500
🎾 [球检测-帧174] 区域面积过滤: 面积67421.0px 超出范围[25-500]
🎾 [球检测-帧174] 区域面积过滤: 面积67905.0px 超出范围[25-500]
🎾 [球检测-帧174] 区域面积过滤: 面积42437.0px 超出范围[25-500]
🎾 [球检测-帧174] 区域面积过滤: 面积43873.0px 超出范围[25-500]
🎾 [球检测-帧174] 面积过滤后有效区域数: 1
🎾 [球检测-帧174] 形态学清理后像素数: 259 (减少了223440)
🎾 [球检测-帧174] Hough参数(缩放后): minR=4, maxR=22, minDist=12
🎾 [球检测-帧174] Hough圆检测找到: 2 个圆
🎾 [球检测-帧174] 圆 1: 位置(693,511), 半径13px
🎾 [球检测-帧174] 圆 1: 质量分数 0.68
🎾 [球检测-帧174] 圆 2: 位置(671,497), 半径13px
🎾 [球检测-帧174] 圆 2: 质量分数 0.51
🎾 [球检测-帧174] 球 1: (693,511) ✅ 半径13px, 质量0.68, 圆度0.64, 边距209px 通过过滤
🎾 [球检测-帧174] 球 2: (671,497) ✅ 半径13px, 质量0.51, 圆度0.63, 边距223px 通过过滤
🎾 [球检测-帧174] 噪点过滤完成: 2 → 2 个球
🎾 [球检测-帧174] HSV检测结果: 1 个球
🎾 [球检测-帧174] 球 1: (693,511) ✅ 在边界内
🎾 [球检测-帧174] 边界过滤: 1 → 1 个球
🎾 [球检测-帧174] 最终检测结果: 1 个球
🎾 [球检测-帧175] 开始球检测 (帧尺寸: 1280x720)
🎾 [球检测-帧175] 图像预处理: 1280x720 → 640x360
🎾 [球检测-帧175] HSV颜色范围: [20,50,50] - [70,255,255]
🎾 [球检测-帧175] 颜色匹配像素数: 223688
🎾 [球检测-帧175] 面积阈值(缩放后): min=25 max=500
🎾 [球检测-帧175] 区域面积过滤: 面积67421.0px 超出范围[25-500]
🎾 [球检测-帧175] 区域面积过滤: 面积67905.0px 超出范围[25-500]
🎾 [球检测-帧175] 区域面积过滤: 面积42437.0px 超出范围[25-500]
🎾 [球检测-帧175] 区域面积过滤: 面积43873.0px 超出范围[25-500]
🎾 [球检测-帧175] 面积过滤后有效区域数: 1
🎾 [球检测-帧175] 形态学清理后像素数: 259 (减少了223429)
🎾 [球检测-帧175] Hough参数(缩放后): minR=4, maxR=22, minDist=12
🎾 [球检测-帧175] Hough圆检测找到: 2 个圆
🎾 [球检测-帧175] 圆 1: 位置(693,511), 半径13px
🎾 [球检测-帧175] 圆 1: 质量分数 0.68
🎾 [球检测-帧175] 圆 2: 位置(671,497), 半径13px
🎾 [球检测-帧175] 圆 2: 质量分数 0.51
🎾 [球检测-帧175] 球 1: (693,511) ✅ 半径13px, 质量0.68, 圆度0.64, 边距209px 通过过滤
🎾 [球检测-帧175] 球 2: (671,497) ✅ 半径13px, 质量0.51, 圆度0.63, 边距223px 通过过滤
🎾 [球检测-帧175] 噪点过滤完成: 2 → 2 个球
🎾 [球检测-帧175] HSV检测结果: 1 个球
🎾 [球检测-帧175] 球 1: (693,511) ✅ 在边界内
🎾 [球检测-帧175] 边界过滤: 1 → 1 个球
🎾 [球检测-帧175] 最终检测结果: 1 个球
🎾 [球检测-帧176] 开始球检测 (帧尺寸: 1280x720)
🎾 [球检测-帧176] 图像预处理: 1280x720 → 640x360
🎾 [球检测-帧176] HSV颜色范围: [20,50,50] - [70,255,255]
🎾 [球检测-帧176] 颜色匹配像素数: 223698
🎾 [球检测-帧176] 面积阈值(缩放后): min=25 max=500
🎾 [球检测-帧176] 区域面积过滤: 面积67421.0px 超出范围[25-500]
🎾 [球检测-帧176] 区域面积过滤: 面积67905.0px 超出范围[25-500]
🎾 [球检测-帧176] 区域面积过滤: 面积42437.0px 超出范围[25-500]
🎾 [球检测-帧176] 区域面积过滤: 面积43873.0px 超出范围[25-500]
🎾 [球检测-帧176] 面积过滤后有效区域数: 1
🎾 [球检测-帧176] 形态学清理后像素数: 259 (减少了223439)
🎾 [球检测-帧176] Hough参数(缩放后): minR=4, maxR=22, minDist=12
🎾 [球检测-帧176] Hough圆检测找到: 2 个圆
🎾 [球检测-帧176] 圆 1: 位置(693,511), 半径13px
🎾 [球检测-帧176] 圆 1: 质量分数 0.68
🎾 [球检测-帧176] 圆 2: 位置(671,497), 半径13px
🎾 [球检测-帧176] 圆 2: 质量分数 0.51
🎾 [球检测-帧176] 球 1: (693,511) ✅ 半径13px, 质量0.68, 圆度0.64, 边距209px 通过过滤
🎾 [球检测-帧176] 球 2: (671,497) ✅ 半径13px, 质量0.51, 圆度0.63, 边距223px 通过过滤
🎾 [球检测-帧176] 噪点过滤完成: 2 → 2 个球
🎾 [球检测-帧176] HSV检测结果: 1 个球
🎾 [球检测-帧176] 球 1: (693,511) ✅ 在边界内
🎾 [球检测-帧176] 边界过滤: 1 → 1 个球
🎾 [球检测-帧176] 最终检测结果: 1 个球
🎾 [球检测-帧177] 开始球检测 (帧尺寸: 1280x720)
🎾 [球检测-帧177] 图像预处理: 1280x720 → 640x360
🎾 [球检测-帧177] HSV颜色范围: [20,50,50] - [70,255,255]
🎾 [球检测-帧177] 颜色匹配像素数: 223688
🎾 [球检测-帧177] 面积阈值(缩放后): min=25 max=500
🎾 [球检测-帧177] 区域面积过滤: 面积67421.0px 超出范围[25-500]
🎾 [球检测-帧177] 区域面积过滤: 面积67905.0px 超出范围[25-500]
🎾 [球检测-帧177] 区域面积过滤: 面积42437.0px 超出范围[25-500]
🎾 [球检测-帧177] 区域面积过滤: 面积43873.0px 超出范围[25-500]
🎾 [球检测-帧177] 面积过滤后有效区域数: 1
🎾 [球检测-帧177] 形态学清理后像素数: 259 (减少了223429)
🎾 [球检测-帧177] Hough参数(缩放后): minR=4, maxR=22, minDist=12
🎾 [球检测-帧177] Hough圆检测找到: 2 个圆
🎾 [球检测-帧177] 圆 1: 位置(693,511), 半径13px
🎾 [球检测-帧177] 圆 1: 质量分数 0.68
🎾 [球检测-帧177] 圆 2: 位置(671,497), 半径13px
🎾 [球检测-帧177] 圆 2: 质量分数 0.51
🎾 [球检测-帧177] 球 1: (693,511) ✅ 半径13px, 质量0.68, 圆度0.64, 边距209px 通过过滤
🎾 [球检测-帧177] 球 2: (671,497) ✅ 半径13px, 质量0.51, 圆度0.63, 边距223px 通过过滤
🎾 [球检测-帧177] 噪点过滤完成: 2 → 2 个球
🎾 [球检测-帧177] HSV检测结果: 1 个球
🎾 [球检测-帧177] 球 1: (693,511) ✅ 在边界内
🎾 [球检测-帧177] 边界过滤: 1 → 1 个球
🎾 [球检测-帧177] 最终检测结果: 1 个球
🎾 [球检测-帧178] 开始球检测 (帧尺寸: 1280x720)
🎾 [球检测-帧178] 图像预处理: 1280x720 → 640x360
🎾 [球检测-帧178] HSV颜色范围: [20,50,50] - [70,255,255]
🎾 [球检测-帧178] 颜色匹配像素数: 223688
🎾 [球检测-帧178] 面积阈值(缩放后): min=25 max=500
🎾 [球检测-帧178] 区域面积过滤: 面积67414.5px 超出范围[25-500]
🎾 [球检测-帧178] 区域面积过滤: 面积67905.0px 超出范围[25-500]
🎾 [球检测-帧178] 区域面积过滤: 面积42437.0px 超出范围[25-500]
🎾 [球检测-帧178] 区域面积过滤: 面积43873.0px 超出范围[25-500]
🎾 [球检测-帧178] 面积过滤后有效区域数: 1
🎾 [球检测-帧178] 形态学清理后像素数: 260 (减少了223428)
🎾 [球检测-帧178] Hough参数(缩放后): minR=4, maxR=22, minDist=12
🎾 [球检测-帧178] Hough圆检测找到: 2 个圆
🎾 [球检测-帧178] 圆 1: 位置(703,503), 半径26px
🎾 [球检测-帧178] 圆 1: 质量分数 0.73
🎾 [球检测-帧178] 圆 2: 位置(673,493), 半径14px
🎾 [球检测-帧178] 圆 2: 质量分数 0.53
🎾 [球检测-帧178] 球 1: (703,503) ✅ 半径26px, 质量0.73, 圆度0.71, 边距217px 通过过滤
🎾 [球检测-帧178] 球 2: (673,493) ❌ 圆度0.55低于0.58
🎾 [球检测-帧178] 噪点过滤完成: 2 → 1 个球
🎾 [球检测-帧178] HSV检测结果: 1 个球
🎾 [球检测-帧178] 球 1: (703,503) ✅ 在边界内
🎾 [球检测-帧178] 边界过滤: 1 → 1 个球
🎾 [球检测-帧178] 最终检测结果: 1 个球
🎾 [球检测-帧179] 开始球检测 (帧尺寸: 1280x720)
🎾 [球检测-帧179] 图像预处理: 1280x720 → 640x360
🎾 [球检测-帧179] HSV颜色范围: [20,50,50] - [70,255,255]
🎾 [球检测-帧179] 颜色匹配像素数: 223681
🎾 [球检测-帧179] 面积阈值(缩放后): min=25 max=500
🎾 [球检测-帧179] 区域面积过滤: 面积67419.5px 超出范围[25-500]
🎾 [球检测-帧179] 区域面积过滤: 面积67905.0px 超出范围[25-500]
🎾 [球检测-帧179] 区域面积过滤: 面积42437.0px 超出范围[25-500]
🎾 [球检测-帧179] 区域面积过滤: 面积43873.0px 超出范围[25-500]
🎾 [球检测-帧179] 面积过滤后有效区域数: 1
🎾 [球检测-帧179] 形态学清理后像素数: 263 (减少了223418)
🎾 [球检测-帧179] Hough参数(缩放后): minR=4, maxR=22, minDist=12
🎾 [球检测-帧179] Hough圆检测找到: 2 个圆
🎾 [球检测-帧179] 圆 1: 位置(693,491), 半径12px
🎾 [球检测-帧179] 圆 1: 质量分数 0.75
🎾 [球检测-帧179] 圆 2: 位置(693,515), 半径12px
🎾 [球检测-帧179] 圆 2: 质量分数 0.72
🎾 [球检测-帧179] 球 1: (693,491) ❌ 圆度0.56低于0.58
🎾 [球检测-帧179] 球 2: (693,515) ✅ 半径12px, 质量0.72, 圆度0.77, 边距205px 通过过滤
🎾 [球检测-帧179] 噪点过滤完成: 2 → 1 个球
🎾 [球检测-帧179] HSV检测结果: 1 个球
🎾 [球检测-帧179] 球 1: (693,515) ✅ 在边界内
🎾 [球检测-帧179] 边界过滤: 1 → 1 个球
🎾 [球检测-帧179] 最终检测结果: 1 个球
🎾 [球检测-帧180] 开始球检测 (帧尺寸: 1280x720)
🎾 [球检测-帧180] 图像预处理: 1280x720 → 640x360
🎾 [球检测-帧180] HSV颜色范围: [20,50,50] - [70,255,255]
🎾 [球检测-帧180] 颜色匹配像素数: 223687
🎾 [球检测-帧180] 面积阈值(缩放后): min=25 max=500
🎾 [球检测-帧180] 区域面积过滤: 面积67419.5px 超出范围[25-500]
🎾 [球检测-帧180] 区域面积过滤: 面积67905.0px 超出范围[25-500]
🎾 [球检测-帧180] 区域面积过滤: 面积42437.0px 超出范围[25-500]
🎾 [球检测-帧180] 区域面积过滤: 面积43873.0px 超出范围[25-500]
🎾 [球检测-帧180] 面积过滤后有效区域数: 1
🎾 [球检测-帧180] 形态学清理后像素数: 263 (减少了223424)
🎾 [球检测-帧180] Hough参数(缩放后): minR=4, maxR=22, minDist=12
🎾 [球检测-帧180] Hough圆检测找到: 2 个圆
🎾 [球检测-帧180] 圆 1: 位置(693,491), 半径12px
🎾 [球检测-帧180] 圆 1: 质量分数 0.75
🎾 [球检测-帧180] 圆 2: 位置(693,515), 半径12px
🎾 [球检测-帧180] 圆 2: 质量分数 0.72
🎾 [球检测-帧180] 球 1: (693,491) ❌ 圆度0.56低于0.58
🎾 [球检测-帧180] 球 2: (693,515) ✅ 半径12px, 质量0.72, 圆度0.77, 边距205px 通过过滤
🎾 [球检测-帧180] 噪点过滤完成: 2 → 1 个球
🎾 [球检测-帧180] HSV检测结果: 1 个球
🎾 [球检测-帧180] 球 1: (693,515) ✅ 在边界内
🎾 [球检测-帧180] 边界过滤: 1 → 1 个球
🎾 [球检测-帧180] 最终检测结果: 1 个球
🎾 [球检测-帧180] 调试帧已保存: debug_frames/ball_debug_frame_0180.jpg
🎾 [球检测-帧181] 开始球检测 (帧尺寸: 1280x720)
🎾 [球检测-帧181] 图像预处理: 1280x720 → 640x360
🎾 [球检测-帧181] HSV颜色范围: [20,50,50] - [70,255,255]
🎾 [球检测-帧181] 颜色匹配像素数: 223681
🎾 [球检测-帧181] 面积阈值(缩放后): min=25 max=500
🎾 [球检测-帧181] 区域面积过滤: 面积67419.5px 超出范围[25-500]
🎾 [球检测-帧181] 区域面积过滤: 面积67905.0px 超出范围[25-500]
🎾 [球检测-帧181] 区域面积过滤: 面积42437.0px 超出范围[25-500]
🎾 [球检测-帧181] 区域面积过滤: 面积43873.0px 超出范围[25-500]
🎾 [球检测-帧181] 面积过滤后有效区域数: 1
🎾 [球检测-帧181] 形态学清理后像素数: 263 (减少了223418)
🎾 [球检测-帧181] Hough参数(缩放后): minR=4, maxR=22, minDist=12
🎾 [球检测-帧181] Hough圆检测找到: 2 个圆
🎾 [球检测-帧181] 圆 1: 位置(693,491), 半径12px
🎾 [球检测-帧181] 圆 1: 质量分数 0.75
🎾 [球检测-帧181] 圆 2: 位置(693,515), 半径12px
🎾 [球检测-帧181] 圆 2: 质量分数 0.72
🎾 [球检测-帧181] 球 1: (693,491) ❌ 圆度0.56低于0.58
🎾 [球检测-帧181] 球 2: (693,515) ✅ 半径12px, 质量0.72, 圆度0.77, 边距205px 通过过滤
🎾 [球检测-帧181] 噪点过滤完成: 2 → 1 个球
🎾 [球检测-帧181] HSV检测结果: 1 个球
🎾 [球检测-帧181] 球 1: (693,515) ✅ 在边界内
🎾 [球检测-帧181] 边界过滤: 1 → 1 个球
🎾 [球检测-帧181] 最终检测结果: 1 个球
🎾 [球检测-帧182] 开始球检测 (帧尺寸: 1280x720)
🎾 [球检测-帧182] 图像预处理: 1280x720 → 640x360
🎾 [球检测-帧182] HSV颜色范围: [20,50,50] - [70,255,255]
🎾 [球检测-帧182] 颜色匹配像素数: 223689
🎾 [球检测-帧182] 面积阈值(缩放后): min=25 max=500
🎾 [球检测-帧182] 区域面积过滤: 面积67419.5px 超出范围[25-500]
🎾 [球检测-帧182] 区域面积过滤: 面积67905.0px 超出范围[25-500]
🎾 [球检测-帧182] 区域面积过滤: 面积42437.0px 超出范围[25-500]
🎾 [球检测-帧182] 区域面积过滤: 面积43873.0px 超出范围[25-500]
🎾 [球检测-帧182] 面积过滤后有效区域数: 1
🎾 [球检测-帧182] 形态学清理后像素数: 263 (减少了223426)
🎾 [球检测-帧182] Hough参数(缩放后): minR=4, maxR=22, minDist=12
🎾 [球检测-帧182] Hough圆检测找到: 2 个圆
🎾 [球检测-帧182] 圆 1: 位置(693,491), 半径12px
🎾 [球检测-帧182] 圆 1: 质量分数 0.75
🎾 [球检测-帧182] 圆 2: 位置(693,515), 半径12px
🎾 [球检测-帧182] 圆 2: 质量分数 0.72
🎾 [球检测-帧182] 球 1: (693,491) ❌ 圆度0.56低于0.58
🎾 [球检测-帧182] 球 2: (693,515) ✅ 半径12px, 质量0.72, 圆度0.77, 边距205px 通过过滤
🎾 [球检测-帧182] 噪点过滤完成: 2 → 1 个球
🎾 [球检测-帧182] HSV检测结果: 1 个球
🎾 [球检测-帧182] 球 1: (693,515) ✅ 在边界内
🎾 [球检测-帧182] 边界过滤: 1 → 1 个球
🎾 [球检测-帧182] 最终检测结果: 1 个球
🎾 [球检测-帧183] 开始球检测 (帧尺寸: 1280x720)
🎾 [球检测-帧183] 图像预处理: 1280x720 → 640x360
🎾 [球检测-帧183] HSV颜色范围: [20,50,50] - [70,255,255]
🎾 [球检测-帧183] 颜色匹配像素数: 223671
🎾 [球检测-帧183] 面积阈值(缩放后): min=25 max=500
🎾 [球检测-帧183] 区域面积过滤: 面积67416.0px 超出范围[25-500]
🎾 [球检测-帧183] 区域面积过滤: 面积67905.0px 超出范围[25-500]
🎾 [球检测-帧183] 区域面积过滤: 面积42437.0px 超出范围[25-500]
🎾 [球检测-帧183] 区域面积过滤: 面积43873.0px 超出范围[25-500]
🎾 [球检测-帧183] 面积过滤后有效区域数: 1
🎾 [球检测-帧183] 形态学清理后像素数: 263 (减少了223408)
🎾 [球检测-帧183] Hough参数(缩放后): minR=4, maxR=22, minDist=12
🎾 [球检测-帧183] Hough圆检测找到: 2 个圆
🎾 [球检测-帧183] 圆 1: 位置(693,491), 半径12px
🎾 [球检测-帧183] 圆 1: 质量分数 0.75
🎾 [球检测-帧183] 圆 2: 位置(693,515), 半径12px
🎾 [球检测-帧183] 圆 2: 质量分数 0.72
🎾 [球检测-帧183] 球 1: (693,491) ❌ 圆度0.56低于0.58
🎾 [球检测-帧183] 球 2: (693,515) ✅ 半径12px, 质量0.72, 圆度0.77, 边距205px 通过过滤
🎾 [球检测-帧183] 噪点过滤完成: 2 → 1 个球
🎾 [球检测-帧183] HSV检测结果: 1 个球
🎾 [球检测-帧183] 球 1: (693,515) ✅ 在边界内
🎾 [球检测-帧183] 边界过滤: 1 → 1 个球
🎾 [球检测-帧183] 最终检测结果: 1 个球
🎾 [球检测-帧184] 开始球检测 (帧尺寸: 1280x720)
🎾 [球检测-帧184] 图像预处理: 1280x720 → 640x360
🎾 [球检测-帧184] HSV颜色范围: [20,50,50] - [70,255,255]
🎾 [球检测-帧184] 颜色匹配像素数: 223677
🎾 [球检测-帧184] 面积阈值(缩放后): min=25 max=500
🎾 [球检测-帧184] 区域面积过滤: 面积67415.0px 超出范围[25-500]
🎾 [球检测-帧184] 区域面积过滤: 面积67905.0px 超出范围[25-500]
🎾 [球检测-帧184] 区域面积过滤: 面积42437.0px 超出范围[25-500]
🎾 [球检测-帧184] 区域面积过滤: 面积43873.0px 超出范围[25-500]
🎾 [球检测-帧184] 面积过滤后有效区域数: 1
🎾 [球检测-帧184] 形态学清理后像素数: 263 (减少了223414)
🎾 [球检测-帧184] Hough参数(缩放后): minR=4, maxR=22, minDist=12
🎾 [球检测-帧184] Hough圆检测找到: 2 个圆
🎾 [球检测-帧184] 圆 1: 位置(691,513), 半径12px
🎾 [球检测-帧184] 圆 1: 质量分数 0.72
🎾 [球检测-帧184] 圆 2: 位置(695,489), 半径8px
🎾 [球检测-帧184] 圆 2: 质量分数 0.79
🎾 [球检测-帧184] 球 1: (691,513) ✅ 半径12px, 质量0.72, 圆度0.71, 边距207px 通过过滤
🎾 [球检测-帧184] 球 2: (695,489) ❌ 半径8px超出范围[9-45]
🎾 [球检测-帧184] 噪点过滤完成: 2 → 1 个球
🎾 [球检测-帧184] HSV检测结果: 1 个球
🎾 [球检测-帧184] 球 1: (691,513) ✅ 在边界内
🎾 [球检测-帧184] 边界过滤: 1 → 1 个球
🎾 [球检测-帧184] 最终检测结果: 1 个球
🎾 [球检测-帧185] 开始球检测 (帧尺寸: 1280x720)
🎾 [球检测-帧185] 图像预处理: 1280x720 → 640x360
🎾 [球检测-帧185] HSV颜色范围: [20,50,50] - [70,255,255]
🎾 [球检测-帧185] 颜色匹配像素数: 223672
🎾 [球检测-帧185] 面积阈值(缩放后): min=25 max=500
🎾 [球检测-帧185] 区域面积过滤: 面积67415.0px 超出范围[25-500]
🎾 [球检测-帧185] 区域面积过滤: 面积67905.0px 超出范围[25-500]
🎾 [球检测-帧185] 区域面积过滤: 面积42437.0px 超出范围[25-500]
🎾 [球检测-帧185] 区域面积过滤: 面积43873.0px 超出范围[25-500]
🎾 [球检测-帧185] 面积过滤后有效区域数: 1
🎾 [球检测-帧185] 形态学清理后像素数: 263 (减少了223409)
🎾 [球检测-帧185] Hough参数(缩放后): minR=4, maxR=22, minDist=12
🎾 [球检测-帧185] Hough圆检测找到: 2 个圆
🎾 [球检测-帧185] 圆 1: 位置(691,513), 半径12px
🎾 [球检测-帧185] 圆 1: 质量分数 0.72
🎾 [球检测-帧185] 圆 2: 位置(695,489), 半径8px
🎾 [球检测-帧185] 圆 2: 质量分数 0.79
🎾 [球检测-帧185] 球 1: (691,513) ✅ 半径12px, 质量0.72, 圆度0.71, 边距207px 通过过滤
🎾 [球检测-帧185] 球 2: (695,489) ❌ 半径8px超出范围[9-45]
🎾 [球检测-帧185] 噪点过滤完成: 2 → 1 个球
🎾 [球检测-帧185] HSV检测结果: 1 个球
🎾 [球检测-帧185] 球 1: (691,513) ✅ 在边界内
🎾 [球检测-帧185] 边界过滤: 1 → 1 个球
🎾 [球检测-帧185] 最终检测结果: 1 个球
🎾 [球检测-帧186] 开始球检测 (帧尺寸: 1280x720)
🎾 [球检测-帧186] 图像预处理: 1280x720 → 640x360
🎾 [球检测-帧186] HSV颜色范围: [20,50,50] - [70,255,255]
🎾 [球检测-帧186] 颜色匹配像素数: 223675
🎾 [球检测-帧186] 面积阈值(缩放后): min=25 max=500
🎾 [球检测-帧186] 区域面积过滤: 面积67415.0px 超出范围[25-500]
🎾 [球检测-帧186] 区域面积过滤: 面积67905.0px 超出范围[25-500]
🎾 [球检测-帧186] 区域面积过滤: 面积42437.0px 超出范围[25-500]
🎾 [球检测-帧186] 区域面积过滤: 面积43873.0px 超出范围[25-500]
🎾 [球检测-帧186] 面积过滤后有效区域数: 1
🎾 [球检测-帧186] 形态学清理后像素数: 263 (减少了223412)
🎾 [球检测-帧186] Hough参数(缩放后): minR=4, maxR=22, minDist=12
🎾 [球检测-帧186] Hough圆检测找到: 2 个圆
🎾 [球检测-帧186] 圆 1: 位置(691,513), 半径12px
🎾 [球检测-帧186] 圆 1: 质量分数 0.72
🎾 [球检测-帧186] 圆 2: 位置(695,489), 半径8px
🎾 [球检测-帧186] 圆 2: 质量分数 0.79
🎾 [球检测-帧186] 球 1: (691,513) ✅ 半径12px, 质量0.72, 圆度0.71, 边距207px 通过过滤
🎾 [球检测-帧186] 球 2: (695,489) ❌ 半径8px超出范围[9-45]
🎾 [球检测-帧186] 噪点过滤完成: 2 → 1 个球
🎾 [球检测-帧186] HSV检测结果: 1 个球
🎾 [球检测-帧186] 球 1: (691,513) ✅ 在边界内
🎾 [球检测-帧186] 边界过滤: 1 → 1 个球
🎾 [球检测-帧186] 最终检测结果: 1 个球
🎾 [球检测-帧187] 开始球检测 (帧尺寸: 1280x720)
🎾 [球检测-帧187] 图像预处理: 1280x720 → 640x360
🎾 [球检测-帧187] HSV颜色范围: [20,50,50] - [70,255,255]
🎾 [球检测-帧187] 颜色匹配像素数: 223663
🎾 [球检测-帧187] 面积阈值(缩放后): min=25 max=500
🎾 [球检测-帧187] 区域面积过滤: 面积67415.0px 超出范围[25-500]
🎾 [球检测-帧187] 区域面积过滤: 面积67905.0px 超出范围[25-500]
🎾 [球检测-帧187] 区域面积过滤: 面积42437.0px 超出范围[25-500]
🎾 [球检测-帧187] 区域面积过滤: 面积43873.0px 超出范围[25-500]
🎾 [球检测-帧187] 面积过滤后有效区域数: 1
🎾 [球检测-帧187] 形态学清理后像素数: 263 (减少了223400)
🎾 [球检测-帧187] Hough参数(缩放后): minR=4, maxR=22, minDist=12
🎾 [球检测-帧187] Hough圆检测找到: 2 个圆
🎾 [球检测-帧187] 圆 1: 位置(691,513), 半径12px
🎾 [球检测-帧187] 圆 1: 质量分数 0.72
🎾 [球检测-帧187] 圆 2: 位置(695,489), 半径8px
🎾 [球检测-帧187] 圆 2: 质量分数 0.79
🎾 [球检测-帧187] 球 1: (691,513) ✅ 半径12px, 质量0.72, 圆度0.71, 边距207px 通过过滤
🎾 [球检测-帧187] 球 2: (695,489) ❌ 半径8px超出范围[9-45]
🎾 [球检测-帧187] 噪点过滤完成: 2 → 1 个球
🎾 [球检测-帧187] HSV检测结果: 1 个球
🎾 [球检测-帧187] 球 1: (691,513) ✅ 在边界内
🎾 [球检测-帧187] 边界过滤: 1 → 1 个球
🎾 [球检测-帧187] 最终检测结果: 1 个球
🎾 [球检测-帧188] 开始球检测 (帧尺寸: 1280x720)
🎾 [球检测-帧188] 图像预处理: 1280x720 → 640x360
🎾 [球检测-帧188] HSV颜色范围: [20,50,50] - [70,255,255]
🎾 [球检测-帧188] 颜色匹配像素数: 223678
🎾 [球检测-帧188] 面积阈值(缩放后): min=25 max=500
🎾 [球检测-帧188] 区域面积过滤: 面积67415.0px 超出范围[25-500]
🎾 [球检测-帧188] 区域面积过滤: 面积67905.0px 超出范围[25-500]
🎾 [球检测-帧188] 区域面积过滤: 面积42437.0px 超出范围[25-500]
🎾 [球检测-帧188] 区域面积过滤: 面积43873.0px 超出范围[25-500]
🎾 [球检测-帧188] 面积过滤后有效区域数: 1
🎾 [球检测-帧188] 形态学清理后像素数: 263 (减少了223415)
🎾 [球检测-帧188] Hough参数(缩放后): minR=4, maxR=22, minDist=12
🎾 [球检测-帧188] Hough圆检测找到: 2 个圆
🎾 [球检测-帧188] 圆 1: 位置(691,513), 半径12px
🎾 [球检测-帧188] 圆 1: 质量分数 0.72
🎾 [球检测-帧188] 圆 2: 位置(695,489), 半径8px
🎾 [球检测-帧188] 圆 2: 质量分数 0.79
🎾 [球检测-帧188] 球 1: (691,513) ✅ 半径12px, 质量0.72, 圆度0.71, 边距207px 通过过滤
🎾 [球检测-帧188] 球 2: (695,489) ❌ 半径8px超出范围[9-45]
🎾 [球检测-帧188] 噪点过滤完成: 2 → 1 个球
🎾 [球检测-帧188] HSV检测结果: 1 个球
🎾 [球检测-帧188] 球 1: (691,513) ✅ 在边界内
🎾 [球检测-帧188] 边界过滤: 1 → 1 个球
🎾 [球检测-帧188] 最终检测结果: 1 个球
🎾 [球检测-帧189] 开始球检测 (帧尺寸: 1280x720)
🎾 [球检测-帧189] 图像预处理: 1280x720 → 640x360
🎾 [球检测-帧189] HSV颜色范围: [20,50,50] - [70,255,255]
🎾 [球检测-帧189] 颜色匹配像素数: 223666
🎾 [球检测-帧189] 面积阈值(缩放后): min=25 max=500
🎾 [球检测-帧189] 区域面积过滤: 面积67415.0px 超出范围[25-500]
🎾 [球检测-帧189] 区域面积过滤: 面积67905.0px 超出范围[25-500]
🎾 [球检测-帧189] 区域面积过滤: 面积42437.0px 超出范围[25-500]
🎾 [球检测-帧189] 区域面积过滤: 面积43873.0px 超出范围[25-500]
🎾 [球检测-帧189] 面积过滤后有效区域数: 1
🎾 [球检测-帧189] 形态学清理后像素数: 263 (减少了223403)
🎾 [球检测-帧189] Hough参数(缩放后): minR=4, maxR=22, minDist=12
🎾 [球检测-帧189] Hough圆检测找到: 2 个圆
🎾 [球检测-帧189] 圆 1: 位置(691,513), 半径12px
🎾 [球检测-帧189] 圆 1: 质量分数 0.72
🎾 [球检测-帧189] 圆 2: 位置(695,489), 半径8px
🎾 [球检测-帧189] 圆 2: 质量分数 0.79
🎾 [球检测-帧189] 球 1: (691,513) ✅ 半径12px, 质量0.72, 圆度0.71, 边距207px 通过过滤
🎾 [球检测-帧189] 球 2: (695,489) ❌ 半径8px超出范围[9-45]
🎾 [球检测-帧189] 噪点过滤完成: 2 → 1 个球
🎾 [球检测-帧189] HSV检测结果: 1 个球
🎾 [球检测-帧189] 球 1: (691,513) ✅ 在边界内
🎾 [球检测-帧189] 边界过滤: 1 → 1 个球
🎾 [球检测-帧189] 最终检测结果: 1 个球
🎾 [球检测-帧190] 开始球检测 (帧尺寸: 1280x720)
🎾 [球检测-帧190] 图像预处理: 1280x720 → 640x360
🎾 [球检测-帧190] HSV颜色范围: [20,50,50] - [70,255,255]
🎾 [球检测-帧190] 颜色匹配像素数: 223669
🎾 [球检测-帧190] 面积阈值(缩放后): min=25 max=500
🎾 [球检测-帧190] 区域面积过滤: 面积67415.0px 超出范围[25-500]
🎾 [球检测-帧190] 区域面积过滤: 面积67905.0px 超出范围[25-500]
🎾 [球检测-帧190] 区域面积过滤: 面积42437.0px 超出范围[25-500]
🎾 [球检测-帧190] 区域面积过滤: 面积43873.0px 超出范围[25-500]
🎾 [球检测-帧190] 面积过滤后有效区域数: 1
🎾 [球检测-帧190] 形态学清理后像素数: 263 (减少了223406)
🎾 [球检测-帧190] Hough参数(缩放后): minR=4, maxR=22, minDist=12
🎾 [球检测-帧190] Hough圆检测找到: 2 个圆
🎾 [球检测-帧190] 圆 1: 位置(691,513), 半径12px
🎾 [球检测-帧190] 圆 1: 质量分数 0.72
🎾 [球检测-帧190] 圆 2: 位置(695,489), 半径8px
🎾 [球检测-帧190] 圆 2: 质量分数 0.79
🎾 [球检测-帧190] 球 1: (691,513) ✅ 半径12px, 质量0.72, 圆度0.71, 边距207px 通过过滤
🎾 [球检测-帧190] 球 2: (695,489) ❌ 半径8px超出范围[9-45]
🎾 [球检测-帧190] 噪点过滤完成: 2 → 1 个球
🎾 [球检测-帧190] HSV检测结果: 1 个球
🎾 [球检测-帧190] 球 1: (691,513) ✅ 在边界内
🎾 [球检测-帧190] 边界过滤: 1 → 1 个球
🎾 [球检测-帧190] 最终检测结果: 1 个球
🎾 [球检测-帧190] 调试帧已保存: debug_frames/ball_debug_frame_0190.jpg
🎾 [球检测-帧191] 开始球检测 (帧尺寸: 1280x720)
🎾 [球检测-帧191] 图像预处理: 1280x720 → 640x360
🎾 [球检测-帧191] HSV颜色范围: [20,50,50] - [70,255,255]
🎾 [球检测-帧191] 颜色匹配像素数: 223682
🎾 [球检测-帧191] 面积阈值(缩放后): min=25 max=500
🎾 [球检测-帧191] 区域面积过滤: 面积67415.0px 超出范围[25-500]
🎾 [球检测-帧191] 区域面积过滤: 面积67905.0px 超出范围[25-500]
🎾 [球检测-帧191] 区域面积过滤: 面积42437.0px 超出范围[25-500]
🎾 [球检测-帧191] 区域面积过滤: 面积43873.0px 超出范围[25-500]
🎾 [球检测-帧191] 面积过滤后有效区域数: 1
🎾 [球检测-帧191] 形态学清理后像素数: 263 (减少了223419)
🎾 [球检测-帧191] Hough参数(缩放后): minR=4, maxR=22, minDist=12
🎾 [球检测-帧191] Hough圆检测找到: 2 个圆
🎾 [球检测-帧191] 圆 1: 位置(691,513), 半径12px
🎾 [球检测-帧191] 圆 1: 质量分数 0.72
🎾 [球检测-帧191] 圆 2: 位置(695,489), 半径8px
🎾 [球检测-帧191] 圆 2: 质量分数 0.79
🎾 [球检测-帧191] 球 1: (691,513) ✅ 半径12px, 质量0.72, 圆度0.71, 边距207px 通过过滤
🎾 [球检测-帧191] 球 2: (695,489) ❌ 半径8px超出范围[9-45]
🎾 [球检测-帧191] 噪点过滤完成: 2 → 1 个球
🎾 [球检测-帧191] HSV检测结果: 1 个球
🎾 [球检测-帧191] 球 1: (691,513) ✅ 在边界内
🎾 [球检测-帧191] 边界过滤: 1 → 1 个球
🎾 [球检测-帧191] 最终检测结果: 1 个球
🎾 [球检测-帧192] 开始球检测 (帧尺寸: 1280x720)
🎾 [球检测-帧192] 图像预处理: 1280x720 → 640x360
🎾 [球检测-帧192] HSV颜色范围: [20,50,50] - [70,255,255]
🎾 [球检测-帧192] 颜色匹配像素数: 223690
🎾 [球检测-帧192] 面积阈值(缩放后): min=25 max=500
🎾 [球检测-帧192] 区域面积过滤: 面积67415.0px 超出范围[25-500]
🎾 [球检测-帧192] 区域面积过滤: 面积67905.0px 超出范围[25-500]
🎾 [球检测-帧192] 区域面积过滤: 面积42437.0px 超出范围[25-500]
🎾 [球检测-帧192] 区域面积过滤: 面积43873.0px 超出范围[25-500]
🎾 [球检测-帧192] 面积过滤后有效区域数: 1
🎾 [球检测-帧192] 形态学清理后像素数: 264 (减少了223426)
🎾 [球检测-帧192] Hough参数(缩放后): minR=4, maxR=22, minDist=12
🎾 [球检测-帧192] Hough圆检测找到: 2 个圆
🎾 [球检测-帧192] 圆 1: 位置(691,513), 半径12px
🎾 [球检测-帧192] 圆 1: 质量分数 0.72
🎾 [球检测-帧192] 圆 2: 位置(695,489), 半径8px
🎾 [球检测-帧192] 圆 2: 质量分数 0.79
🎾 [球检测-帧192] 球 1: (691,513) ✅ 半径12px, 质量0.72, 圆度0.71, 边距207px 通过过滤
🎾 [球检测-帧192] 球 2: (695,489) ❌ 半径8px超出范围[9-45]
🎾 [球检测-帧192] 噪点过滤完成: 2 → 1 个球
🎾 [球检测-帧192] HSV检测结果: 1 个球
🎾 [球检测-帧192] 球 1: (691,513) ✅ 在边界内
🎾 [球检测-帧192] 边界过滤: 1 → 1 个球
🎾 [球检测-帧192] 最终检测结果: 1 个球
🎾 [球检测-帧193] 开始球检测 (帧尺寸: 1280x720)
🎾 [球检测-帧193] 图像预处理: 1280x720 → 640x360
🎾 [球检测-帧193] HSV颜色范围: [20,50,50] - [70,255,255]
🎾 [球检测-帧193] 颜色匹配像素数: 223677
🎾 [球检测-帧193] 面积阈值(缩放后): min=25 max=500
🎾 [球检测-帧193] 区域面积过滤: 面积67415.0px 超出范围[25-500]
🎾 [球检测-帧193] 区域面积过滤: 面积67905.0px 超出范围[25-500]
🎾 [球检测-帧193] 区域面积过滤: 面积42437.0px 超出范围[25-500]
🎾 [球检测-帧193] 区域面积过滤: 面积43873.0px 超出范围[25-500]
🎾 [球检测-帧193] 面积过滤后有效区域数: 1
🎾 [球检测-帧193] 形态学清理后像素数: 264 (减少了223413)
🎾 [球检测-帧193] Hough参数(缩放后): minR=4, maxR=22, minDist=12
🎾 [球检测-帧193] Hough圆检测找到: 2 个圆
🎾 [球检测-帧193] 圆 1: 位置(691,513), 半径12px
🎾 [球检测-帧193] 圆 1: 质量分数 0.72
🎾 [球检测-帧193] 圆 2: 位置(695,489), 半径8px
🎾 [球检测-帧193] 圆 2: 质量分数 0.79
🎾 [球检测-帧193] 球 1: (691,513) ✅ 半径12px, 质量0.72, 圆度0.71, 边距207px 通过过滤
🎾 [球检测-帧193] 球 2: (695,489) ❌ 半径8px超出范围[9-45]
🎾 [球检测-帧193] 噪点过滤完成: 2 → 1 个球
🎾 [球检测-帧193] HSV检测结果: 1 个球
🎾 [球检测-帧193] 球 1: (691,513) ✅ 在边界内
🎾 [球检测-帧193] 边界过滤: 1 → 1 个球
🎾 [球检测-帧193] 最终检测结果: 1 个球
🎾 [球检测-帧194] 开始球检测 (帧尺寸: 1280x720)
🎾 [球检测-帧194] 图像预处理: 1280x720 → 640x360
🎾 [球检测-帧194] HSV颜色范围: [20,50,50] - [70,255,255]
🎾 [球检测-帧194] 颜色匹配像素数: 223681
🎾 [球检测-帧194] 面积阈值(缩放后): min=25 max=500
🎾 [球检测-帧194] 区域面积过滤: 面积67415.0px 超出范围[25-500]
🎾 [球检测-帧194] 区域面积过滤: 面积67905.0px 超出范围[25-500]
🎾 [球检测-帧194] 区域面积过滤: 面积42437.0px 超出范围[25-500]
🎾 [球检测-帧194] 区域面积过滤: 面积43873.0px 超出范围[25-500]
🎾 [球检测-帧194] 面积过滤后有效区域数: 1
🎾 [球检测-帧194] 形态学清理后像素数: 264 (减少了223417)
🎾 [球检测-帧194] Hough参数(缩放后): minR=4, maxR=22, minDist=12
🎾 [球检测-帧194] Hough圆检测找到: 2 个圆
🎾 [球检测-帧194] 圆 1: 位置(693,493), 半径12px
🎾 [球检测-帧194] 圆 1: 质量分数 0.73
🎾 [球检测-帧194] 圆 2: 位置(695,519), 半径8px
🎾 [球检测-帧194] 圆 2: 质量分数 0.70
🎾 [球检测-帧194] 球 1: (693,493) ❌ 圆度0.54低于0.58
🎾 [球检测-帧194] 球 2: (695,519) ❌ 半径8px超出范围[9-45]
🎾 [球检测-帧194] 噪点过滤完成: 2 → 0 个球
🎾 [球检测-帧194] HSV检测结果: 0 个球
🎾 [球检测-帧194] 边界过滤: 0 → 0 个球
🎾 [球检测-帧194] 最终检测结果: 0 个球
🎾 [球检测-帧195] 开始球检测 (帧尺寸: 1280x720)
🎾 [球检测-帧195] 图像预处理: 1280x720 → 640x360
🎾 [球检测-帧195] HSV颜色范围: [20,50,50] - [70,255,255]
🎾 [球检测-帧195] 颜色匹配像素数: 223678
🎾 [球检测-帧195] 面积阈值(缩放后): min=25 max=500
🎾 [球检测-帧195] 区域面积过滤: 面积67415.0px 超出范围[25-500]
🎾 [球检测-帧195] 区域面积过滤: 面积67905.0px 超出范围[25-500]
🎾 [球检测-帧195] 区域面积过滤: 面积42437.0px 超出范围[25-500]
🎾 [球检测-帧195] 区域面积过滤: 面积43873.0px 超出范围[25-500]
🎾 [球检测-帧195] 面积过滤后有效区域数: 1
🎾 [球检测-帧195] 形态学清理后像素数: 264 (减少了223414)
🎾 [球检测-帧195] Hough参数(缩放后): minR=4, maxR=22, minDist=12
🎾 [球检测-帧195] Hough圆检测找到: 2 个圆
🎾 [球检测-帧195] 圆 1: 位置(693,493), 半径12px
🎾 [球检测-帧195] 圆 1: 质量分数 0.73
🎾 [球检测-帧195] 圆 2: 位置(695,519), 半径8px
🎾 [球检测-帧195] 圆 2: 质量分数 0.70
🎾 [球检测-帧195] 球 1: (693,493) ❌ 圆度0.54低于0.58
🎾 [球检测-帧195] 球 2: (695,519) ❌ 半径8px超出范围[9-45]
🎾 [球检测-帧195] 噪点过滤完成: 2 → 0 个球
🎾 [球检测-帧195] HSV检测结果: 0 个球
🎾 [球检测-帧195] 边界过滤: 0 → 0 个球
🎾 [球检测-帧195] 最终检测结果: 0 个球
🎾 [球检测-帧196] 开始球检测 (帧尺寸: 1280x720)
🎾 [球检测-帧196] 图像预处理: 1280x720 → 640x360
🎾 [球检测-帧196] HSV颜色范围: [20,50,50] - [70,255,255]
🎾 [球检测-帧196] 颜色匹配像素数: 223679
🎾 [球检测-帧196] 面积阈值(缩放后): min=25 max=500
🎾 [球检测-帧196] 区域面积过滤: 面积67416.5px 超出范围[25-500]
🎾 [球检测-帧196] 区域面积过滤: 面积67905.0px 超出范围[25-500]
🎾 [球检测-帧196] 区域面积过滤: 面积42437.0px 超出范围[25-500]
🎾 [球检测-帧196] 区域面积过滤: 面积43873.0px 超出范围[25-500]
🎾 [球检测-帧196] 面积过滤后有效区域数: 1
🎾 [球检测-帧196] 形态学清理后像素数: 264 (减少了223415)
🎾 [球检测-帧196] Hough参数(缩放后): minR=4, maxR=22, minDist=12
🎾 [球检测-帧196] Hough圆检测找到: 2 个圆
🎾 [球检测-帧196] 圆 1: 位置(693,493), 半径12px
🎾 [球检测-帧196] 圆 1: 质量分数 0.73
🎾 [球检测-帧196] 圆 2: 位置(695,519), 半径8px
🎾 [球检测-帧196] 圆 2: 质量分数 0.70
🎾 [球检测-帧196] 球 1: (693,493) ❌ 圆度0.54低于0.58
🎾 [球检测-帧196] 球 2: (695,519) ❌ 半径8px超出范围[9-45]
🎾 [球检测-帧196] 噪点过滤完成: 2 → 0 个球
🎾 [球检测-帧196] HSV检测结果: 0 个球
🎾 [球检测-帧196] 边界过滤: 0 → 0 个球
🎾 [球检测-帧196] 最终检测结果: 0 个球
🎾 [球检测-帧197] 开始球检测 (帧尺寸: 1280x720)
🎾 [球检测-帧197] 图像预处理: 1280x720 → 640x360
🎾 [球检测-帧197] HSV颜色范围: [20,50,50] - [70,255,255]
🎾 [球检测-帧197] 颜色匹配像素数: 223682
🎾 [球检测-帧197] 面积阈值(缩放后): min=25 max=500
🎾 [球检测-帧197] 区域面积过滤: 面积67416.5px 超出范围[25-500]
🎾 [球检测-帧197] 区域面积过滤: 面积67905.0px 超出范围[25-500]
🎾 [球检测-帧197] 区域面积过滤: 面积42437.0px 超出范围[25-500]
🎾 [球检测-帧197] 区域面积过滤: 面积43873.0px 超出范围[25-500]
🎾 [球检测-帧197] 面积过滤后有效区域数: 1
🎾 [球检测-帧197] 形态学清理后像素数: 264 (减少了223418)
🎾 [球检测-帧197] Hough参数(缩放后): minR=4, maxR=22, minDist=12
🎾 [球检测-帧197] Hough圆检测找到: 2 个圆
🎾 [球检测-帧197] 圆 1: 位置(693,493), 半径12px
🎾 [球检测-帧197] 圆 1: 质量分数 0.73
🎾 [球检测-帧197] 圆 2: 位置(695,519), 半径8px
🎾 [球检测-帧197] 圆 2: 质量分数 0.70
🎾 [球检测-帧197] 球 1: (693,493) ❌ 圆度0.54低于0.58
🎾 [球检测-帧197] 球 2: (695,519) ❌ 半径8px超出范围[9-45]
🎾 [球检测-帧197] 噪点过滤完成: 2 → 0 个球
🎾 [球检测-帧197] HSV检测结果: 0 个球
🎾 [球检测-帧197] 边界过滤: 0 → 0 个球
🎾 [球检测-帧197] 最终检测结果: 0 个球
🎾 [球检测-帧198] 开始球检测 (帧尺寸: 1280x720)
🎾 [球检测-帧198] 图像预处理: 1280x720 → 640x360
🎾 [球检测-帧198] HSV颜色范围: [20,50,50] - [70,255,255]
🎾 [球检测-帧198] 颜色匹配像素数: 223683
🎾 [球检测-帧198] 面积阈值(缩放后): min=25 max=500
🎾 [球检测-帧198] 区域面积过滤: 面积67416.5px 超出范围[25-500]
🎾 [球检测-帧198] 区域面积过滤: 面积67905.0px 超出范围[25-500]
🎾 [球检测-帧198] 区域面积过滤: 面积42437.0px 超出范围[25-500]
🎾 [球检测-帧198] 区域面积过滤: 面积43873.0px 超出范围[25-500]
🎾 [球检测-帧198] 面积过滤后有效区域数: 1
🎾 [球检测-帧198] 形态学清理后像素数: 264 (减少了223419)
🎾 [球检测-帧198] Hough参数(缩放后): minR=4, maxR=22, minDist=12
🎾 [球检测-帧198] Hough圆检测找到: 2 个圆
🎾 [球检测-帧198] 圆 1: 位置(693,493), 半径12px
🎾 [球检测-帧198] 圆 1: 质量分数 0.73
🎾 [球检测-帧198] 圆 2: 位置(695,519), 半径8px
🎾 [球检测-帧198] 圆 2: 质量分数 0.70
🎾 [球检测-帧198] 球 1: (693,493) ❌ 圆度0.54低于0.58
🎾 [球检测-帧198] 球 2: (695,519) ❌ 半径8px超出范围[9-45]
🎾 [球检测-帧198] 噪点过滤完成: 2 → 0 个球
🎾 [球检测-帧198] HSV检测结果: 0 个球
🎾 [球检测-帧198] 边界过滤: 0 → 0 个球
🎾 [球检测-帧198] 最终检测结果: 0 个球
🎾 [球检测-帧199] 开始球检测 (帧尺寸: 1280x720)
🎾 [球检测-帧199] 图像预处理: 1280x720 → 640x360
🎾 [球检测-帧199] HSV颜色范围: [20,50,50] - [70,255,255]
🎾 [球检测-帧199] 颜色匹配像素数: 223673
🎾 [球检测-帧199] 面积阈值(缩放后): min=25 max=500
🎾 [球检测-帧199] 区域面积过滤: 面积67414.5px 超出范围[25-500]
🎾 [球检测-帧199] 区域面积过滤: 面积67905.0px 超出范围[25-500]
🎾 [球检测-帧199] 区域面积过滤: 面积42437.0px 超出范围[25-500]
🎾 [球检测-帧199] 区域面积过滤: 面积43873.0px 超出范围[25-500]
🎾 [球检测-帧199] 面积过滤后有效区域数: 1
🎾 [球检测-帧199] 形态学清理后像素数: 258 (减少了223415)
🎾 [球检测-帧199] Hough参数(缩放后): minR=4, maxR=22, minDist=12
🎾 [球检测-帧199] Hough圆检测找到: 1 个圆
🎾 [球检测-帧199] 圆 1: 位置(691,513), 半径14px
🎾 [球检测-帧199] 圆 1: 质量分数 0.68
🎾 [球检测-帧199] 球 1: (691,513) ✅ 半径14px, 质量0.68, 圆度0.75, 边距207px 通过过滤
🎾 [球检测-帧199] 噪点过滤完成: 1 → 1 个球
🎾 [球检测-帧199] HSV检测结果: 1 个球
🎾 [球检测-帧199] 球 1: (691,513) ✅ 在边界内
🎾 [球检测-帧199] 边界过滤: 1 → 1 个球
🎾 [球检测-帧199] 最终检测结果: 1 个球
🎾 [球检测-帧200] 开始球检测 (帧尺寸: 1280x720)
🎾 [球检测-帧200] 图像预处理: 1280x720 → 640x360
🎾 [球检测-帧200] HSV颜色范围: [20,50,50] - [70,255,255]
🎾 [球检测-帧200] 颜色匹配像素数: 223673
🎾 [球检测-帧200] 面积阈值(缩放后): min=25 max=500
🎾 [球检测-帧200] 区域面积过滤: 面积67419.0px 超出范围[25-500]
🎾 [球检测-帧200] 区域面积过滤: 面积67905.0px 超出范围[25-500]
🎾 [球检测-帧200] 区域面积过滤: 面积42437.0px 超出范围[25-500]
🎾 [球检测-帧200] 区域面积过滤: 面积43873.0px 超出范围[25-500]
🎾 [球检测-帧200] 面积过滤后有效区域数: 1
🎾 [球检测-帧200] 形态学清理后像素数: 257 (减少了223416)
🎾 [球检测-帧200] Hough参数(缩放后): minR=4, maxR=22, minDist=12
🎾 [球检测-帧200] Hough圆检测找到: 1 个圆
🎾 [球检测-帧200] 圆 1: 位置(693,513), 半径14px
🎾 [球检测-帧200] 圆 1: 质量分数 0.71
🎾 [球检测-帧200] 球 1: (693,513) ✅ 半径14px, 质量0.71, 圆度0.75, 边距207px 通过过滤
🎾 [球检测-帧200] 噪点过滤完成: 1 → 1 个球
🎾 [球检测-帧200] HSV检测结果: 1 个球
🎾 [球检测-帧200] 球 1: (693,513) ✅ 在边界内
🎾 [球检测-帧200] 边界过滤: 1 → 1 个球
🎾 [球检测-帧200] 最终检测结果: 1 个球
🎾 [球检测-帧200] 调试帧已保存: debug_frames/ball_debug_frame_0200.jpg
🎾 [球检测-帧201] 开始球检测 (帧尺寸: 1280x720)
🎾 [球检测-帧201] 图像预处理: 1280x720 → 640x360
🎾 [球检测-帧201] HSV颜色范围: [20,50,50] - [70,255,255]
🎾 [球检测-帧201] 颜色匹配像素数: 223682
🎾 [球检测-帧201] 面积阈值(缩放后): min=25 max=500
🎾 [球检测-帧201] 区域面积过滤: 面积67419.0px 超出范围[25-500]
🎾 [球检测-帧201] 区域面积过滤: 面积67905.0px 超出范围[25-500]
🎾 [球检测-帧201] 区域面积过滤: 面积42437.0px 超出范围[25-500]
🎾 [球检测-帧201] 区域面积过滤: 面积43873.0px 超出范围[25-500]
🎾 [球检测-帧201] 面积过滤后有效区域数: 1
🎾 [球检测-帧201] 形态学清理后像素数: 257 (减少了223425)
🎾 [球检测-帧201] Hough参数(缩放后): minR=4, maxR=22, minDist=12
🎾 [球检测-帧201] Hough圆检测找到: 1 个圆
🎾 [球检测-帧201] 圆 1: 位置(693,513), 半径14px
🎾 [球检测-帧201] 圆 1: 质量分数 0.71
🎾 [球检测-帧201] 球 1: (693,513) ✅ 半径14px, 质量0.71, 圆度0.75, 边距207px 通过过滤
🎾 [球检测-帧201] 噪点过滤完成: 1 → 1 个球
🎾 [球检测-帧201] HSV检测结果: 1 个球
🎾 [球检测-帧201] 球 1: (693,513) ✅ 在边界内
🎾 [球检测-帧201] 边界过滤: 1 → 1 个球
🎾 [球检测-帧201] 最终检测结果: 1 个球
🎾 [球检测-帧202] 开始球检测 (帧尺寸: 1280x720)
🎾 [球检测-帧202] 图像预处理: 1280x720 → 640x360
🎾 [球检测-帧202] HSV颜色范围: [20,50,50] - [70,255,255]
🎾 [球检测-帧202] 颜色匹配像素数: 223685
🎾 [球检测-帧202] 面积阈值(缩放后): min=25 max=500
🎾 [球检测-帧202] 区域面积过滤: 面积67419.0px 超出范围[25-500]
🎾 [球检测-帧202] 区域面积过滤: 面积67905.0px 超出范围[25-500]
🎾 [球检测-帧202] 区域面积过滤: 面积42437.0px 超出范围[25-500]
🎾 [球检测-帧202] 区域面积过滤: 面积43873.0px 超出范围[25-500]
🎾 [球检测-帧202] 面积过滤后有效区域数: 1
🎾 [球检测-帧202] 形态学清理后像素数: 257 (减少了223428)
🎾 [球检测-帧202] Hough参数(缩放后): minR=4, maxR=22, minDist=12
🎾 [球检测-帧202] Hough圆检测找到: 1 个圆
🎾 [球检测-帧202] 圆 1: 位置(693,513), 半径14px
🎾 [球检测-帧202] 圆 1: 质量分数 0.71
🎾 [球检测-帧202] 球 1: (693,513) ✅ 半径14px, 质量0.71, 圆度0.75, 边距207px 通过过滤
🎾 [球检测-帧202] 噪点过滤完成: 1 → 1 个球
🎾 [球检测-帧202] HSV检测结果: 1 个球
🎾 [球检测-帧202] 球 1: (693,513) ✅ 在边界内
🎾 [球检测-帧202] 边界过滤: 1 → 1 个球
🎾 [球检测-帧202] 最终检测结果: 1 个球
🎾 [球检测-帧203] 开始球检测 (帧尺寸: 1280x720)
🎾 [球检测-帧203] 图像预处理: 1280x720 → 640x360
🎾 [球检测-帧203] HSV颜色范围: [20,50,50] - [70,255,255]
🎾 [球检测-帧203] 颜色匹配像素数: 223675
🎾 [球检测-帧203] 面积阈值(缩放后): min=25 max=500
🎾 [球检测-帧203] 区域面积过滤: 面积67419.0px 超出范围[25-500]
🎾 [球检测-帧203] 区域面积过滤: 面积67905.0px 超出范围[25-500]
🎾 [球检测-帧203] 区域面积过滤: 面积42437.0px 超出范围[25-500]
🎾 [球检测-帧203] 区域面积过滤: 面积43873.0px 超出范围[25-500]
🎾 [球检测-帧203] 面积过滤后有效区域数: 1
🎾 [球检测-帧203] 形态学清理后像素数: 257 (减少了223418)
🎾 [球检测-帧203] Hough参数(缩放后): minR=4, maxR=22, minDist=12
🎾 [球检测-帧203] Hough圆检测找到: 1 个圆
🎾 [球检测-帧203] 圆 1: 位置(693,513), 半径14px
🎾 [球检测-帧203] 圆 1: 质量分数 0.71
🎾 [球检测-帧203] 球 1: (693,513) ✅ 半径14px, 质量0.71, 圆度0.75, 边距207px 通过过滤
🎾 [球检测-帧203] 噪点过滤完成: 1 → 1 个球
🎾 [球检测-帧203] HSV检测结果: 1 个球
🎾 [球检测-帧203] 球 1: (693,513) ✅ 在边界内
🎾 [球检测-帧203] 边界过滤: 1 → 1 个球
🎾 [球检测-帧203] 最终检测结果: 1 个球
🎾 [球检测-帧204] 开始球检测 (帧尺寸: 1280x720)
🎾 [球检测-帧204] 图像预处理: 1280x720 → 640x360
🎾 [球检测-帧204] HSV颜色范围: [20,50,50] - [70,255,255]
🎾 [球检测-帧204] 颜色匹配像素数: 223684
🎾 [球检测-帧204] 面积阈值(缩放后): min=25 max=500
🎾 [球检测-帧204] 区域面积过滤: 面积67422.0px 超出范围[25-500]
🎾 [球检测-帧204] 区域面积过滤: 面积67905.0px 超出范围[25-500]
🎾 [球检测-帧204] 区域面积过滤: 面积42437.0px 超出范围[25-500]
🎾 [球检测-帧204] 区域面积过滤: 面积43873.0px 超出范围[25-500]
🎾 [球检测-帧204] 面积过滤后有效区域数: 1
🎾 [球检测-帧204] 形态学清理后像素数: 261 (减少了223423)
🎾 [球检测-帧204] Hough参数(缩放后): minR=4, maxR=22, minDist=12
🎾 [球检测-帧204] Hough圆检测找到: 2 个圆
🎾 [球检测-帧204] 圆 1: 位置(691,495), 半径12px
🎾 [球检测-帧204] 圆 1: 质量分数 0.67
🎾 [球检测-帧204] 圆 2: 位置(691,519), 半径12px
🎾 [球检测-帧204] 圆 2: 质量分数 0.73
🎾 [球检测-帧204] 球 1: (691,495) ✅ 半径12px, 质量0.67, 圆度0.61, 边距225px 通过过滤
🎾 [球检测-帧204] 球 2: (691,519) ✅ 半径12px, 质量0.73, 圆度0.77, 边距201px 通过过滤
🎾 [球检测-帧204] 噪点过滤完成: 2 → 2 个球
🎾 [球检测-帧204] HSV检测结果: 1 个球
🎾 [球检测-帧204] 球 1: (691,495) ✅ 在边界内
🎾 [球检测-帧204] 边界过滤: 1 → 1 个球
🎾 [球检测-帧204] 最终检测结果: 1 个球
🎾 [球检测-帧205] 开始球检测 (帧尺寸: 1280x720)
🎾 [球检测-帧205] 图像预处理: 1280x720 → 640x360
🎾 [球检测-帧205] HSV颜色范围: [20,50,50] - [70,255,255]
🎾 [球检测-帧205] 颜色匹配像素数: 223678
🎾 [球检测-帧205] 面积阈值(缩放后): min=25 max=500
🎾 [球检测-帧205] 区域面积过滤: 面积67422.0px 超出范围[25-500]
🎾 [球检测-帧205] 区域面积过滤: 面积67905.0px 超出范围[25-500]
🎾 [球检测-帧205] 区域面积过滤: 面积42437.0px 超出范围[25-500]
🎾 [球检测-帧205] 区域面积过滤: 面积43873.0px 超出范围[25-500]
🎾 [球检测-帧205] 面积过滤后有效区域数: 1
🎾 [球检测-帧205] 形态学清理后像素数: 261 (减少了223417)
🎾 [球检测-帧205] Hough参数(缩放后): minR=4, maxR=22, minDist=12
🎾 [球检测-帧205] Hough圆检测找到: 2 个圆
🎾 [球检测-帧205] 圆 1: 位置(691,495), 半径12px
🎾 [球检测-帧205] 圆 1: 质量分数 0.67
🎾 [球检测-帧205] 圆 2: 位置(691,519), 半径12px
🎾 [球检测-帧205] 圆 2: 质量分数 0.73
🎾 [球检测-帧205] 球 1: (691,495) ✅ 半径12px, 质量0.67, 圆度0.61, 边距225px 通过过滤
🎾 [球检测-帧205] 球 2: (691,519) ✅ 半径12px, 质量0.73, 圆度0.77, 边距201px 通过过滤
🎾 [球检测-帧205] 噪点过滤完成: 2 → 2 个球
🎾 [球检测-帧205] HSV检测结果: 1 个球
🎾 [球检测-帧205] 球 1: (691,495) ✅ 在边界内
🎾 [球检测-帧205] 边界过滤: 1 → 1 个球
🎾 [球检测-帧205] 最终检测结果: 1 个球
🎾 [球检测-帧206] 开始球检测 (帧尺寸: 1280x720)
🎾 [球检测-帧206] 图像预处理: 1280x720 → 640x360
🎾 [球检测-帧206] HSV颜色范围: [20,50,50] - [70,255,255]
🎾 [球检测-帧206] 颜色匹配像素数: 223684
🎾 [球检测-帧206] 面积阈值(缩放后): min=25 max=500
🎾 [球检测-帧206] 区域面积过滤: 面积67422.0px 超出范围[25-500]
🎾 [球检测-帧206] 区域面积过滤: 面积67905.0px 超出范围[25-500]
🎾 [球检测-帧206] 区域面积过滤: 面积42437.0px 超出范围[25-500]
🎾 [球检测-帧206] 区域面积过滤: 面积43873.0px 超出范围[25-500]
🎾 [球检测-帧206] 面积过滤后有效区域数: 1
🎾 [球检测-帧206] 形态学清理后像素数: 261 (减少了223423)
🎾 [球检测-帧206] Hough参数(缩放后): minR=4, maxR=22, minDist=12
🎾 [球检测-帧206] Hough圆检测找到: 2 个圆
🎾 [球检测-帧206] 圆 1: 位置(691,495), 半径12px
🎾 [球检测-帧206] 圆 1: 质量分数 0.67
🎾 [球检测-帧206] 圆 2: 位置(691,519), 半径12px
🎾 [球检测-帧206] 圆 2: 质量分数 0.73
🎾 [球检测-帧206] 球 1: (691,495) ✅ 半径12px, 质量0.67, 圆度0.61, 边距225px 通过过滤
🎾 [球检测-帧206] 球 2: (691,519) ✅ 半径12px, 质量0.73, 圆度0.77, 边距201px 通过过滤
🎾 [球检测-帧206] 噪点过滤完成: 2 → 2 个球
🎾 [球检测-帧206] HSV检测结果: 1 个球
🎾 [球检测-帧206] 球 1: (691,495) ✅ 在边界内
🎾 [球检测-帧206] 边界过滤: 1 → 1 个球
🎾 [球检测-帧206] 最终检测结果: 1 个球
🎾 [球检测-帧207] 开始球检测 (帧尺寸: 1280x720)
🎾 [球检测-帧207] 图像预处理: 1280x720 → 640x360
🎾 [球检测-帧207] HSV颜色范围: [20,50,50] - [70,255,255]
🎾 [球检测-帧207] 颜色匹配像素数: 223682
🎾 [球检测-帧207] 面积阈值(缩放后): min=25 max=500
🎾 [球检测-帧207] 区域面积过滤: 面积67422.0px 超出范围[25-500]
🎾 [球检测-帧207] 区域面积过滤: 面积67905.0px 超出范围[25-500]
🎾 [球检测-帧207] 区域面积过滤: 面积42437.0px 超出范围[25-500]
🎾 [球检测-帧207] 区域面积过滤: 面积43873.0px 超出范围[25-500]
🎾 [球检测-帧207] 面积过滤后有效区域数: 1
🎾 [球检测-帧207] 形态学清理后像素数: 261 (减少了223421)
🎾 [球检测-帧207] Hough参数(缩放后): minR=4, maxR=22, minDist=12
🎾 [球检测-帧207] Hough圆检测找到: 2 个圆
🎾 [球检测-帧207] 圆 1: 位置(691,495), 半径12px
🎾 [球检测-帧207] 圆 1: 质量分数 0.67
🎾 [球检测-帧207] 圆 2: 位置(691,519), 半径12px
🎾 [球检测-帧207] 圆 2: 质量分数 0.73
🎾 [球检测-帧207] 球 1: (691,495) ✅ 半径12px, 质量0.67, 圆度0.61, 边距225px 通过过滤
🎾 [球检测-帧207] 球 2: (691,519) ✅ 半径12px, 质量0.73, 圆度0.77, 边距201px 通过过滤
🎾 [球检测-帧207] 噪点过滤完成: 2 → 2 个球
🎾 [球检测-帧207] HSV检测结果: 1 个球
🎾 [球检测-帧207] 球 1: (691,495) ✅ 在边界内
🎾 [球检测-帧207] 边界过滤: 1 → 1 个球
🎾 [球检测-帧207] 最终检测结果: 1 个球
🎾 [球检测-帧208] 开始球检测 (帧尺寸: 1280x720)
🎾 [球检测-帧208] 图像预处理: 1280x720 → 640x360
🎾 [球检测-帧208] HSV颜色范围: [20,50,50] - [70,255,255]
🎾 [球检测-帧208] 颜色匹配像素数: 223688
🎾 [球检测-帧208] 面积阈值(缩放后): min=25 max=500
🎾 [球检测-帧208] 区域面积过滤: 面积67425.5px 超出范围[25-500]
🎾 [球检测-帧208] 区域面积过滤: 面积67905.0px 超出范围[25-500]
🎾 [球检测-帧208] 区域面积过滤: 面积42437.0px 超出范围[25-500]
🎾 [球检测-帧208] 区域面积过滤: 面积43873.0px 超出范围[25-500]
🎾 [球检测-帧208] 面积过滤后有效区域数: 1
🎾 [球检测-帧208] 形态学清理后像素数: 254 (减少了223434)
🎾 [球检测-帧208] Hough参数(缩放后): minR=4, maxR=22, minDist=12
🎾 [球检测-帧208] Hough圆检测找到: 1 个圆
🎾 [球检测-帧208] 圆 1: 位置(693,513), 半径16px
🎾 [球检测-帧208] 圆 1: 质量分数 0.69
🎾 [球检测-帧208] 球 1: (693,513) ✅ 半径16px, 质量0.69, 圆度0.80, 边距207px 通过过滤
🎾 [球检测-帧208] 噪点过滤完成: 1 → 1 个球
🎾 [球检测-帧208] HSV检测结果: 1 个球
🎾 [球检测-帧208] 球 1: (693,513) ✅ 在边界内
🎾 [球检测-帧208] 边界过滤: 1 → 1 个球
🎾 [球检测-帧208] 最终检测结果: 1 个球
🎾 [球检测-帧209] 开始球检测 (帧尺寸: 1280x720)
🎾 [球检测-帧209] 图像预处理: 1280x720 → 640x360
🎾 [球检测-帧209] HSV颜色范围: [20,50,50] - [70,255,255]
🎾 [球检测-帧209] 颜色匹配像素数: 223669
🎾 [球检测-帧209] 面积阈值(缩放后): min=25 max=500
🎾 [球检测-帧209] 区域面积过滤: 面积67425.5px 超出范围[25-500]
🎾 [球检测-帧209] 区域面积过滤: 面积67905.0px 超出范围[25-500]
🎾 [球检测-帧209] 区域面积过滤: 面积42437.0px 超出范围[25-500]
🎾 [球检测-帧209] 区域面积过滤: 面积43873.0px 超出范围[25-500]
🎾 [球检测-帧209] 面积过滤后有效区域数: 1
🎾 [球检测-帧209] 形态学清理后像素数: 254 (减少了223415)
🎾 [球检测-帧209] Hough参数(缩放后): minR=4, maxR=22, minDist=12
🎾 [球检测-帧209] Hough圆检测找到: 1 个圆
🎾 [球检测-帧209] 圆 1: 位置(693,513), 半径16px
🎾 [球检测-帧209] 圆 1: 质量分数 0.69
🎾 [球检测-帧209] 球 1: (693,513) ✅ 半径16px, 质量0.69, 圆度0.80, 边距207px 通过过滤
🎾 [球检测-帧209] 噪点过滤完成: 1 → 1 个球
🎾 [球检测-帧209] HSV检测结果: 1 个球
🎾 [球检测-帧209] 球 1: (693,513) ✅ 在边界内
🎾 [球检测-帧209] 边界过滤: 1 → 1 个球
🎾 [球检测-帧209] 最终检测结果: 1 个球
🎾 [球检测-帧210] 开始球检测 (帧尺寸: 1280x720)
🎾 [球检测-帧210] 图像预处理: 1280x720 → 640x360
🎾 [球检测-帧210] HSV颜色范围: [20,50,50] - [70,255,255]
🎾 [球检测-帧210] 颜色匹配像素数: 223674
🎾 [球检测-帧210] 面积阈值(缩放后): min=25 max=500
🎾 [球检测-帧210] 区域面积过滤: 面积67425.5px 超出范围[25-500]
🎾 [球检测-帧210] 区域面积过滤: 面积67905.0px 超出范围[25-500]
🎾 [球检测-帧210] 区域面积过滤: 面积42437.0px 超出范围[25-500]
🎾 [球检测-帧210] 区域面积过滤: 面积43873.0px 超出范围[25-500]
🎾 [球检测-帧210] 面积过滤后有效区域数: 1
🎾 [球检测-帧210] 形态学清理后像素数: 254 (减少了223420)
🎾 [球检测-帧210] Hough参数(缩放后): minR=4, maxR=22, minDist=12
🎾 [球检测-帧210] Hough圆检测找到: 1 个圆
🎾 [球检测-帧210] 圆 1: 位置(693,513), 半径16px
🎾 [球检测-帧210] 圆 1: 质量分数 0.69
🎾 [球检测-帧210] 球 1: (693,513) ✅ 半径16px, 质量0.69, 圆度0.80, 边距207px 通过过滤
🎾 [球检测-帧210] 噪点过滤完成: 1 → 1 个球
🎾 [球检测-帧210] HSV检测结果: 1 个球
🎾 [球检测-帧210] 球 1: (693,513) ✅ 在边界内
🎾 [球检测-帧210] 边界过滤: 1 → 1 个球
🎾 [球检测-帧210] 最终检测结果: 1 个球
🎾 [球检测-帧210] 调试帧已保存: debug_frames/ball_debug_frame_0210.jpg
🎾 [球检测-帧211] 开始球检测 (帧尺寸: 1280x720)
🎾 [球检测-帧211] 图像预处理: 1280x720 → 640x360
🎾 [球检测-帧211] HSV颜色范围: [20,50,50] - [70,255,255]
🎾 [球检测-帧211] 颜色匹配像素数: 223689
🎾 [球检测-帧211] 面积阈值(缩放后): min=25 max=500
🎾 [球检测-帧211] 区域面积过滤: 面积67425.5px 超出范围[25-500]
🎾 [球检测-帧211] 区域面积过滤: 面积67905.0px 超出范围[25-500]
🎾 [球检测-帧211] 区域面积过滤: 面积42437.0px 超出范围[25-500]
🎾 [球检测-帧211] 区域面积过滤: 面积43873.0px 超出范围[25-500]
🎾 [球检测-帧211] 面积过滤后有效区域数: 1
🎾 [球检测-帧211] 形态学清理后像素数: 255 (减少了223434)
🎾 [球检测-帧211] Hough参数(缩放后): minR=4, maxR=22, minDist=12
🎾 [球检测-帧211] Hough圆检测找到: 2 个圆
🎾 [球检测-帧211] 圆 1: 位置(687,517), 半径14px
🎾 [球检测-帧211] 圆 1: 质量分数 0.72
🎾 [球检测-帧211] 圆 2: 位置(691,493), 半径12px
🎾 [球检测-帧211] 圆 2: 质量分数 0.62
🎾 [球检测-帧211] 球 1: (687,517) ✅ 半径14px, 质量0.72, 圆度0.77, 边距203px 通过过滤
🎾 [球检测-帧211] 球 2: (691,493) ✅ 半径12px, 质量0.62, 圆度0.61, 边距227px 通过过滤
🎾 [球检测-帧211] 噪点过滤完成: 2 → 2 个球
🎾 [球检测-帧211] HSV检测结果: 1 个球
🎾 [球检测-帧211] 球 1: (687,517) ✅ 在边界内
🎾 [球检测-帧211] 边界过滤: 1 → 1 个球
🎾 [球检测-帧211] 最终检测结果: 1 个球
🎾 [球检测-帧212] 开始球检测 (帧尺寸: 1280x720)
🎾 [球检测-帧212] 图像预处理: 1280x720 → 640x360
🎾 [球检测-帧212] HSV颜色范围: [20,50,50] - [70,255,255]
🎾 [球检测-帧212] 颜色匹配像素数: 223687
🎾 [球检测-帧212] 面积阈值(缩放后): min=25 max=500
🎾 [球检测-帧212] 区域面积过滤: 面积67425.5px 超出范围[25-500]
🎾 [球检测-帧212] 区域面积过滤: 面积67905.0px 超出范围[25-500]
🎾 [球检测-帧212] 区域面积过滤: 面积42437.0px 超出范围[25-500]
🎾 [球检测-帧212] 区域面积过滤: 面积43873.0px 超出范围[25-500]
🎾 [球检测-帧212] 面积过滤后有效区域数: 1
🎾 [球检测-帧212] 形态学清理后像素数: 255 (减少了223432)
🎾 [球检测-帧212] Hough参数(缩放后): minR=4, maxR=22, minDist=12
🎾 [球检测-帧212] Hough圆检测找到: 2 个圆
🎾 [球检测-帧212] 圆 1: 位置(687,517), 半径14px
🎾 [球检测-帧212] 圆 1: 质量分数 0.72
🎾 [球检测-帧212] 圆 2: 位置(691,493), 半径12px
🎾 [球检测-帧212] 圆 2: 质量分数 0.62
🎾 [球检测-帧212] 球 1: (687,517) ✅ 半径14px, 质量0.72, 圆度0.77, 边距203px 通过过滤
🎾 [球检测-帧212] 球 2: (691,493) ✅ 半径12px, 质量0.62, 圆度0.61, 边距227px 通过过滤
🎾 [球检测-帧212] 噪点过滤完成: 2 → 2 个球
🎾 [球检测-帧212] HSV检测结果: 1 个球
🎾 [球检测-帧212] 球 1: (687,517) ✅ 在边界内
🎾 [球检测-帧212] 边界过滤: 1 → 1 个球
🎾 [球检测-帧212] 最终检测结果: 1 个球
🎾 [球检测-帧213] 开始球检测 (帧尺寸: 1280x720)
🎾 [球检测-帧213] 图像预处理: 1280x720 → 640x360
🎾 [球检测-帧213] HSV颜色范围: [20,50,50] - [70,255,255]
🎾 [球检测-帧213] 颜色匹配像素数: 223677
🎾 [球检测-帧213] 面积阈值(缩放后): min=25 max=500
🎾 [球检测-帧213] 区域面积过滤: 面积67425.5px 超出范围[25-500]
🎾 [球检测-帧213] 区域面积过滤: 面积67905.0px 超出范围[25-500]
🎾 [球检测-帧213] 区域面积过滤: 面积42437.0px 超出范围[25-500]
🎾 [球检测-帧213] 区域面积过滤: 面积43873.0px 超出范围[25-500]
🎾 [球检测-帧213] 面积过滤后有效区域数: 1
🎾 [球检测-帧213] 形态学清理后像素数: 255 (减少了223422)
🎾 [球检测-帧213] Hough参数(缩放后): minR=4, maxR=22, minDist=12
🎾 [球检测-帧213] Hough圆检测找到: 2 个圆
🎾 [球检测-帧213] 圆 1: 位置(687,517), 半径14px
🎾 [球检测-帧213] 圆 1: 质量分数 0.72
🎾 [球检测-帧213] 圆 2: 位置(691,493), 半径12px
🎾 [球检测-帧213] 圆 2: 质量分数 0.62
🎾 [球检测-帧213] 球 1: (687,517) ✅ 半径14px, 质量0.72, 圆度0.77, 边距203px 通过过滤
🎾 [球检测-帧213] 球 2: (691,493) ✅ 半径12px, 质量0.62, 圆度0.61, 边距227px 通过过滤
🎾 [球检测-帧213] 噪点过滤完成: 2 → 2 个球
🎾 [球检测-帧213] HSV检测结果: 1 个球
🎾 [球检测-帧213] 球 1: (687,517) ✅ 在边界内
🎾 [球检测-帧213] 边界过滤: 1 → 1 个球
🎾 [球检测-帧213] 最终检测结果: 1 个球
🎾 [球检测-帧214] 开始球检测 (帧尺寸: 1280x720)
🎾 [球检测-帧214] 图像预处理: 1280x720 → 640x360
🎾 [球检测-帧214] HSV颜色范围: [20,50,50] - [70,255,255]
🎾 [球检测-帧214] 颜色匹配像素数: 223680
🎾 [球检测-帧214] 面积阈值(缩放后): min=25 max=500
🎾 [球检测-帧214] 区域面积过滤: 面积67427.5px 超出范围[25-500]
🎾 [球检测-帧214] 区域面积过滤: 面积67905.0px 超出范围[25-500]
🎾 [球检测-帧214] 区域面积过滤: 面积42437.0px 超出范围[25-500]
🎾 [球检测-帧214] 区域面积过滤: 面积43873.0px 超出范围[25-500]
🎾 [球检测-帧214] 面积过滤后有效区域数: 1
🎾 [球检测-帧214] 形态学清理后像素数: 248 (减少了223432)
🎾 [球检测-帧214] Hough参数(缩放后): minR=4, maxR=22, minDist=12
🎾 [球检测-帧214] Hough圆检测找到: 2 个圆
🎾 [球检测-帧214] 圆 1: 位置(687,519), 半径12px
🎾 [球检测-帧214] 圆 1: 质量分数 0.74
🎾 [球检测-帧214] 圆 2: 位置(689,495), 半径12px
🎾 [球检测-帧214] 圆 2: 质量分数 0.60
🎾 [球检测-帧214] 球 1: (687,519) ✅ 半径12px, 质量0.74, 圆度0.78, 边距201px 通过过滤
🎾 [球检测-帧214] 球 2: (689,495) ✅ 半径12px, 质量0.60, 圆度0.68, 边距225px 通过过滤
🎾 [球检测-帧214] 噪点过滤完成: 2 → 2 个球
🎾 [球检测-帧214] HSV检测结果: 1 个球
🎾 [球检测-帧214] 球 1: (687,519) ✅ 在边界内
🎾 [球检测-帧214] 边界过滤: 1 → 1 个球
🎾 [球检测-帧214] 最终检测结果: 1 个球
🎾 [球检测-帧215] 开始球检测 (帧尺寸: 1280x720)
🎾 [球检测-帧215] 图像预处理: 1280x720 → 640x360
🎾 [球检测-帧215] HSV颜色范围: [20,50,50] - [70,255,255]
🎾 [球检测-帧215] 颜色匹配像素数: 223675
🎾 [球检测-帧215] 面积阈值(缩放后): min=25 max=500
🎾 [球检测-帧215] 区域面积过滤: 面积67427.5px 超出范围[25-500]
🎾 [球检测-帧215] 区域面积过滤: 面积67905.0px 超出范围[25-500]
🎾 [球检测-帧215] 区域面积过滤: 面积42437.0px 超出范围[25-500]
🎾 [球检测-帧215] 区域面积过滤: 面积43873.0px 超出范围[25-500]
🎾 [球检测-帧215] 面积过滤后有效区域数: 1
🎾 [球检测-帧215] 形态学清理后像素数: 248 (减少了223427)
🎾 [球检测-帧215] Hough参数(缩放后): minR=4, maxR=22, minDist=12
🎾 [球检测-帧215] Hough圆检测找到: 2 个圆
🎾 [球检测-帧215] 圆 1: 位置(687,519), 半径12px
🎾 [球检测-帧215] 圆 1: 质量分数 0.74
🎾 [球检测-帧215] 圆 2: 位置(689,495), 半径12px
🎾 [球检测-帧215] 圆 2: 质量分数 0.60
🎾 [球检测-帧215] 球 1: (687,519) ✅ 半径12px, 质量0.74, 圆度0.78, 边距201px 通过过滤
🎾 [球检测-帧215] 球 2: (689,495) ✅ 半径12px, 质量0.60, 圆度0.68, 边距225px 通过过滤
🎾 [球检测-帧215] 噪点过滤完成: 2 → 2 个球
🎾 [球检测-帧215] HSV检测结果: 1 个球
🎾 [球检测-帧215] 球 1: (687,519) ✅ 在边界内
🎾 [球检测-帧215] 边界过滤: 1 → 1 个球
🎾 [球检测-帧215] 最终检测结果: 1 个球
🎾 [球检测-帧216] 开始球检测 (帧尺寸: 1280x720)
🎾 [球检测-帧216] 图像预处理: 1280x720 → 640x360
🎾 [球检测-帧216] HSV颜色范围: [20,50,50] - [70,255,255]
🎾 [球检测-帧216] 颜色匹配像素数: 223678
🎾 [球检测-帧216] 面积阈值(缩放后): min=25 max=500
🎾 [球检测-帧216] 区域面积过滤: 面积67427.5px 超出范围[25-500]
🎾 [球检测-帧216] 区域面积过滤: 面积67905.0px 超出范围[25-500]
🎾 [球检测-帧216] 区域面积过滤: 面积42437.0px 超出范围[25-500]
🎾 [球检测-帧216] 区域面积过滤: 面积43873.0px 超出范围[25-500]
🎾 [球检测-帧216] 面积过滤后有效区域数: 1
🎾 [球检测-帧216] 形态学清理后像素数: 248 (减少了223430)
🎾 [球检测-帧216] Hough参数(缩放后): minR=4, maxR=22, minDist=12
🎾 [球检测-帧216] Hough圆检测找到: 2 个圆
🎾 [球检测-帧216] 圆 1: 位置(687,519), 半径12px
🎾 [球检测-帧216] 圆 1: 质量分数 0.74
🎾 [球检测-帧216] 圆 2: 位置(689,495), 半径12px
🎾 [球检测-帧216] 圆 2: 质量分数 0.60
🎾 [球检测-帧216] 球 1: (687,519) ✅ 半径12px, 质量0.74, 圆度0.78, 边距201px 通过过滤
🎾 [球检测-帧216] 球 2: (689,495) ✅ 半径12px, 质量0.60, 圆度0.68, 边距225px 通过过滤
🎾 [球检测-帧216] 噪点过滤完成: 2 → 2 个球
🎾 [球检测-帧216] HSV检测结果: 1 个球
🎾 [球检测-帧216] 球 1: (687,519) ✅ 在边界内
🎾 [球检测-帧216] 边界过滤: 1 → 1 个球
🎾 [球检测-帧216] 最终检测结果: 1 个球
🎾 [球检测-帧217] 开始球检测 (帧尺寸: 1280x720)
🎾 [球检测-帧217] 图像预处理: 1280x720 → 640x360
🎾 [球检测-帧217] HSV颜色范围: [20,50,50] - [70,255,255]
🎾 [球检测-帧217] 颜色匹配像素数: 223666
🎾 [球检测-帧217] 面积阈值(缩放后): min=25 max=500
🎾 [球检测-帧217] 区域面积过滤: 面积67431.0px 超出范围[25-500]
🎾 [球检测-帧217] 区域面积过滤: 面积67905.0px 超出范围[25-500]
🎾 [球检测-帧217] 区域面积过滤: 面积42437.0px 超出范围[25-500]
🎾 [球检测-帧217] 区域面积过滤: 面积43873.0px 超出范围[25-500]
🎾 [球检测-帧217] 面积过滤后有效区域数: 1
🎾 [球检测-帧217] 形态学清理后像素数: 253 (减少了223413)
🎾 [球检测-帧217] Hough参数(缩放后): minR=4, maxR=22, minDist=12
🎾 [球检测-帧217] Hough圆检测找到: 2 个圆
🎾 [球检测-帧217] 圆 1: 位置(687,519), 半径12px
🎾 [球检测-帧217] 圆 1: 质量分数 0.71
🎾 [球检测-帧217] 圆 2: 位置(685,493), 半径10px
🎾 [球检测-帧217] 圆 2: 质量分数 0.61
🎾 [球检测-帧217] 球 1: (687,519) ✅ 半径12px, 质量0.71, 圆度0.78, 边距201px 通过过滤
🎾 [球检测-帧217] 球 2: (685,493) ✅ 半径10px, 质量0.61, 圆度0.66, 边距227px 通过过滤
🎾 [球检测-帧217] 噪点过滤完成: 2 → 2 个球
🎾 [球检测-帧217] HSV检测结果: 1 个球
🎾 [球检测-帧217] 球 1: (687,519) ✅ 在边界内
🎾 [球检测-帧217] 边界过滤: 1 → 1 个球
🎾 [球检测-帧217] 最终检测结果: 1 个球
🎾 [球检测-帧218] 开始球检测 (帧尺寸: 1280x720)
🎾 [球检测-帧218] 图像预处理: 1280x720 → 640x360
🎾 [球检测-帧218] HSV颜色范围: [20,50,50] - [70,255,255]
🎾 [球检测-帧218] 颜色匹配像素数: 223684
🎾 [球检测-帧218] 面积阈值(缩放后): min=25 max=500
🎾 [球检测-帧218] 区域面积过滤: 面积67431.0px 超出范围[25-500]
🎾 [球检测-帧218] 区域面积过滤: 面积67905.0px 超出范围[25-500]
🎾 [球检测-帧218] 区域面积过滤: 面积42437.0px 超出范围[25-500]
🎾 [球检测-帧218] 区域面积过滤: 面积43873.0px 超出范围[25-500]
🎾 [球检测-帧218] 面积过滤后有效区域数: 1
🎾 [球检测-帧218] 形态学清理后像素数: 253 (减少了223431)
🎾 [球检测-帧218] Hough参数(缩放后): minR=4, maxR=22, minDist=12
🎾 [球检测-帧218] Hough圆检测找到: 2 个圆
🎾 [球检测-帧218] 圆 1: 位置(687,519), 半径12px
🎾 [球检测-帧218] 圆 1: 质量分数 0.71
🎾 [球检测-帧218] 圆 2: 位置(685,493), 半径10px
🎾 [球检测-帧218] 圆 2: 质量分数 0.61
🎾 [球检测-帧218] 球 1: (687,519) ✅ 半径12px, 质量0.71, 圆度0.78, 边距201px 通过过滤
🎾 [球检测-帧218] 球 2: (685,493) ✅ 半径10px, 质量0.61, 圆度0.66, 边距227px 通过过滤
🎾 [球检测-帧218] 噪点过滤完成: 2 → 2 个球
🎾 [球检测-帧218] HSV检测结果: 1 个球
🎾 [球检测-帧218] 球 1: (687,519) ✅ 在边界内
🎾 [球检测-帧218] 边界过滤: 1 → 1 个球
🎾 [球检测-帧218] 最终检测结果: 1 个球
🎾 [球检测-帧219] 开始球检测 (帧尺寸: 1280x720)
🎾 [球检测-帧219] 图像预处理: 1280x720 → 640x360
🎾 [球检测-帧219] HSV颜色范围: [20,50,50] - [70,255,255]
🎾 [球检测-帧219] 颜色匹配像素数: 223664
🎾 [球检测-帧219] 面积阈值(缩放后): min=25 max=500
🎾 [球检测-帧219] 区域面积过滤: 面积67431.5px 超出范围[25-500]
🎾 [球检测-帧219] 区域面积过滤: 面积67905.0px 超出范围[25-500]
🎾 [球检测-帧219] 区域面积过滤: 面积42437.0px 超出范围[25-500]
🎾 [球检测-帧219] 区域面积过滤: 面积43873.0px 超出范围[25-500]
🎾 [球检测-帧219] 面积过滤后有效区域数: 1
🎾 [球检测-帧219] 形态学清理后像素数: 253 (减少了223411)
🎾 [球检测-帧219] Hough参数(缩放后): minR=4, maxR=22, minDist=12
🎾 [球检测-帧219] Hough圆检测找到: 2 个圆
🎾 [球检测-帧219] 圆 1: 位置(683,517), 半径13px
🎾 [球检测-帧219] 圆 1: 质量分数 0.74
🎾 [球检测-帧219] 圆 2: 位置(685,493), 半径10px
🎾 [球检测-帧219] 圆 2: 质量分数 0.60
🎾 [球检测-帧219] 球 1: (683,517) ✅ 半径13px, 质量0.74, 圆度0.77, 边距203px 通过过滤
🎾 [球检测-帧219] 球 2: (685,493) ✅ 半径10px, 质量0.60, 圆度0.66, 边距227px 通过过滤
🎾 [球检测-帧219] 噪点过滤完成: 2 → 2 个球
🎾 [球检测-帧219] HSV检测结果: 1 个球
🎾 [球检测-帧219] 球 1: (683,517) ✅ 在边界内
🎾 [球检测-帧219] 边界过滤: 1 → 1 个球
🎾 [球检测-帧219] 最终检测结果: 1 个球
🎾 [球检测-帧220] 开始球检测 (帧尺寸: 1280x720)
🎾 [球检测-帧220] 图像预处理: 1280x720 → 640x360
🎾 [球检测-帧220] HSV颜色范围: [20,50,50] - [70,255,255]
🎾 [球检测-帧220] 颜色匹配像素数: 223675
🎾 [球检测-帧220] 面积阈值(缩放后): min=25 max=500
🎾 [球检测-帧220] 区域面积过滤: 面积67431.5px 超出范围[25-500]
🎾 [球检测-帧220] 区域面积过滤: 面积67905.0px 超出范围[25-500]
🎾 [球检测-帧220] 区域面积过滤: 面积42437.0px 超出范围[25-500]
🎾 [球检测-帧220] 区域面积过滤: 面积43873.0px 超出范围[25-500]
🎾 [球检测-帧220] 面积过滤后有效区域数: 1
🎾 [球检测-帧220] 形态学清理后像素数: 253 (减少了223422)
🎾 [球检测-帧220] Hough参数(缩放后): minR=4, maxR=22, minDist=12
🎾 [球检测-帧220] Hough圆检测找到: 2 个圆
🎾 [球检测-帧220] 圆 1: 位置(683,517), 半径13px
🎾 [球检测-帧220] 圆 1: 质量分数 0.74
🎾 [球检测-帧220] 圆 2: 位置(685,493), 半径10px
🎾 [球检测-帧220] 圆 2: 质量分数 0.60
🎾 [球检测-帧220] 球 1: (683,517) ✅ 半径13px, 质量0.74, 圆度0.77, 边距203px 通过过滤
🎾 [球检测-帧220] 球 2: (685,493) ✅ 半径10px, 质量0.60, 圆度0.66, 边距227px 通过过滤
🎾 [球检测-帧220] 噪点过滤完成: 2 → 2 个球
🎾 [球检测-帧220] HSV检测结果: 1 个球
🎾 [球检测-帧220] 球 1: (683,517) ✅ 在边界内
🎾 [球检测-帧220] 边界过滤: 1 → 1 个球
🎾 [球检测-帧220] 最终检测结果: 1 个球
🎾 [球检测-帧220] 调试帧已保存: debug_frames/ball_debug_frame_0220.jpg
🎾 [球检测-帧221] 开始球检测 (帧尺寸: 1280x720)
🎾 [球检测-帧221] 图像预处理: 1280x720 → 640x360
🎾 [球检测-帧221] HSV颜色范围: [20,50,50] - [70,255,255]
🎾 [球检测-帧221] 颜色匹配像素数: 223669
🎾 [球检测-帧221] 面积阈值(缩放后): min=25 max=500
🎾 [球检测-帧221] 区域面积过滤: 面积67431.5px 超出范围[25-500]
🎾 [球检测-帧221] 区域面积过滤: 面积67905.0px 超出范围[25-500]
🎾 [球检测-帧221] 区域面积过滤: 面积42437.0px 超出范围[25-500]
🎾 [球检测-帧221] 区域面积过滤: 面积43873.0px 超出范围[25-500]
🎾 [球检测-帧221] 面积过滤后有效区域数: 1
🎾 [球检测-帧221] 形态学清理后像素数: 253 (减少了223416)
🎾 [球检测-帧221] Hough参数(缩放后): minR=4, maxR=22, minDist=12
🎾 [球检测-帧221] Hough圆检测找到: 2 个圆
🎾 [球检测-帧221] 圆 1: 位置(683,517), 半径13px
🎾 [球检测-帧221] 圆 1: 质量分数 0.74
🎾 [球检测-帧221] 圆 2: 位置(685,493), 半径10px
🎾 [球检测-帧221] 圆 2: 质量分数 0.60
🎾 [球检测-帧221] 球 1: (683,517) ✅ 半径13px, 质量0.74, 圆度0.77, 边距203px 通过过滤
🎾 [球检测-帧221] 球 2: (685,493) ✅ 半径10px, 质量0.60, 圆度0.66, 边距227px 通过过滤
🎾 [球检测-帧221] 噪点过滤完成: 2 → 2 个球
🎾 [球检测-帧221] HSV检测结果: 1 个球
🎾 [球检测-帧221] 球 1: (683,517) ✅ 在边界内
🎾 [球检测-帧221] 边界过滤: 1 → 1 个球
🎾 [球检测-帧221] 最终检测结果: 1 个球
🎾 [球检测-帧222] 开始球检测 (帧尺寸: 1280x720)
🎾 [球检测-帧222] 图像预处理: 1280x720 → 640x360
🎾 [球检测-帧222] HSV颜色范围: [20,50,50] - [70,255,255]
🎾 [球检测-帧222] 颜色匹配像素数: 223676
🎾 [球检测-帧222] 面积阈值(缩放后): min=25 max=500
🎾 [球检测-帧222] 区域面积过滤: 面积67438.0px 超出范围[25-500]
🎾 [球检测-帧222] 区域面积过滤: 面积67905.0px 超出范围[25-500]
🎾 [球检测-帧222] 区域面积过滤: 面积42437.0px 超出范围[25-500]
🎾 [球检测-帧222] 区域面积过滤: 面积43873.0px 超出范围[25-500]
🎾 [球检测-帧222] 面积过滤后有效区域数: 1
🎾 [球检测-帧222] 形态学清理后像素数: 254 (减少了223422)
🎾 [球检测-帧222] Hough参数(缩放后): minR=4, maxR=22, minDist=12
🎾 [球检测-帧222] Hough圆检测找到: 1 个圆
🎾 [球检测-帧222] 圆 1: 位置(669,507), 半径29px
🎾 [球检测-帧222] 圆 1: 质量分数 0.49
🎾 [球检测-帧222] 球 1: (669,507) ✅ 半径29px, 质量0.49, 圆度0.65, 边距213px 通过过滤
🎾 [球检测-帧222] 噪点过滤完成: 1 → 1 个球
🎾 [球检测-帧222] HSV检测结果: 1 个球
🎾 [球检测-帧222] 球 1: (669,507) ✅ 在边界内
🎾 [球检测-帧222] 边界过滤: 1 → 1 个球
🎾 [球检测-帧222] 最终检测结果: 1 个球
🎾 [球检测-帧223] 开始球检测 (帧尺寸: 1280x720)
🎾 [球检测-帧223] 图像预处理: 1280x720 → 640x360
🎾 [球检测-帧223] HSV颜色范围: [20,50,50] - [70,255,255]
🎾 [球检测-帧223] 颜色匹配像素数: 223670
🎾 [球检测-帧223] 面积阈值(缩放后): min=25 max=500
🎾 [球检测-帧223] 区域面积过滤: 面积67438.0px 超出范围[25-500]
🎾 [球检测-帧223] 区域面积过滤: 面积67905.0px 超出范围[25-500]
🎾 [球检测-帧223] 区域面积过滤: 面积42437.0px 超出范围[25-500]
🎾 [球检测-帧223] 区域面积过滤: 面积43873.0px 超出范围[25-500]
🎾 [球检测-帧223] 面积过滤后有效区域数: 1
🎾 [球检测-帧223] 形态学清理后像素数: 254 (减少了223416)
🎾 [球检测-帧223] Hough参数(缩放后): minR=4, maxR=22, minDist=12
🎾 [球检测-帧223] Hough圆检测找到: 1 个圆
🎾 [球检测-帧223] 圆 1: 位置(669,507), 半径29px
🎾 [球检测-帧223] 圆 1: 质量分数 0.49
🎾 [球检测-帧223] 球 1: (669,507) ✅ 半径29px, 质量0.49, 圆度0.65, 边距213px 通过过滤
🎾 [球检测-帧223] 噪点过滤完成: 1 → 1 个球
🎾 [球检测-帧223] HSV检测结果: 1 个球
🎾 [球检测-帧223] 球 1: (669,507) ✅ 在边界内
🎾 [球检测-帧223] 边界过滤: 1 → 1 个球
🎾 [球检测-帧223] 最终检测结果: 1 个球
🎾 [球检测-帧224] 开始球检测 (帧尺寸: 1280x720)
🎾 [球检测-帧224] 图像预处理: 1280x720 → 640x360
🎾 [球检测-帧224] HSV颜色范围: [20,50,50] - [70,255,255]
🎾 [球检测-帧224] 颜色匹配像素数: 223671
🎾 [球检测-帧224] 面积阈值(缩放后): min=25 max=500
🎾 [球检测-帧224] 区域面积过滤: 面积67437.0px 超出范围[25-500]
🎾 [球检测-帧224] 区域面积过滤: 面积67905.0px 超出范围[25-500]
🎾 [球检测-帧224] 区域面积过滤: 面积42437.0px 超出范围[25-500]
🎾 [球检测-帧224] 区域面积过滤: 面积43873.0px 超出范围[25-500]
🎾 [球检测-帧224] 面积过滤后有效区域数: 1
🎾 [球检测-帧224] 形态学清理后像素数: 255 (减少了223416)
🎾 [球检测-帧224] Hough参数(缩放后): minR=4, maxR=22, minDist=12
🎾 [球检测-帧224] Hough圆检测找到: 1 个圆
🎾 [球检测-帧224] 圆 1: 位置(687,513), 半径17px
🎾 [球检测-帧224] 圆 1: 质量分数 0.64
🎾 [球检测-帧224] 球 1: (687,513) ✅ 半径17px, 质量0.64, 圆度0.63, 边距207px 通过过滤
🎾 [球检测-帧224] 噪点过滤完成: 1 → 1 个球
🎾 [球检测-帧224] HSV检测结果: 1 个球
🎾 [球检测-帧224] 球 1: (687,513) ✅ 在边界内
🎾 [球检测-帧224] 边界过滤: 1 → 1 个球
🎾 [球检测-帧224] 最终检测结果: 1 个球
🎾 [球检测-帧225] 开始球检测 (帧尺寸: 1280x720)
🎾 [球检测-帧225] 图像预处理: 1280x720 → 640x360
🎾 [球检测-帧225] HSV颜色范围: [20,50,50] - [70,255,255]
🎾 [球检测-帧225] 颜色匹配像素数: 223663
🎾 [球检测-帧225] 面积阈值(缩放后): min=25 max=500
🎾 [球检测-帧225] 区域面积过滤: 面积67437.0px 超出范围[25-500]
🎾 [球检测-帧225] 区域面积过滤: 面积67905.0px 超出范围[25-500]
🎾 [球检测-帧225] 区域面积过滤: 面积42437.0px 超出范围[25-500]
🎾 [球检测-帧225] 区域面积过滤: 面积43873.0px 超出范围[25-500]
🎾 [球检测-帧225] 面积过滤后有效区域数: 1
🎾 [球检测-帧225] 形态学清理后像素数: 255 (减少了223408)
🎾 [球检测-帧225] Hough参数(缩放后): minR=4, maxR=22, minDist=12
🎾 [球检测-帧225] Hough圆检测找到: 1 个圆
🎾 [球检测-帧225] 圆 1: 位置(687,513), 半径17px
🎾 [球检测-帧225] 圆 1: 质量分数 0.64
🎾 [球检测-帧225] 球 1: (687,513) ✅ 半径17px, 质量0.64, 圆度0.63, 边距207px 通过过滤
🎾 [球检测-帧225] 噪点过滤完成: 1 → 1 个球
🎾 [球检测-帧225] HSV检测结果: 1 个球
🎾 [球检测-帧225] 球 1: (687,513) ✅ 在边界内
🎾 [球检测-帧225] 边界过滤: 1 → 1 个球
🎾 [球检测-帧225] 最终检测结果: 1 个球
🎾 [球检测-帧226] 开始球检测 (帧尺寸: 1280x720)
🎾 [球检测-帧226] 图像预处理: 1280x720 → 640x360
🎾 [球检测-帧226] HSV颜色范围: [20,50,50] - [70,255,255]
🎾 [球检测-帧226] 颜色匹配像素数: 223668
🎾 [球检测-帧226] 面积阈值(缩放后): min=25 max=500
🎾 [球检测-帧226] 区域面积过滤: 面积67435.5px 超出范围[25-500]
🎾 [球检测-帧226] 区域面积过滤: 面积67905.0px 超出范围[25-500]
🎾 [球检测-帧226] 区域面积过滤: 面积42437.0px 超出范围[25-500]
🎾 [球检测-帧226] 区域面积过滤: 面积43873.0px 超出范围[25-500]
🎾 [球检测-帧226] 面积过滤后有效区域数: 1
🎾 [球检测-帧226] 形态学清理后像素数: 250 (减少了223418)
🎾 [球检测-帧226] Hough参数(缩放后): minR=4, maxR=22, minDist=12
🎾 [球检测-帧226] Hough圆检测找到: 2 个圆
🎾 [球检测-帧226] 圆 1: 位置(685,517), 半径14px
🎾 [球检测-帧226] 圆 1: 质量分数 0.73
🎾 [球检测-帧226] 圆 2: 位置(685,493), 半径8px
🎾 [球检测-帧226] 圆 2: 质量分数 0.62
🎾 [球检测-帧226] 球 1: (685,517) ✅ 半径14px, 质量0.73, 圆度0.80, 边距203px 通过过滤
🎾 [球检测-帧226] 球 2: (685,493) ❌ 半径8px超出范围[9-45]
🎾 [球检测-帧226] 噪点过滤完成: 2 → 1 个球
🎾 [球检测-帧226] HSV检测结果: 1 个球
🎾 [球检测-帧226] 球 1: (685,517) ✅ 在边界内
🎾 [球检测-帧226] 边界过滤: 1 → 1 个球
🎾 [球检测-帧226] 最终检测结果: 1 个球
🎾 [球检测-帧227] 开始球检测 (帧尺寸: 1280x720)
🎾 [球检测-帧227] 图像预处理: 1280x720 → 640x360
🎾 [球检测-帧227] HSV颜色范围: [20,50,50] - [70,255,255]
🎾 [球检测-帧227] 颜色匹配像素数: 223657
🎾 [球检测-帧227] 面积阈值(缩放后): min=25 max=500
🎾 [球检测-帧227] 区域面积过滤: 面积67437.0px 超出范围[25-500]
🎾 [球检测-帧227] 区域面积过滤: 面积67905.0px 超出范围[25-500]
🎾 [球检测-帧227] 区域面积过滤: 面积42437.0px 超出范围[25-500]
🎾 [球检测-帧227] 区域面积过滤: 面积43873.0px 超出范围[25-500]
🎾 [球检测-帧227] 面积过滤后有效区域数: 1
🎾 [球检测-帧227] 形态学清理后像素数: 255 (减少了223402)
🎾 [球检测-帧227] Hough参数(缩放后): minR=4, maxR=22, minDist=12
🎾 [球检测-帧227] Hough圆检测找到: 1 个圆
🎾 [球检测-帧227] 圆 1: 位置(687,513), 半径17px
🎾 [球检测-帧227] 圆 1: 质量分数 0.64
🎾 [球检测-帧227] 球 1: (687,513) ✅ 半径17px, 质量0.64, 圆度0.63, 边距207px 通过过滤
🎾 [球检测-帧227] 噪点过滤完成: 1 → 1 个球
🎾 [球检测-帧227] HSV检测结果: 1 个球
🎾 [球检测-帧227] 球 1: (687,513) ✅ 在边界内
🎾 [球检测-帧227] 边界过滤: 1 → 1 个球
🎾 [球检测-帧227] 最终检测结果: 1 个球
🎾 [球检测-帧228] 开始球检测 (帧尺寸: 1280x720)
🎾 [球检测-帧228] 图像预处理: 1280x720 → 640x360
🎾 [球检测-帧228] HSV颜色范围: [20,50,50] - [70,255,255]
🎾 [球检测-帧228] 颜色匹配像素数: 223672
🎾 [球检测-帧228] 面积阈值(缩放后): min=25 max=500
🎾 [球检测-帧228] 区域面积过滤: 面积67437.0px 超出范围[25-500]
🎾 [球检测-帧228] 区域面积过滤: 面积67905.0px 超出范围[25-500]
🎾 [球检测-帧228] 区域面积过滤: 面积42437.0px 超出范围[25-500]
🎾 [球检测-帧228] 区域面积过滤: 面积43873.0px 超出范围[25-500]
🎾 [球检测-帧228] 面积过滤后有效区域数: 1
🎾 [球检测-帧228] 形态学清理后像素数: 255 (减少了223417)
🎾 [球检测-帧228] Hough参数(缩放后): minR=4, maxR=22, minDist=12
🎾 [球检测-帧228] Hough圆检测找到: 1 个圆
🎾 [球检测-帧228] 圆 1: 位置(687,513), 半径17px
🎾 [球检测-帧228] 圆 1: 质量分数 0.64
🎾 [球检测-帧228] 球 1: (687,513) ✅ 半径17px, 质量0.64, 圆度0.63, 边距207px 通过过滤
🎾 [球检测-帧228] 噪点过滤完成: 1 → 1 个球
🎾 [球检测-帧228] HSV检测结果: 1 个球
🎾 [球检测-帧228] 球 1: (687,513) ✅ 在边界内
🎾 [球检测-帧228] 边界过滤: 1 → 1 个球
🎾 [球检测-帧228] 最终检测结果: 1 个球
🎾 [球检测-帧229] 开始球检测 (帧尺寸: 1280x720)
🎾 [球检测-帧229] 图像预处理: 1280x720 → 640x360
🎾 [球检测-帧229] HSV颜色范围: [20,50,50] - [70,255,255]
🎾 [球检测-帧229] 颜色匹配像素数: 223661
🎾 [球检测-帧229] 面积阈值(缩放后): min=25 max=500
🎾 [球检测-帧229] 区域面积过滤: 面积67441.0px 超出范围[25-500]
🎾 [球检测-帧229] 区域面积过滤: 面积67905.0px 超出范围[25-500]
🎾 [球检测-帧229] 区域面积过滤: 面积42437.0px 超出范围[25-500]
🎾 [球检测-帧229] 区域面积过滤: 面积43873.0px 超出范围[25-500]
🎾 [球检测-帧229] 面积过滤后有效区域数: 1
🎾 [球检测-帧229] 形态学清理后像素数: 250 (减少了223411)
🎾 [球检测-帧229] Hough参数(缩放后): minR=4, maxR=22, minDist=12
🎾 [球检测-帧229] Hough圆检测找到: 1 个圆
🎾 [球检测-帧229] 圆 1: 位置(669,505), 半径26px
🎾 [球检测-帧229] 圆 1: 质量分数 0.47
🎾 [球检测-帧229] 球 1: (669,505) ✅ 半径26px, 质量0.47, 圆度0.64, 边距215px 通过过滤
🎾 [球检测-帧229] 噪点过滤完成: 1 → 1 个球
🎾 [球检测-帧229] HSV检测结果: 1 个球
🎾 [球检测-帧229] 球 1: (669,505) ✅ 在边界内
🎾 [球检测-帧229] 边界过滤: 1 → 1 个球
🎾 [球检测-帧229] 最终检测结果: 1 个球
🎾 [球检测-帧230] 开始球检测 (帧尺寸: 1280x720)
🎾 [球检测-帧230] 图像预处理: 1280x720 → 640x360
🎾 [球检测-帧230] HSV颜色范围: [20,50,50] - [70,255,255]
🎾 [球检测-帧230] 颜色匹配像素数: 223663
🎾 [球检测-帧230] 面积阈值(缩放后): min=25 max=500
🎾 [球检测-帧230] 区域面积过滤: 面积67441.0px 超出范围[25-500]
🎾 [球检测-帧230] 区域面积过滤: 面积67905.0px 超出范围[25-500]
🎾 [球检测-帧230] 区域面积过滤: 面积42437.0px 超出范围[25-500]
🎾 [球检测-帧230] 区域面积过滤: 面积43873.0px 超出范围[25-500]
🎾 [球检测-帧230] 面积过滤后有效区域数: 1
🎾 [球检测-帧230] 形态学清理后像素数: 250 (减少了223413)
🎾 [球检测-帧230] Hough参数(缩放后): minR=4, maxR=22, minDist=12
🎾 [球检测-帧230] Hough圆检测找到: 1 个圆
🎾 [球检测-帧230] 圆 1: 位置(669,505), 半径26px
🎾 [球检测-帧230] 圆 1: 质量分数 0.47
🎾 [球检测-帧230] 球 1: (669,505) ✅ 半径26px, 质量0.47, 圆度0.64, 边距215px 通过过滤
🎾 [球检测-帧230] 噪点过滤完成: 1 → 1 个球
🎾 [球检测-帧230] HSV检测结果: 1 个球
🎾 [球检测-帧230] 球 1: (669,505) ✅ 在边界内
🎾 [球检测-帧230] 边界过滤: 1 → 1 个球
🎾 [球检测-帧230] 最终检测结果: 1 个球
🎾 [球检测-帧230] 调试帧已保存: debug_frames/ball_debug_frame_0230.jpg
🎾 [球检测-帧231] 开始球检测 (帧尺寸: 1280x720)
🎾 [球检测-帧231] 图像预处理: 1280x720 → 640x360
🎾 [球检测-帧231] HSV颜色范围: [20,50,50] - [70,255,255]
🎾 [球检测-帧231] 颜色匹配像素数: 223680
🎾 [球检测-帧231] 面积阈值(缩放后): min=25 max=500
🎾 [球检测-帧231] 区域面积过滤: 面积67441.5px 超出范围[25-500]
🎾 [球检测-帧231] 区域面积过滤: 面积67905.0px 超出范围[25-500]
🎾 [球检测-帧231] 区域面积过滤: 面积42437.0px 超出范围[25-500]
🎾 [球检测-帧231] 区域面积过滤: 面积43873.0px 超出范围[25-500]
🎾 [球检测-帧231] 面积过滤后有效区域数: 1
🎾 [球检测-帧231] 形态学清理后像素数: 250 (减少了223430)
🎾 [球检测-帧231] Hough参数(缩放后): minR=4, maxR=22, minDist=12
🎾 [球检测-帧231] Hough圆检测找到: 2 个圆
🎾 [球检测-帧231] 圆 1: 位置(683,517), 半径13px
🎾 [球检测-帧231] 圆 1: 质量分数 0.74
🎾 [球检测-帧231] 圆 2: 位置(683,491), 半径8px
🎾 [球检测-帧231] 圆 2: 质量分数 0.61
🎾 [球检测-帧231] 球 1: (683,517) ✅ 半径13px, 质量0.74, 圆度0.79, 边距203px 通过过滤
🎾 [球检测-帧231] 球 2: (683,491) ❌ 半径8px超出范围[9-45], 圆度0.53低于0.58
🎾 [球检测-帧231] 噪点过滤完成: 2 → 1 个球
🎾 [球检测-帧231] HSV检测结果: 1 个球
🎾 [球检测-帧231] 球 1: (683,517) ✅ 在边界内
🎾 [球检测-帧231] 边界过滤: 1 → 1 个球
🎾 [球检测-帧231] 最终检测结果: 1 个球
🎾 [球检测-帧232] 开始球检测 (帧尺寸: 1280x720)
🎾 [球检测-帧232] 图像预处理: 1280x720 → 640x360
🎾 [球检测-帧232] HSV颜色范围: [20,50,50] - [70,255,255]
🎾 [球检测-帧232] 颜色匹配像素数: 223682
🎾 [球检测-帧232] 面积阈值(缩放后): min=25 max=500
🎾 [球检测-帧232] 区域面积过滤: 面积67441.5px 超出范围[25-500]
🎾 [球检测-帧232] 区域面积过滤: 面积67905.0px 超出范围[25-500]
🎾 [球检测-帧232] 区域面积过滤: 面积42437.0px 超出范围[25-500]
🎾 [球检测-帧232] 区域面积过滤: 面积43873.0px 超出范围[25-500]
🎾 [球检测-帧232] 面积过滤后有效区域数: 1
🎾 [球检测-帧232] 形态学清理后像素数: 250 (减少了223432)
🎾 [球检测-帧232] Hough参数(缩放后): minR=4, maxR=22, minDist=12
🎾 [球检测-帧232] Hough圆检测找到: 2 个圆
🎾 [球检测-帧232] 圆 1: 位置(683,517), 半径13px
🎾 [球检测-帧232] 圆 1: 质量分数 0.74
🎾 [球检测-帧232] 圆 2: 位置(683,491), 半径8px
🎾 [球检测-帧232] 圆 2: 质量分数 0.61
🎾 [球检测-帧232] 球 1: (683,517) ✅ 半径13px, 质量0.74, 圆度0.79, 边距203px 通过过滤
🎾 [球检测-帧232] 球 2: (683,491) ❌ 半径8px超出范围[9-45], 圆度0.53低于0.58
🎾 [球检测-帧232] 噪点过滤完成: 2 → 1 个球
🎾 [球检测-帧232] HSV检测结果: 1 个球
🎾 [球检测-帧232] 球 1: (683,517) ✅ 在边界内
🎾 [球检测-帧232] 边界过滤: 1 → 1 个球
🎾 [球检测-帧232] 最终检测结果: 1 个球
🎾 [球检测-帧233] 开始球检测 (帧尺寸: 1280x720)
🎾 [球检测-帧233] 图像预处理: 1280x720 → 640x360
🎾 [球检测-帧233] HSV颜色范围: [20,50,50] - [70,255,255]
🎾 [球检测-帧233] 颜色匹配像素数: 223682
🎾 [球检测-帧233] 面积阈值(缩放后): min=25 max=500
🎾 [球检测-帧233] 区域面积过滤: 面积67441.5px 超出范围[25-500]
🎾 [球检测-帧233] 区域面积过滤: 面积67905.0px 超出范围[25-500]
🎾 [球检测-帧233] 区域面积过滤: 面积42437.0px 超出范围[25-500]
🎾 [球检测-帧233] 区域面积过滤: 面积43873.0px 超出范围[25-500]
🎾 [球检测-帧233] 面积过滤后有效区域数: 1
🎾 [球检测-帧233] 形态学清理后像素数: 250 (减少了223432)
🎾 [球检测-帧233] Hough参数(缩放后): minR=4, maxR=22, minDist=12
🎾 [球检测-帧233] Hough圆检测找到: 2 个圆
🎾 [球检测-帧233] 圆 1: 位置(683,517), 半径13px
🎾 [球检测-帧233] 圆 1: 质量分数 0.74
🎾 [球检测-帧233] 圆 2: 位置(683,491), 半径8px
🎾 [球检测-帧233] 圆 2: 质量分数 0.61
🎾 [球检测-帧233] 球 1: (683,517) ✅ 半径13px, 质量0.74, 圆度0.79, 边距203px 通过过滤
🎾 [球检测-帧233] 球 2: (683,491) ❌ 半径8px超出范围[9-45], 圆度0.53低于0.58
🎾 [球检测-帧233] 噪点过滤完成: 2 → 1 个球
🎾 [球检测-帧233] HSV检测结果: 1 个球
🎾 [球检测-帧233] 球 1: (683,517) ✅ 在边界内
🎾 [球检测-帧233] 边界过滤: 1 → 1 个球
🎾 [球检测-帧233] 最终检测结果: 1 个球
🎾 [球检测-帧234] 开始球检测 (帧尺寸: 1280x720)
🎾 [球检测-帧234] 图像预处理: 1280x720 → 640x360
🎾 [球检测-帧234] HSV颜色范围: [20,50,50] - [70,255,255]
🎾 [球检测-帧234] 颜色匹配像素数: 223679
🎾 [球检测-帧234] 面积阈值(缩放后): min=25 max=500
🎾 [球检测-帧234] 区域面积过滤: 面积67446.0px 超出范围[25-500]
🎾 [球检测-帧234] 区域面积过滤: 面积67905.0px 超出范围[25-500]
🎾 [球检测-帧234] 区域面积过滤: 面积42437.0px 超出范围[25-500]
🎾 [球检测-帧234] 区域面积过滤: 面积43873.0px 超出范围[25-500]
🎾 [球检测-帧234] 面积过滤后有效区域数: 1
🎾 [球检测-帧234] 形态学清理后像素数: 247 (减少了223432)
🎾 [球检测-帧234] Hough参数(缩放后): minR=4, maxR=22, minDist=12
🎾 [球检测-帧234] Hough圆检测找到: 1 个圆
🎾 [球检测-帧234] 圆 1: 位置(667,505), 半径26px
🎾 [球检测-帧234] 圆 1: 质量分数 0.44
🎾 [球检测-帧234] 球 1: (667,505) ✅ 半径26px, 质量0.44, 圆度0.59, 边距215px 通过过滤
🎾 [球检测-帧234] 噪点过滤完成: 1 → 1 个球
🎾 [球检测-帧234] HSV检测结果: 1 个球
🎾 [球检测-帧234] 球 1: (667,505) ✅ 在边界内
🎾 [球检测-帧234] 边界过滤: 1 → 1 个球
🎾 [球检测-帧234] 最终检测结果: 1 个球
🎾 [球检测-帧235] 开始球检测 (帧尺寸: 1280x720)
🎾 [球检测-帧235] 图像预处理: 1280x720 → 640x360
🎾 [球检测-帧235] HSV颜色范围: [20,50,50] - [70,255,255]
🎾 [球检测-帧235] 颜色匹配像素数: 223669
🎾 [球检测-帧235] 面积阈值(缩放后): min=25 max=500
🎾 [球检测-帧235] 区域面积过滤: 面积67446.0px 超出范围[25-500]
🎾 [球检测-帧235] 区域面积过滤: 面积67905.0px 超出范围[25-500]
🎾 [球检测-帧235] 区域面积过滤: 面积42437.0px 超出范围[25-500]
🎾 [球检测-帧235] 区域面积过滤: 面积43873.0px 超出范围[25-500]
🎾 [球检测-帧235] 面积过滤后有效区域数: 1
🎾 [球检测-帧235] 形态学清理后像素数: 247 (减少了223422)
🎾 [球检测-帧235] Hough参数(缩放后): minR=4, maxR=22, minDist=12
🎾 [球检测-帧235] Hough圆检测找到: 1 个圆
🎾 [球检测-帧235] 圆 1: 位置(667,505), 半径26px
🎾 [球检测-帧235] 圆 1: 质量分数 0.44
🎾 [球检测-帧235] 球 1: (667,505) ✅ 半径26px, 质量0.44, 圆度0.59, 边距215px 通过过滤
🎾 [球检测-帧235] 噪点过滤完成: 1 → 1 个球
🎾 [球检测-帧235] HSV检测结果: 1 个球
🎾 [球检测-帧235] 球 1: (667,505) ✅ 在边界内
🎾 [球检测-帧235] 边界过滤: 1 → 1 个球
🎾 [球检测-帧235] 最终检测结果: 1 个球
🎾 [球检测-帧236] 开始球检测 (帧尺寸: 1280x720)
🎾 [球检测-帧236] 图像预处理: 1280x720 → 640x360
🎾 [球检测-帧236] HSV颜色范围: [20,50,50] - [70,255,255]
🎾 [球检测-帧236] 颜色匹配像素数: 223678
🎾 [球检测-帧236] 面积阈值(缩放后): min=25 max=500
🎾 [球检测-帧236] 区域面积过滤: 面积3.0px 超出范围[25-500]
🎾 [球检测-帧236] 区域面积过滤: 面积67444.0px 超出范围[25-500]
🎾 [球检测-帧236] 区域面积过滤: 面积67905.0px 超出范围[25-500]
🎾 [球检测-帧236] 区域面积过滤: 面积42437.0px 超出范围[25-500]
🎾 [球检测-帧236] 区域面积过滤: 面积43873.0px 超出范围[25-500]
🎾 [球检测-帧236] 面积过滤后有效区域数: 1
🎾 [球检测-帧236] 形态学清理后像素数: 249 (减少了223429)
🎾 [球检测-帧236] Hough参数(缩放后): minR=4, maxR=22, minDist=12
🎾 [球检测-帧236] Hough圆检测找到: 2 个圆
🎾 [球检测-帧236] 圆 1: 位置(663,511), 半径29px
🎾 [球检测-帧236] 圆 1: 质量分数 0.44
🎾 [球检测-帧236] 圆 2: 位置(681,491), 半径8px
🎾 [球检测-帧236] 圆 2: 质量分数 0.53
🎾 [球检测-帧236] 球 1: (663,511) ✅ 半径29px, 质量0.44, 圆度0.60, 边距209px 通过过滤
🎾 [球检测-帧236] 球 2: (681,491) ❌ 半径8px超出范围[9-45], 圆度0.56低于0.58
🎾 [球检测-帧236] 噪点过滤完成: 2 → 1 个球
🎾 [球检测-帧236] HSV检测结果: 1 个球
🎾 [球检测-帧236] 球 1: (663,511) ✅ 在边界内
🎾 [球检测-帧236] 边界过滤: 1 → 1 个球
🎾 [球检测-帧236] 最终检测结果: 1 个球
🎾 [球检测-帧237] 开始球检测 (帧尺寸: 1280x720)
🎾 [球检测-帧237] 图像预处理: 1280x720 → 640x360
🎾 [球检测-帧237] HSV颜色范围: [20,50,50] - [70,255,255]
🎾 [球检测-帧237] 颜色匹配像素数: 223676
🎾 [球检测-帧237] 面积阈值(缩放后): min=25 max=500
🎾 [球检测-帧237] 区域面积过滤: 面积3.0px 超出范围[25-500]
🎾 [球检测-帧237] 区域面积过滤: 面积67444.0px 超出范围[25-500]
🎾 [球检测-帧237] 区域面积过滤: 面积67905.0px 超出范围[25-500]
🎾 [球检测-帧237] 区域面积过滤: 面积42437.0px 超出范围[25-500]
🎾 [球检测-帧237] 区域面积过滤: 面积43873.0px 超出范围[25-500]
🎾 [球检测-帧237] 面积过滤后有效区域数: 1
🎾 [球检测-帧237] 形态学清理后像素数: 249 (减少了223427)
🎾 [球检测-帧237] Hough参数(缩放后): minR=4, maxR=22, minDist=12
🎾 [球检测-帧237] Hough圆检测找到: 2 个圆
🎾 [球检测-帧237] 圆 1: 位置(663,511), 半径29px
🎾 [球检测-帧237] 圆 1: 质量分数 0.44
🎾 [球检测-帧237] 圆 2: 位置(681,491), 半径8px
🎾 [球检测-帧237] 圆 2: 质量分数 0.53
🎾 [球检测-帧237] 球 1: (663,511) ✅ 半径29px, 质量0.44, 圆度0.60, 边距209px 通过过滤
🎾 [球检测-帧237] 球 2: (681,491) ❌ 半径8px超出范围[9-45], 圆度0.56低于0.58
🎾 [球检测-帧237] 噪点过滤完成: 2 → 1 个球
🎾 [球检测-帧237] HSV检测结果: 1 个球
🎾 [球检测-帧237] 球 1: (663,511) ✅ 在边界内
🎾 [球检测-帧237] 边界过滤: 1 → 1 个球
🎾 [球检测-帧237] 最终检测结果: 1 个球
🎾 [球检测-帧238] 开始球检测 (帧尺寸: 1280x720)
🎾 [球检测-帧238] 图像预处理: 1280x720 → 640x360
🎾 [球检测-帧238] HSV颜色范围: [20,50,50] - [70,255,255]
🎾 [球检测-帧238] 颜色匹配像素数: 223689
🎾 [球检测-帧238] 面积阈值(缩放后): min=25 max=500
🎾 [球检测-帧238] 区域面积过滤: 面积3.0px 超出范围[25-500]
🎾 [球检测-帧238] 区域面积过滤: 面积67444.0px 超出范围[25-500]
🎾 [球检测-帧238] 区域面积过滤: 面积67905.0px 超出范围[25-500]
🎾 [球检测-帧238] 区域面积过滤: 面积42437.0px 超出范围[25-500]
🎾 [球检测-帧238] 区域面积过滤: 面积43873.0px 超出范围[25-500]
🎾 [球检测-帧238] 面积过滤后有效区域数: 1
🎾 [球检测-帧238] 形态学清理后像素数: 249 (减少了223440)
🎾 [球检测-帧238] Hough参数(缩放后): minR=4, maxR=22, minDist=12
🎾 [球检测-帧238] Hough圆检测找到: 2 个圆
🎾 [球检测-帧238] 圆 1: 位置(663,511), 半径29px
🎾 [球检测-帧238] 圆 1: 质量分数 0.44
🎾 [球检测-帧238] 圆 2: 位置(681,491), 半径8px
🎾 [球检测-帧238] 圆 2: 质量分数 0.53
🎾 [球检测-帧238] 球 1: (663,511) ✅ 半径29px, 质量0.44, 圆度0.60, 边距209px 通过过滤
🎾 [球检测-帧238] 球 2: (681,491) ❌ 半径8px超出范围[9-45], 圆度0.56低于0.58
🎾 [球检测-帧238] 噪点过滤完成: 2 → 1 个球
🎾 [球检测-帧238] HSV检测结果: 1 个球
🎾 [球检测-帧238] 球 1: (663,511) ✅ 在边界内
🎾 [球检测-帧238] 边界过滤: 1 → 1 个球
🎾 [球检测-帧238] 最终检测结果: 1 个球
🎾 [球检测-帧239] 开始球检测 (帧尺寸: 1280x720)
🎾 [球检测-帧239] 图像预处理: 1280x720 → 640x360
🎾 [球检测-帧239] HSV颜色范围: [20,50,50] - [70,255,255]
🎾 [球检测-帧239] 颜色匹配像素数: 223664
🎾 [球检测-帧239] 面积阈值(缩放后): min=25 max=500
🎾 [球检测-帧239] 区域面积过滤: 面积20.0px 超出范围[25-500]
🎾 [球检测-帧239] 区域面积过滤: 面积67449.5px 超出范围[25-500]
🎾 [球检测-帧239] 区域面积过滤: 面积67905.0px 超出范围[25-500]
🎾 [球检测-帧239] 区域面积过滤: 面积42437.0px 超出范围[25-500]
🎾 [球检测-帧239] 区域面积过滤: 面积43873.0px 超出范围[25-500]
🎾 [球检测-帧239] 面积过滤后有效区域数: 1
🎾 [球检测-帧239] 形态学清理后像素数: 184 (减少了223480)
🎾 [球检测-帧239] Hough参数(缩放后): minR=4, maxR=22, minDist=12
🎾 [球检测-帧239] Hough圆检测找到: 1 个圆
🎾 [球检测-帧239] 圆 1: 位置(677,517), 半径14px
🎾 [球检测-帧239] 圆 1: 质量分数 0.71
🎾 [球检测-帧239] 球 1: (677,517) ✅ 半径14px, 质量0.71, 圆度0.77, 边距203px 通过过滤
🎾 [球检测-帧239] 噪点过滤完成: 1 → 1 个球
🎾 [球检测-帧239] HSV检测结果: 1 个球
🎾 [球检测-帧239] 球 1: (677,517) ✅ 在边界内
🎾 [球检测-帧239] 边界过滤: 1 → 1 个球
🎾 [球检测-帧239] 最终检测结果: 1 个球
🎾 [球检测-帧240] 开始球检测 (帧尺寸: 1280x720)
🎾 [球检测-帧240] 图像预处理: 1280x720 → 640x360
🎾 [球检测-帧240] HSV颜色范围: [20,50,50] - [70,255,255]
🎾 [球检测-帧240] 颜色匹配像素数: 223666
🎾 [球检测-帧240] 面积阈值(缩放后): min=25 max=500
🎾 [球检测-帧240] 区域面积过滤: 面积17.5px 超出范围[25-500]
🎾 [球检测-帧240] 区域面积过滤: 面积67449.5px 超出范围[25-500]
🎾 [球检测-帧240] 区域面积过滤: 面积67905.0px 超出范围[25-500]
🎾 [球检测-帧240] 区域面积过滤: 面积42437.0px 超出范围[25-500]
🎾 [球检测-帧240] 区域面积过滤: 面积43873.0px 超出范围[25-500]
🎾 [球检测-帧240] 面积过滤后有效区域数: 1
🎾 [球检测-帧240] 形态学清理后像素数: 184 (减少了223482)
🎾 [球检测-帧240] Hough参数(缩放后): minR=4, maxR=22, minDist=12
🎾 [球检测-帧240] Hough圆检测找到: 1 个圆
🎾 [球检测-帧240] 圆 1: 位置(677,517), 半径14px
🎾 [球检测-帧240] 圆 1: 质量分数 0.71
🎾 [球检测-帧240] 球 1: (677,517) ✅ 半径14px, 质量0.71, 圆度0.77, 边距203px 通过过滤
🎾 [球检测-帧240] 噪点过滤完成: 1 → 1 个球
🎾 [球检测-帧240] HSV检测结果: 1 个球
🎾 [球检测-帧240] 球 1: (677,517) ✅ 在边界内
🎾 [球检测-帧240] 边界过滤: 1 → 1 个球
🎾 [球检测-帧240] 最终检测结果: 1 个球
🎾 [球检测-帧240] 调试帧已保存: debug_frames/ball_debug_frame_0240.jpg
🎾 [球检测-帧241] 开始球检测 (帧尺寸: 1280x720)
🎾 [球检测-帧241] 图像预处理: 1280x720 → 640x360
🎾 [球检测-帧241] HSV颜色范围: [20,50,50] - [70,255,255]
🎾 [球检测-帧241] 颜色匹配像素数: 223668
🎾 [球检测-帧241] 面积阈值(缩放后): min=25 max=500
🎾 [球检测-帧241] 区域面积过滤: 面积17.5px 超出范围[25-500]
🎾 [球检测-帧241] 区域面积过滤: 面积67449.5px 超出范围[25-500]
🎾 [球检测-帧241] 区域面积过滤: 面积67905.0px 超出范围[25-500]
🎾 [球检测-帧241] 区域面积过滤: 面积42437.0px 超出范围[25-500]
🎾 [球检测-帧241] 区域面积过滤: 面积43873.0px 超出范围[25-500]
🎾 [球检测-帧241] 面积过滤后有效区域数: 1
🎾 [球检测-帧241] 形态学清理后像素数: 184 (减少了223484)
🎾 [球检测-帧241] Hough参数(缩放后): minR=4, maxR=22, minDist=12
🎾 [球检测-帧241] Hough圆检测找到: 1 个圆
🎾 [球检测-帧241] 圆 1: 位置(677,517), 半径14px
🎾 [球检测-帧241] 圆 1: 质量分数 0.71
🎾 [球检测-帧241] 球 1: (677,517) ✅ 半径14px, 质量0.71, 圆度0.77, 边距203px 通过过滤
🎾 [球检测-帧241] 噪点过滤完成: 1 → 1 个球
🎾 [球检测-帧241] HSV检测结果: 1 个球
🎾 [球检测-帧241] 球 1: (677,517) ✅ 在边界内
🎾 [球检测-帧241] 边界过滤: 1 → 1 个球
🎾 [球检测-帧241] 最终检测结果: 1 个球
🎾 [球检测-帧242] 开始球检测 (帧尺寸: 1280x720)
🎾 [球检测-帧242] 图像预处理: 1280x720 → 640x360
🎾 [球检测-帧242] HSV颜色范围: [20,50,50] - [70,255,255]
🎾 [球检测-帧242] 颜色匹配像素数: 223659
🎾 [球检测-帧242] 面积阈值(缩放后): min=25 max=500
🎾 [球检测-帧242] 区域面积过滤: 面积16.0px 超出范围[25-500]
🎾 [球检测-帧242] 区域面积过滤: 面积67461.5px 超出范围[25-500]
🎾 [球检测-帧242] 区域面积过滤: 面积67905.0px 超出范围[25-500]
🎾 [球检测-帧242] 区域面积过滤: 面积42437.0px 超出范围[25-500]
🎾 [球检测-帧242] 区域面积过滤: 面积43873.0px 超出范围[25-500]
🎾 [球检测-帧242] 面积过滤后有效区域数: 1
🎾 [球检测-帧242] 形态学清理后像素数: 175 (减少了223484)
🎾 [球检测-帧242] Hough参数(缩放后): minR=4, maxR=22, minDist=12
🎾 [球检测-帧242] Hough圆检测找到: 1 个圆
🎾 [球检测-帧242] 圆 1: 位置(675,517), 半径14px
🎾 [球检测-帧242] 圆 1: 质量分数 0.70
🎾 [球检测-帧242] 球 1: (675,517) ✅ 半径14px, 质量0.70, 圆度0.77, 边距203px 通过过滤
🎾 [球检测-帧242] 噪点过滤完成: 1 → 1 个球
🎾 [球检测-帧242] HSV检测结果: 1 个球
🎾 [球检测-帧242] 球 1: (675,517) ✅ 在边界内
🎾 [球检测-帧242] 边界过滤: 1 → 1 个球
🎾 [球检测-帧242] 最终检测结果: 1 个球
🎾 [球检测-帧243] 开始球检测 (帧尺寸: 1280x720)
🎾 [球检测-帧243] 图像预处理: 1280x720 → 640x360
🎾 [球检测-帧243] HSV颜色范围: [20,50,50] - [70,255,255]
🎾 [球检测-帧243] 颜色匹配像素数: 223651
🎾 [球检测-帧243] 面积阈值(缩放后): min=25 max=500
🎾 [球检测-帧243] 区域面积过滤: 面积16.0px 超出范围[25-500]
🎾 [球检测-帧243] 区域面积过滤: 面积67461.5px 超出范围[25-500]
🎾 [球检测-帧243] 区域面积过滤: 面积67905.0px 超出范围[25-500]
🎾 [球检测-帧243] 区域面积过滤: 面积42437.0px 超出范围[25-500]
🎾 [球检测-帧243] 区域面积过滤: 面积43873.0px 超出范围[25-500]
🎾 [球检测-帧243] 面积过滤后有效区域数: 1
🎾 [球检测-帧243] 形态学清理后像素数: 175 (减少了223476)
🎾 [球检测-帧243] Hough参数(缩放后): minR=4, maxR=22, minDist=12
🎾 [球检测-帧243] Hough圆检测找到: 1 个圆
🎾 [球检测-帧243] 圆 1: 位置(675,517), 半径14px
🎾 [球检测-帧243] 圆 1: 质量分数 0.70
🎾 [球检测-帧243] 球 1: (675,517) ✅ 半径14px, 质量0.70, 圆度0.77, 边距203px 通过过滤
🎾 [球检测-帧243] 噪点过滤完成: 1 → 1 个球
🎾 [球检测-帧243] HSV检测结果: 1 个球
🎾 [球检测-帧243] 球 1: (675,517) ✅ 在边界内
🎾 [球检测-帧243] 边界过滤: 1 → 1 个球
🎾 [球检测-帧243] 最终检测结果: 1 个球
🎾 [球检测-帧244] 开始球检测 (帧尺寸: 1280x720)
🎾 [球检测-帧244] 图像预处理: 1280x720 → 640x360
🎾 [球检测-帧244] HSV颜色范围: [20,50,50] - [70,255,255]
🎾 [球检测-帧244] 颜色匹配像素数: 223659
🎾 [球检测-帧244] 面积阈值(缩放后): min=25 max=500
🎾 [球检测-帧244] 区域面积过滤: 面积16.0px 超出范围[25-500]
🎾 [球检测-帧244] 区域面积过滤: 面积67461.5px 超出范围[25-500]
🎾 [球检测-帧244] 区域面积过滤: 面积67905.0px 超出范围[25-500]
🎾 [球检测-帧244] 区域面积过滤: 面积42437.0px 超出范围[25-500]
🎾 [球检测-帧244] 区域面积过滤: 面积43873.0px 超出范围[25-500]
🎾 [球检测-帧244] 面积过滤后有效区域数: 1
🎾 [球检测-帧244] 形态学清理后像素数: 175 (减少了223484)
🎾 [球检测-帧244] Hough参数(缩放后): minR=4, maxR=22, minDist=12
🎾 [球检测-帧244] Hough圆检测找到: 1 个圆
🎾 [球检测-帧244] 圆 1: 位置(675,517), 半径14px
🎾 [球检测-帧244] 圆 1: 质量分数 0.70
🎾 [球检测-帧244] 球 1: (675,517) ✅ 半径14px, 质量0.70, 圆度0.77, 边距203px 通过过滤
🎾 [球检测-帧244] 噪点过滤完成: 1 → 1 个球
🎾 [球检测-帧244] HSV检测结果: 1 个球
🎾 [球检测-帧244] 球 1: (675,517) ✅ 在边界内
🎾 [球检测-帧244] 边界过滤: 1 → 1 个球
🎾 [球检测-帧244] 最终检测结果: 1 个球
🎾 [球检测-帧245] 开始球检测 (帧尺寸: 1280x720)
🎾 [球检测-帧245] 图像预处理: 1280x720 → 640x360
🎾 [球检测-帧245] HSV颜色范围: [20,50,50] - [70,255,255]
🎾 [球检测-帧245] 颜色匹配像素数: 223656
🎾 [球检测-帧245] 面积阈值(缩放后): min=25 max=500
🎾 [球检测-帧245] 区域面积过滤: 面积16.5px 超出范围[25-500]
🎾 [球检测-帧245] 区域面积过滤: 面积67470.0px 超出范围[25-500]
🎾 [球检测-帧245] 区域面积过滤: 面积67905.0px 超出范围[25-500]
🎾 [球检测-帧245] 区域面积过滤: 面积42437.0px 超出范围[25-500]
🎾 [球检测-帧245] 区域面积过滤: 面积43873.0px 超出范围[25-500]
🎾 [球检测-帧245] 面积过滤后有效区域数: 1
🎾 [球检测-帧245] 形态学清理后像素数: 176 (减少了223480)
🎾 [球检测-帧245] Hough参数(缩放后): minR=4, maxR=22, minDist=12
🎾 [球检测-帧245] Hough圆检测找到: 1 个圆
🎾 [球检测-帧245] 圆 1: 位置(679,517), 半径13px
🎾 [球检测-帧245] 圆 1: 质量分数 0.73
🎾 [球检测-帧245] 球 1: (679,517) ✅ 半径13px, 质量0.73, 圆度0.78, 边距203px 通过过滤
🎾 [球检测-帧245] 噪点过滤完成: 1 → 1 个球
🎾 [球检测-帧245] HSV检测结果: 1 个球
🎾 [球检测-帧245] 球 1: (679,517) ✅ 在边界内
🎾 [球检测-帧245] 边界过滤: 1 → 1 个球
🎾 [球检测-帧245] 最终检测结果: 1 个球
🎾 [球检测-帧246] 开始球检测 (帧尺寸: 1280x720)
🎾 [球检测-帧246] 图像预处理: 1280x720 → 640x360
🎾 [球检测-帧246] HSV颜色范围: [20,50,50] - [70,255,255]
🎾 [球检测-帧246] 颜色匹配像素数: 223661
🎾 [球检测-帧246] 面积阈值(缩放后): min=25 max=500
🎾 [球检测-帧246] 区域面积过滤: 面积16.5px 超出范围[25-500]
🎾 [球检测-帧246] 区域面积过滤: 面积67470.0px 超出范围[25-500]
🎾 [球检测-帧246] 区域面积过滤: 面积67905.0px 超出范围[25-500]
🎾 [球检测-帧246] 区域面积过滤: 面积42437.0px 超出范围[25-500]
🎾 [球检测-帧246] 区域面积过滤: 面积43873.0px 超出范围[25-500]
🎾 [球检测-帧246] 面积过滤后有效区域数: 1
🎾 [球检测-帧246] 形态学清理后像素数: 176 (减少了223485)
🎾 [球检测-帧246] Hough参数(缩放后): minR=4, maxR=22, minDist=12
🎾 [球检测-帧246] Hough圆检测找到: 1 个圆
🎾 [球检测-帧246] 圆 1: 位置(679,517), 半径13px
🎾 [球检测-帧246] 圆 1: 质量分数 0.73
🎾 [球检测-帧246] 球 1: (679,517) ✅ 半径13px, 质量0.73, 圆度0.78, 边距203px 通过过滤
🎾 [球检测-帧246] 噪点过滤完成: 1 → 1 个球
🎾 [球检测-帧246] HSV检测结果: 1 个球
🎾 [球检测-帧246] 球 1: (679,517) ✅ 在边界内
🎾 [球检测-帧246] 边界过滤: 1 → 1 个球
🎾 [球检测-帧246] 最终检测结果: 1 个球
🎾 [球检测-帧247] 开始球检测 (帧尺寸: 1280x720)
🎾 [球检测-帧247] 图像预处理: 1280x720 → 640x360
🎾 [球检测-帧247] HSV颜色范围: [20,50,50] - [70,255,255]
🎾 [球检测-帧247] 颜色匹配像素数: 223643
🎾 [球检测-帧247] 面积阈值(缩放后): min=25 max=500
🎾 [球检测-帧247] 区域面积过滤: 面积16.5px 超出范围[25-500]
🎾 [球检测-帧247] 区域面积过滤: 面积67470.0px 超出范围[25-500]
🎾 [球检测-帧247] 区域面积过滤: 面积67905.0px 超出范围[25-500]
🎾 [球检测-帧247] 区域面积过滤: 面积42437.0px 超出范围[25-500]
🎾 [球检测-帧247] 区域面积过滤: 面积43873.0px 超出范围[25-500]
🎾 [球检测-帧247] 面积过滤后有效区域数: 1
🎾 [球检测-帧247] 形态学清理后像素数: 176 (减少了223467)
🎾 [球检测-帧247] Hough参数(缩放后): minR=4, maxR=22, minDist=12
🎾 [球检测-帧247] Hough圆检测找到: 1 个圆
🎾 [球检测-帧247] 圆 1: 位置(679,517), 半径13px
🎾 [球检测-帧247] 圆 1: 质量分数 0.73
🎾 [球检测-帧247] 球 1: (679,517) ✅ 半径13px, 质量0.73, 圆度0.78, 边距203px 通过过滤
🎾 [球检测-帧247] 噪点过滤完成: 1 → 1 个球
🎾 [球检测-帧247] HSV检测结果: 1 个球
🎾 [球检测-帧247] 球 1: (679,517) ✅ 在边界内
🎾 [球检测-帧247] 边界过滤: 1 → 1 个球
🎾 [球检测-帧247] 最终检测结果: 1 个球
🎾 [球检测-帧248] 开始球检测 (帧尺寸: 1280x720)
🎾 [球检测-帧248] 图像预处理: 1280x720 → 640x360
🎾 [球检测-帧248] HSV颜色范围: [20,50,50] - [70,255,255]
🎾 [球检测-帧248] 颜色匹配像素数: 223663
🎾 [球检测-帧248] 面积阈值(缩放后): min=25 max=500
🎾 [球检测-帧248] 区域面积过滤: 面积16.5px 超出范围[25-500]
🎾 [球检测-帧248] 区域面积过滤: 面积67470.0px 超出范围[25-500]
🎾 [球检测-帧248] 区域面积过滤: 面积67905.0px 超出范围[25-500]
🎾 [球检测-帧248] 区域面积过滤: 面积42437.0px 超出范围[25-500]
🎾 [球检测-帧248] 区域面积过滤: 面积43873.0px 超出范围[25-500]
🎾 [球检测-帧248] 面积过滤后有效区域数: 1
🎾 [球检测-帧248] 形态学清理后像素数: 176 (减少了223487)
🎾 [球检测-帧248] Hough参数(缩放后): minR=4, maxR=22, minDist=12
🎾 [球检测-帧248] Hough圆检测找到: 1 个圆
🎾 [球检测-帧248] 圆 1: 位置(679,517), 半径13px
🎾 [球检测-帧248] 圆 1: 质量分数 0.73
🎾 [球检测-帧248] 球 1: (679,517) ✅ 半径13px, 质量0.73, 圆度0.78, 边距203px 通过过滤
🎾 [球检测-帧248] 噪点过滤完成: 1 → 1 个球
🎾 [球检测-帧248] HSV检测结果: 1 个球
🎾 [球检测-帧248] 球 1: (679,517) ✅ 在边界内
🎾 [球检测-帧248] 边界过滤: 1 → 1 个球
🎾 [球检测-帧248] 最终检测结果: 1 个球
🎾 [球检测-帧249] 开始球检测 (帧尺寸: 1280x720)
🎾 [球检测-帧249] 图像预处理: 1280x720 → 640x360
🎾 [球检测-帧249] HSV颜色范围: [20,50,50] - [70,255,255]
🎾 [球检测-帧249] 颜色匹配像素数: 223656
🎾 [球检测-帧249] 面积阈值(缩放后): min=25 max=500
🎾 [球检测-帧249] 区域面积过滤: 面积17.0px 超出范围[25-500]
🎾 [球检测-帧249] 区域面积过滤: 面积67481.5px 超出范围[25-500]
🎾 [球检测-帧249] 区域面积过滤: 面积67905.0px 超出范围[25-500]
🎾 [球检测-帧249] 区域面积过滤: 面积42437.0px 超出范围[25-500]
🎾 [球检测-帧249] 区域面积过滤: 面积43873.0px 超出范围[25-500]
🎾 [球检测-帧249] 面积过滤后有效区域数: 1
🎾 [球检测-帧249] 形态学清理后像素数: 175 (减少了223481)
🎾 [球检测-帧249] Hough参数(缩放后): minR=4, maxR=22, minDist=12
🎾 [球检测-帧249] Hough圆检测找到: 1 个圆
🎾 [球检测-帧249] 圆 1: 位置(669,513), 半径19px
🎾 [球检测-帧249] 圆 1: 质量分数 0.56
🎾 [球检测-帧249] 球 1: (669,513) ❌ 圆度0.55低于0.58
🎾 [球检测-帧249] 噪点过滤完成: 1 → 0 个球
🎾 [球检测-帧249] HSV检测结果: 0 个球
🎾 [球检测-帧249] 边界过滤: 0 → 0 个球
🎾 [球检测-帧249] 最终检测结果: 0 个球
🎾 [球检测-帧250] 开始球检测 (帧尺寸: 1280x720)
🎾 [球检测-帧250] 图像预处理: 1280x720 → 640x360
🎾 [球检测-帧250] HSV颜色范围: [20,50,50] - [70,255,255]
🎾 [球检测-帧250] 颜色匹配像素数: 223662
🎾 [球检测-帧250] 面积阈值(缩放后): min=25 max=500
🎾 [球检测-帧250] 区域面积过滤: 面积17.0px 超出范围[25-500]
🎾 [球检测-帧250] 区域面积过滤: 面积67481.5px 超出范围[25-500]
🎾 [球检测-帧250] 区域面积过滤: 面积67905.0px 超出范围[25-500]
🎾 [球检测-帧250] 区域面积过滤: 面积42437.0px 超出范围[25-500]
🎾 [球检测-帧250] 区域面积过滤: 面积43873.0px 超出范围[25-500]
🎾 [球检测-帧250] 面积过滤后有效区域数: 1
🎾 [球检测-帧250] 形态学清理后像素数: 175 (减少了223487)
🎾 [球检测-帧250] Hough参数(缩放后): minR=4, maxR=22, minDist=12
🎾 [球检测-帧250] Hough圆检测找到: 1 个圆
🎾 [球检测-帧250] 圆 1: 位置(669,513), 半径19px
🎾 [球检测-帧250] 圆 1: 质量分数 0.56
🎾 [球检测-帧250] 球 1: (669,513) ❌ 圆度0.55低于0.58
🎾 [球检测-帧250] 噪点过滤完成: 1 → 0 个球
🎾 [球检测-帧250] HSV检测结果: 0 个球
🎾 [球检测-帧250] 边界过滤: 0 → 0 个球
🎾 [球检测-帧250] 最终检测结果: 0 个球
🎾 [球检测-帧250] 调试帧已保存: debug_frames/ball_debug_frame_0250.jpg
🎾 [球检测-帧251] 开始球检测 (帧尺寸: 1280x720)
🎾 [球检测-帧251] 图像预处理: 1280x720 → 640x360
🎾 [球检测-帧251] HSV颜色范围: [20,50,50] - [70,255,255]
🎾 [球检测-帧251] 颜色匹配像素数: 223694
🎾 [球检测-帧251] 面积阈值(缩放后): min=25 max=500
🎾 [球检测-帧251] 区域面积过滤: 面积15.5px 超出范围[25-500]
🎾 [球检测-帧251] 区域面积过滤: 面积67479.5px 超出范围[25-500]
🎾 [球检测-帧251] 区域面积过滤: 面积67904.0px 超出范围[25-500]
🎾 [球检测-帧251] 区域面积过滤: 面积42437.0px 超出范围[25-500]
🎾 [球检测-帧251] 区域面积过滤: 面积43873.0px 超出范围[25-500]
🎾 [球检测-帧251] 面积过滤后有效区域数: 1
🎾 [球检测-帧251] 形态学清理后像素数: 175 (减少了223519)
🎾 [球检测-帧251] Hough参数(缩放后): minR=4, maxR=22, minDist=12
🎾 [球检测-帧251] Hough圆检测找到: 1 个圆
🎾 [球检测-帧251] 圆 1: 位置(669,513), 半径19px
🎾 [球检测-帧251] 圆 1: 质量分数 0.56
🎾 [球检测-帧251] 球 1: (669,513) ❌ 圆度0.55低于0.58
🎾 [球检测-帧251] 噪点过滤完成: 1 → 0 个球
🎾 [球检测-帧251] HSV检测结果: 0 个球
🎾 [球检测-帧251] 边界过滤: 0 → 0 个球
🎾 [球检测-帧251] 最终检测结果: 0 个球
🎾 [球检测-帧252] 开始球检测 (帧尺寸: 1280x720)
🎾 [球检测-帧252] 图像预处理: 1280x720 → 640x360
🎾 [球检测-帧252] HSV颜色范围: [20,50,50] - [70,255,255]
🎾 [球检测-帧252] 颜色匹配像素数: 223692
🎾 [球检测-帧252] 面积阈值(缩放后): min=25 max=500
🎾 [球检测-帧252] 区域面积过滤: 面积15.5px 超出范围[25-500]
🎾 [球检测-帧252] 区域面积过滤: 面积67479.5px 超出范围[25-500]
🎾 [球检测-帧252] 区域面积过滤: 面积67904.0px 超出范围[25-500]
🎾 [球检测-帧252] 区域面积过滤: 面积42437.0px 超出范围[25-500]
🎾 [球检测-帧252] 区域面积过滤: 面积43873.0px 超出范围[25-500]
🎾 [球检测-帧252] 面积过滤后有效区域数: 1
🎾 [球检测-帧252] 形态学清理后像素数: 175 (减少了223517)
🎾 [球检测-帧252] Hough参数(缩放后): minR=4, maxR=22, minDist=12
🎾 [球检测-帧252] Hough圆检测找到: 1 个圆
🎾 [球检测-帧252] 圆 1: 位置(669,513), 半径19px
🎾 [球检测-帧252] 圆 1: 质量分数 0.56
🎾 [球检测-帧252] 球 1: (669,513) ❌ 圆度0.55低于0.58
🎾 [球检测-帧252] 噪点过滤完成: 1 → 0 个球
🎾 [球检测-帧252] HSV检测结果: 0 个球
🎾 [球检测-帧252] 边界过滤: 0 → 0 个球
🎾 [球检测-帧252] 最终检测结果: 0 个球
🎾 [球检测-帧253] 开始球检测 (帧尺寸: 1280x720)
🎾 [球检测-帧253] 图像预处理: 1280x720 → 640x360
🎾 [球检测-帧253] HSV颜色范围: [20,50,50] - [70,255,255]
🎾 [球检测-帧253] 颜色匹配像素数: 223694
🎾 [球检测-帧253] 面积阈值(缩放后): min=25 max=500
🎾 [球检测-帧253] 区域面积过滤: 面积14.0px 超出范围[25-500]
🎾 [球检测-帧253] 区域面积过滤: 面积67485.5px 超出范围[25-500]
🎾 [球检测-帧253] 区域面积过滤: 面积67904.0px 超出范围[25-500]
🎾 [球检测-帧253] 区域面积过滤: 面积42437.0px 超出范围[25-500]
🎾 [球检测-帧253] 区域面积过滤: 面积43873.0px 超出范围[25-500]
🎾 [球检测-帧253] 面积过滤后有效区域数: 1
🎾 [球检测-帧253] 形态学清理后像素数: 173 (减少了223521)
🎾 [球检测-帧253] Hough参数(缩放后): minR=4, maxR=22, minDist=12
🎾 [球检测-帧253] Hough圆检测找到: 1 个圆
🎾 [球检测-帧253] 圆 1: 位置(675,517), 半径12px
🎾 [球检测-帧253] 圆 1: 质量分数 0.70
🎾 [球检测-帧253] 球 1: (675,517) ✅ 半径12px, 质量0.70, 圆度0.76, 边距203px 通过过滤
🎾 [球检测-帧253] 噪点过滤完成: 1 → 1 个球
🎾 [球检测-帧253] HSV检测结果: 1 个球
🎾 [球检测-帧253] 球 1: (675,517) ✅ 在边界内
🎾 [球检测-帧253] 边界过滤: 1 → 1 个球
🎾 [球检测-帧253] 最终检测结果: 1 个球
🎾 [球检测-帧254] 开始球检测 (帧尺寸: 1280x720)
🎾 [球检测-帧254] 图像预处理: 1280x720 → 640x360
🎾 [球检测-帧254] HSV颜色范围: [20,50,50] - [70,255,255]
🎾 [球检测-帧254] 颜色匹配像素数: 223698
🎾 [球检测-帧254] 面积阈值(缩放后): min=25 max=500
🎾 [球检测-帧254] 区域面积过滤: 面积16.5px 超出范围[25-500]
🎾 [球检测-帧254] 区域面积过滤: 面积67490.0px 超出范围[25-500]
🎾 [球检测-帧254] 区域面积过滤: 面积67904.0px 超出范围[25-500]
🎾 [球检测-帧254] 区域面积过滤: 面积42437.0px 超出范围[25-500]
🎾 [球检测-帧254] 区域面积过滤: 面积43873.0px 超出范围[25-500]
🎾 [球检测-帧254] 面积过滤后有效区域数: 1
🎾 [球检测-帧254] 形态学清理后像素数: 169 (减少了223529)
🎾 [球检测-帧254] Hough参数(缩放后): minR=4, maxR=22, minDist=12
🎾 [球检测-帧254] Hough圆检测找到: 1 个圆
🎾 [球检测-帧254] 圆 1: 位置(675,517), 半径12px
🎾 [球检测-帧254] 圆 1: 质量分数 0.72
🎾 [球检测-帧254] 球 1: (675,517) ✅ 半径12px, 质量0.72, 圆度0.77, 边距203px 通过过滤
🎾 [球检测-帧254] 噪点过滤完成: 1 → 1 个球
🎾 [球检测-帧254] HSV检测结果: 1 个球
🎾 [球检测-帧254] 球 1: (675,517) ✅ 在边界内
🎾 [球检测-帧254] 边界过滤: 1 → 1 个球
🎾 [球检测-帧254] 最终检测结果: 1 个球
🎾 [球检测-帧255] 开始球检测 (帧尺寸: 1280x720)
🎾 [球检测-帧255] 图像预处理: 1280x720 → 640x360
🎾 [球检测-帧255] HSV颜色范围: [20,50,50] - [70,255,255]
🎾 [球检测-帧255] 颜色匹配像素数: 223686
🎾 [球检测-帧255] 面积阈值(缩放后): min=25 max=500
🎾 [球检测-帧255] 区域面积过滤: 面积16.5px 超出范围[25-500]
🎾 [球检测-帧255] 区域面积过滤: 面积67490.0px 超出范围[25-500]
🎾 [球检测-帧255] 区域面积过滤: 面积67904.0px 超出范围[25-500]
🎾 [球检测-帧255] 区域面积过滤: 面积42437.0px 超出范围[25-500]
🎾 [球检测-帧255] 区域面积过滤: 面积43873.0px 超出范围[25-500]
🎾 [球检测-帧255] 面积过滤后有效区域数: 1
🎾 [球检测-帧255] 形态学清理后像素数: 169 (减少了223517)
🎾 [球检测-帧255] Hough参数(缩放后): minR=4, maxR=22, minDist=12
🎾 [球检测-帧255] Hough圆检测找到: 1 个圆
🎾 [球检测-帧255] 圆 1: 位置(675,517), 半径12px
🎾 [球检测-帧255] 圆 1: 质量分数 0.72
🎾 [球检测-帧255] 球 1: (675,517) ✅ 半径12px, 质量0.72, 圆度0.77, 边距203px 通过过滤
🎾 [球检测-帧255] 噪点过滤完成: 1 → 1 个球
🎾 [球检测-帧255] HSV检测结果: 1 个球
🎾 [球检测-帧255] 球 1: (675,517) ✅ 在边界内
🎾 [球检测-帧255] 边界过滤: 1 → 1 个球
🎾 [球检测-帧255] 最终检测结果: 1 个球
🎾 [球检测-帧256] 开始球检测 (帧尺寸: 1280x720)
🎾 [球检测-帧256] 图像预处理: 1280x720 → 640x360
🎾 [球检测-帧256] HSV颜色范围: [20,50,50] - [70,255,255]
🎾 [球检测-帧256] 颜色匹配像素数: 223698
🎾 [球检测-帧256] 面积阈值(缩放后): min=25 max=500
🎾 [球检测-帧256] 区域面积过滤: 面积16.5px 超出范围[25-500]
🎾 [球检测-帧256] 区域面积过滤: 面积67490.0px 超出范围[25-500]
🎾 [球检测-帧256] 区域面积过滤: 面积67904.0px 超出范围[25-500]
🎾 [球检测-帧256] 区域面积过滤: 面积42437.0px 超出范围[25-500]
🎾 [球检测-帧256] 区域面积过滤: 面积43873.0px 超出范围[25-500]
🎾 [球检测-帧256] 面积过滤后有效区域数: 1
🎾 [球检测-帧256] 形态学清理后像素数: 169 (减少了223529)
🎾 [球检测-帧256] Hough参数(缩放后): minR=4, maxR=22, minDist=12
🎾 [球检测-帧256] Hough圆检测找到: 1 个圆
🎾 [球检测-帧256] 圆 1: 位置(675,517), 半径12px
🎾 [球检测-帧256] 圆 1: 质量分数 0.72
🎾 [球检测-帧256] 球 1: (675,517) ✅ 半径12px, 质量0.72, 圆度0.77, 边距203px 通过过滤
🎾 [球检测-帧256] 噪点过滤完成: 1 → 1 个球
🎾 [球检测-帧256] HSV检测结果: 1 个球
🎾 [球检测-帧256] 球 1: (675,517) ✅ 在边界内
🎾 [球检测-帧256] 边界过滤: 1 → 1 个球
🎾 [球检测-帧256] 最终检测结果: 1 个球
🎾 [球检测-帧257] 开始球检测 (帧尺寸: 1280x720)
🎾 [球检测-帧257] 图像预处理: 1280x720 → 640x360
🎾 [球检测-帧257] HSV颜色范围: [20,50,50] - [70,255,255]
🎾 [球检测-帧257] 颜色匹配像素数: 223697
🎾 [球检测-帧257] 面积阈值(缩放后): min=25 max=500
🎾 [球检测-帧257] 区域面积过滤: 面积16.5px 超出范围[25-500]
🎾 [球检测-帧257] 区域面积过滤: 面积67490.0px 超出范围[25-500]
🎾 [球检测-帧257] 区域面积过滤: 面积67904.0px 超出范围[25-500]
🎾 [球检测-帧257] 区域面积过滤: 面积42437.0px 超出范围[25-500]
🎾 [球检测-帧257] 区域面积过滤: 面积43873.0px 超出范围[25-500]
🎾 [球检测-帧257] 面积过滤后有效区域数: 1
🎾 [球检测-帧257] 形态学清理后像素数: 169 (减少了223528)
🎾 [球检测-帧257] Hough参数(缩放后): minR=4, maxR=22, minDist=12
🎾 [球检测-帧257] Hough圆检测找到: 1 个圆
🎾 [球检测-帧257] 圆 1: 位置(675,517), 半径12px
🎾 [球检测-帧257] 圆 1: 质量分数 0.72
🎾 [球检测-帧257] 球 1: (675,517) ✅ 半径12px, 质量0.72, 圆度0.77, 边距203px 通过过滤
🎾 [球检测-帧257] 噪点过滤完成: 1 → 1 个球
🎾 [球检测-帧257] HSV检测结果: 1 个球
🎾 [球检测-帧257] 球 1: (675,517) ✅ 在边界内
🎾 [球检测-帧257] 边界过滤: 1 → 1 个球
🎾 [球检测-帧257] 最终检测结果: 1 个球
🎾 [球检测-帧258] 开始球检测 (帧尺寸: 1280x720)
🎾 [球检测-帧258] 图像预处理: 1280x720 → 640x360
🎾 [球检测-帧258] HSV颜色范围: [20,50,50] - [70,255,255]
🎾 [球检测-帧258] 颜色匹配像素数: 223705
🎾 [球检测-帧258] 面积阈值(缩放后): min=25 max=500
🎾 [球检测-帧258] 区域面积过滤: 面积16.5px 超出范围[25-500]
🎾 [球检测-帧258] 区域面积过滤: 面积67490.0px 超出范围[25-500]
🎾 [球检测-帧258] 区域面积过滤: 面积67904.0px 超出范围[25-500]
🎾 [球检测-帧258] 区域面积过滤: 面积42437.0px 超出范围[25-500]
🎾 [球检测-帧258] 区域面积过滤: 面积43873.0px 超出范围[25-500]
🎾 [球检测-帧258] 面积过滤后有效区域数: 1
🎾 [球检测-帧258] 形态学清理后像素数: 169 (减少了223536)
🎾 [球检测-帧258] Hough参数(缩放后): minR=4, maxR=22, minDist=12
🎾 [球检测-帧258] Hough圆检测找到: 1 个圆
🎾 [球检测-帧258] 圆 1: 位置(675,517), 半径12px
🎾 [球检测-帧258] 圆 1: 质量分数 0.72
🎾 [球检测-帧258] 球 1: (675,517) ✅ 半径12px, 质量0.72, 圆度0.77, 边距203px 通过过滤
🎾 [球检测-帧258] 噪点过滤完成: 1 → 1 个球
🎾 [球检测-帧258] HSV检测结果: 1 个球
🎾 [球检测-帧258] 球 1: (675,517) ✅ 在边界内
🎾 [球检测-帧258] 边界过滤: 1 → 1 个球
🎾 [球检测-帧258] 最终检测结果: 1 个球
🎾 [球检测-帧259] 开始球检测 (帧尺寸: 1280x720)
🎾 [球检测-帧259] 图像预处理: 1280x720 → 640x360
🎾 [球检测-帧259] HSV颜色范围: [20,50,50] - [70,255,255]
🎾 [球检测-帧259] 颜色匹配像素数: 223688
🎾 [球检测-帧259] 面积阈值(缩放后): min=25 max=500
🎾 [球检测-帧259] 区域面积过滤: 面积20.5px 超出范围[25-500]
🎾 [球检测-帧259] 区域面积过滤: 面积67490.0px 超出范围[25-500]
🎾 [球检测-帧259] 区域面积过滤: 面积67904.0px 超出范围[25-500]
🎾 [球检测-帧259] 区域面积过滤: 面积42437.0px 超出范围[25-500]
🎾 [球检测-帧259] 区域面积过滤: 面积43873.0px 超出范围[25-500]
🎾 [球检测-帧259] 面积过滤后有效区域数: 1
🎾 [球检测-帧259] 形态学清理后像素数: 162 (减少了223526)
🎾 [球检测-帧259] Hough参数(缩放后): minR=4, maxR=22, minDist=12
🎾 [球检测-帧259] Hough圆检测找到: 1 个圆
🎾 [球检测-帧259] 圆 1: 位置(673,513), 半径12px
🎾 [球检测-帧259] 圆 1: 质量分数 0.69
🎾 [球检测-帧259] 球 1: (673,513) ❌ 圆度0.47低于0.58
🎾 [球检测-帧259] 噪点过滤完成: 1 → 0 个球
🎾 [球检测-帧259] HSV检测结果: 0 个球
🎾 [球检测-帧259] 边界过滤: 0 → 0 个球
🎾 [球检测-帧259] 最终检测结果: 0 个球
🎾 [球检测-帧260] 开始球检测 (帧尺寸: 1280x720)
🎾 [球检测-帧260] 图像预处理: 1280x720 → 640x360
🎾 [球检测-帧260] HSV颜色范围: [20,50,50] - [70,255,255]
🎾 [球检测-帧260] 颜色匹配像素数: 223687
🎾 [球检测-帧260] 面积阈值(缩放后): min=25 max=500
🎾 [球检测-帧260] 区域面积过滤: 面积20.5px 超出范围[25-500]
🎾 [球检测-帧260] 区域面积过滤: 面积67490.0px 超出范围[25-500]
🎾 [球检测-帧260] 区域面积过滤: 面积67904.0px 超出范围[25-500]
🎾 [球检测-帧260] 区域面积过滤: 面积42437.0px 超出范围[25-500]
🎾 [球检测-帧260] 区域面积过滤: 面积43873.0px 超出范围[25-500]
🎾 [球检测-帧260] 面积过滤后有效区域数: 1
🎾 [球检测-帧260] 形态学清理后像素数: 162 (减少了223525)
🎾 [球检测-帧260] Hough参数(缩放后): minR=4, maxR=22, minDist=12
🎾 [球检测-帧260] Hough圆检测找到: 1 个圆
🎾 [球检测-帧260] 圆 1: 位置(673,513), 半径12px
🎾 [球检测-帧260] 圆 1: 质量分数 0.69
🎾 [球检测-帧260] 球 1: (673,513) ❌ 圆度0.47低于0.58
🎾 [球检测-帧260] 噪点过滤完成: 1 → 0 个球
🎾 [球检测-帧260] HSV检测结果: 0 个球
🎾 [球检测-帧260] 边界过滤: 0 → 0 个球
🎾 [球检测-帧260] 最终检测结果: 0 个球
🎾 [球检测-帧260] 调试帧已保存: debug_frames/ball_debug_frame_0260.jpg
🎾 [球检测-帧261] 开始球检测 (帧尺寸: 1280x720)
🎾 [球检测-帧261] 图像预处理: 1280x720 → 640x360
🎾 [球检测-帧261] HSV颜色范围: [20,50,50] - [70,255,255]
🎾 [球检测-帧261] 颜色匹配像素数: 223699
🎾 [球检测-帧261] 面积阈值(缩放后): min=25 max=500
🎾 [球检测-帧261] 区域面积过滤: 面积20.5px 超出范围[25-500]
🎾 [球检测-帧261] 区域面积过滤: 面积67490.0px 超出范围[25-500]
🎾 [球检测-帧261] 区域面积过滤: 面积67904.0px 超出范围[25-500]
🎾 [球检测-帧261] 区域面积过滤: 面积42437.0px 超出范围[25-500]
🎾 [球检测-帧261] 区域面积过滤: 面积43873.0px 超出范围[25-500]
🎾 [球检测-帧261] 面积过滤后有效区域数: 1
🎾 [球检测-帧261] 形态学清理后像素数: 162 (减少了223537)
🎾 [球检测-帧261] Hough参数(缩放后): minR=4, maxR=22, minDist=12
🎾 [球检测-帧261] Hough圆检测找到: 1 个圆
🎾 [球检测-帧261] 圆 1: 位置(673,513), 半径12px
🎾 [球检测-帧261] 圆 1: 质量分数 0.69
🎾 [球检测-帧261] 球 1: (673,513) ❌ 圆度0.47低于0.58
🎾 [球检测-帧261] 噪点过滤完成: 1 → 0 个球
🎾 [球检测-帧261] HSV检测结果: 0 个球
🎾 [球检测-帧261] 边界过滤: 0 → 0 个球
🎾 [球检测-帧261] 最终检测结果: 0 个球
🎾 [球检测-帧262] 开始球检测 (帧尺寸: 1280x720)
🎾 [球检测-帧262] 图像预处理: 1280x720 → 640x360
🎾 [球检测-帧262] HSV颜色范围: [20,50,50] - [70,255,255]
🎾 [球检测-帧262] 颜色匹配像素数: 223694
🎾 [球检测-帧262] 面积阈值(缩放后): min=25 max=500
🎾 [球检测-帧262] 区域面积过滤: 面积20.5px 超出范围[25-500]
🎾 [球检测-帧262] 区域面积过滤: 面积67490.0px 超出范围[25-500]
🎾 [球检测-帧262] 区域面积过滤: 面积67904.0px 超出范围[25-500]
🎾 [球检测-帧262] 区域面积过滤: 面积42437.0px 超出范围[25-500]
🎾 [球检测-帧262] 区域面积过滤: 面积43873.0px 超出范围[25-500]
🎾 [球检测-帧262] 面积过滤后有效区域数: 1
🎾 [球检测-帧262] 形态学清理后像素数: 162 (减少了223532)
🎾 [球检测-帧262] Hough参数(缩放后): minR=4, maxR=22, minDist=12
🎾 [球检测-帧262] Hough圆检测找到: 1 个圆
🎾 [球检测-帧262] 圆 1: 位置(673,513), 半径12px
🎾 [球检测-帧262] 圆 1: 质量分数 0.69
🎾 [球检测-帧262] 球 1: (673,513) ❌ 圆度0.47低于0.58
🎾 [球检测-帧262] 噪点过滤完成: 1 → 0 个球
🎾 [球检测-帧262] HSV检测结果: 0 个球
🎾 [球检测-帧262] 边界过滤: 0 → 0 个球
🎾 [球检测-帧262] 最终检测结果: 0 个球
🎾 [球检测-帧263] 开始球检测 (帧尺寸: 1280x720)
🎾 [球检测-帧263] 图像预处理: 1280x720 → 640x360
🎾 [球检测-帧263] HSV颜色范围: [20,50,50] - [70,255,255]
🎾 [球检测-帧263] 颜色匹配像素数: 223687
🎾 [球检测-帧263] 面积阈值(缩放后): min=25 max=500
🎾 [球检测-帧263] 区域面积过滤: 面积20.5px 超出范围[25-500]
🎾 [球检测-帧263] 区域面积过滤: 面积67490.0px 超出范围[25-500]
🎾 [球检测-帧263] 区域面积过滤: 面积67904.0px 超出范围[25-500]
🎾 [球检测-帧263] 区域面积过滤: 面积42437.0px 超出范围[25-500]
🎾 [球检测-帧263] 区域面积过滤: 面积43873.0px 超出范围[25-500]
🎾 [球检测-帧263] 面积过滤后有效区域数: 1
🎾 [球检测-帧263] 形态学清理后像素数: 162 (减少了223525)
🎾 [球检测-帧263] Hough参数(缩放后): minR=4, maxR=22, minDist=12
🎾 [球检测-帧263] Hough圆检测找到: 1 个圆
🎾 [球检测-帧263] 圆 1: 位置(673,513), 半径12px
🎾 [球检测-帧263] 圆 1: 质量分数 0.69
🎾 [球检测-帧263] 球 1: (673,513) ❌ 圆度0.47低于0.58
🎾 [球检测-帧263] 噪点过滤完成: 1 → 0 个球
🎾 [球检测-帧263] HSV检测结果: 0 个球
🎾 [球检测-帧263] 边界过滤: 0 → 0 个球
🎾 [球检测-帧263] 最终检测结果: 0 个球
🎾 [球检测-帧264] 开始球检测 (帧尺寸: 1280x720)
🎾 [球检测-帧264] 图像预处理: 1280x720 → 640x360
🎾 [球检测-帧264] HSV颜色范围: [20,50,50] - [70,255,255]
🎾 [球检测-帧264] 颜色匹配像素数: 223692
🎾 [球检测-帧264] 面积阈值(缩放后): min=25 max=500
🎾 [球检测-帧264] 区域面积过滤: 面积20.5px 超出范围[25-500]
🎾 [球检测-帧264] 区域面积过滤: 面积67490.0px 超出范围[25-500]
🎾 [球检测-帧264] 区域面积过滤: 面积67904.0px 超出范围[25-500]
🎾 [球检测-帧264] 区域面积过滤: 面积42437.0px 超出范围[25-500]
🎾 [球检测-帧264] 区域面积过滤: 面积43873.0px 超出范围[25-500]
🎾 [球检测-帧264] 面积过滤后有效区域数: 1
🎾 [球检测-帧264] 形态学清理后像素数: 162 (减少了223530)
🎾 [球检测-帧264] Hough参数(缩放后): minR=4, maxR=22, minDist=12
🎾 [球检测-帧264] Hough圆检测找到: 1 个圆
🎾 [球检测-帧264] 圆 1: 位置(673,513), 半径12px
🎾 [球检测-帧264] 圆 1: 质量分数 0.69
🎾 [球检测-帧264] 球 1: (673,513) ❌ 圆度0.47低于0.58
🎾 [球检测-帧264] 噪点过滤完成: 1 → 0 个球
🎾 [球检测-帧264] HSV检测结果: 0 个球
🎾 [球检测-帧264] 边界过滤: 0 → 0 个球
🎾 [球检测-帧264] 最终检测结果: 0 个球
🎾 [球检测-帧265] 开始球检测 (帧尺寸: 1280x720)
🎾 [球检测-帧265] 图像预处理: 1280x720 → 640x360
🎾 [球检测-帧265] HSV颜色范围: [20,50,50] - [70,255,255]
🎾 [球检测-帧265] 颜色匹配像素数: 223689
🎾 [球检测-帧265] 面积阈值(缩放后): min=25 max=500
🎾 [球检测-帧265] 区域面积过滤: 面积20.5px 超出范围[25-500]
🎾 [球检测-帧265] 区域面积过滤: 面积67490.0px 超出范围[25-500]
🎾 [球检测-帧265] 区域面积过滤: 面积67904.0px 超出范围[25-500]
🎾 [球检测-帧265] 区域面积过滤: 面积42437.0px 超出范围[25-500]
🎾 [球检测-帧265] 区域面积过滤: 面积43873.0px 超出范围[25-500]
🎾 [球检测-帧265] 面积过滤后有效区域数: 1
🎾 [球检测-帧265] 形态学清理后像素数: 162 (减少了223527)
🎾 [球检测-帧265] Hough参数(缩放后): minR=4, maxR=22, minDist=12
🎾 [球检测-帧265] Hough圆检测找到: 1 个圆
🎾 [球检测-帧265] 圆 1: 位置(673,513), 半径12px
🎾 [球检测-帧265] 圆 1: 质量分数 0.69
🎾 [球检测-帧265] 球 1: (673,513) ❌ 圆度0.47低于0.58
🎾 [球检测-帧265] 噪点过滤完成: 1 → 0 个球
🎾 [球检测-帧265] HSV检测结果: 0 个球
🎾 [球检测-帧265] 边界过滤: 0 → 0 个球
🎾 [球检测-帧265] 最终检测结果: 0 个球
🎾 [球检测-帧266] 开始球检测 (帧尺寸: 1280x720)
🎾 [球检测-帧266] 图像预处理: 1280x720 → 640x360
🎾 [球检测-帧266] HSV颜色范围: [20,50,50] - [70,255,255]
🎾 [球检测-帧266] 颜色匹配像素数: 223691
🎾 [球检测-帧266] 面积阈值(缩放后): min=25 max=500
🎾 [球检测-帧266] 区域面积过滤: 面积20.5px 超出范围[25-500]
🎾 [球检测-帧266] 区域面积过滤: 面积67490.0px 超出范围[25-500]
🎾 [球检测-帧266] 区域面积过滤: 面积67904.0px 超出范围[25-500]
🎾 [球检测-帧266] 区域面积过滤: 面积42437.0px 超出范围[25-500]
🎾 [球检测-帧266] 区域面积过滤: 面积43873.0px 超出范围[25-500]
🎾 [球检测-帧266] 面积过滤后有效区域数: 1
🎾 [球检测-帧266] 形态学清理后像素数: 162 (减少了223529)
🎾 [球检测-帧266] Hough参数(缩放后): minR=4, maxR=22, minDist=12
🎾 [球检测-帧266] Hough圆检测找到: 1 个圆
🎾 [球检测-帧266] 圆 1: 位置(673,513), 半径12px
🎾 [球检测-帧266] 圆 1: 质量分数 0.69
🎾 [球检测-帧266] 球 1: (673,513) ❌ 圆度0.47低于0.58
🎾 [球检测-帧266] 噪点过滤完成: 1 → 0 个球
🎾 [球检测-帧266] HSV检测结果: 0 个球
🎾 [球检测-帧266] 边界过滤: 0 → 0 个球
🎾 [球检测-帧266] 最终检测结果: 0 个球
🎾 [球检测-帧267] 开始球检测 (帧尺寸: 1280x720)
🎾 [球检测-帧267] 图像预处理: 1280x720 → 640x360
🎾 [球检测-帧267] HSV颜色范围: [20,50,50] - [70,255,255]
🎾 [球检测-帧267] 颜色匹配像素数: 223682
🎾 [球检测-帧267] 面积阈值(缩放后): min=25 max=500
🎾 [球检测-帧267] 区域面积过滤: 面积20.5px 超出范围[25-500]
🎾 [球检测-帧267] 区域面积过滤: 面积67490.0px 超出范围[25-500]
🎾 [球检测-帧267] 区域面积过滤: 面积67904.0px 超出范围[25-500]
🎾 [球检测-帧267] 区域面积过滤: 面积42437.0px 超出范围[25-500]
🎾 [球检测-帧267] 区域面积过滤: 面积43873.0px 超出范围[25-500]
🎾 [球检测-帧267] 面积过滤后有效区域数: 1
🎾 [球检测-帧267] 形态学清理后像素数: 162 (减少了223520)
🎾 [球检测-帧267] Hough参数(缩放后): minR=4, maxR=22, minDist=12
🎾 [球检测-帧267] Hough圆检测找到: 1 个圆
🎾 [球检测-帧267] 圆 1: 位置(673,513), 半径12px
🎾 [球检测-帧267] 圆 1: 质量分数 0.69
🎾 [球检测-帧267] 球 1: (673,513) ❌ 圆度0.47低于0.58
🎾 [球检测-帧267] 噪点过滤完成: 1 → 0 个球
🎾 [球检测-帧267] HSV检测结果: 0 个球
🎾 [球检测-帧267] 边界过滤: 0 → 0 个球
🎾 [球检测-帧267] 最终检测结果: 0 个球
🎾 [球检测-帧268] 开始球检测 (帧尺寸: 1280x720)
🎾 [球检测-帧268] 图像预处理: 1280x720 → 640x360
🎾 [球检测-帧268] HSV颜色范围: [20,50,50] - [70,255,255]
🎾 [球检测-帧268] 颜色匹配像素数: 223695
🎾 [球检测-帧268] 面积阈值(缩放后): min=25 max=500
🎾 [球检测-帧268] 区域面积过滤: 面积20.5px 超出范围[25-500]
🎾 [球检测-帧268] 区域面积过滤: 面积67490.0px 超出范围[25-500]
🎾 [球检测-帧268] 区域面积过滤: 面积67904.0px 超出范围[25-500]
🎾 [球检测-帧268] 区域面积过滤: 面积42437.0px 超出范围[25-500]
🎾 [球检测-帧268] 区域面积过滤: 面积43873.0px 超出范围[25-500]
🎾 [球检测-帧268] 面积过滤后有效区域数: 1
🎾 [球检测-帧268] 形态学清理后像素数: 162 (减少了223533)
🎾 [球检测-帧268] Hough参数(缩放后): minR=4, maxR=22, minDist=12
🎾 [球检测-帧268] Hough圆检测找到: 1 个圆
🎾 [球检测-帧268] 圆 1: 位置(673,513), 半径12px
🎾 [球检测-帧268] 圆 1: 质量分数 0.69
🎾 [球检测-帧268] 球 1: (673,513) ❌ 圆度0.47低于0.58
🎾 [球检测-帧268] 噪点过滤完成: 1 → 0 个球
🎾 [球检测-帧268] HSV检测结果: 0 个球
🎾 [球检测-帧268] 边界过滤: 0 → 0 个球
🎾 [球检测-帧268] 最终检测结果: 0 个球
🎾 [球检测-帧269] 开始球检测 (帧尺寸: 1280x720)
🎾 [球检测-帧269] 图像预处理: 1280x720 → 640x360
🎾 [球检测-帧269] HSV颜色范围: [20,50,50] - [70,255,255]
🎾 [球检测-帧269] 颜色匹配像素数: 223688
🎾 [球检测-帧269] 面积阈值(缩放后): min=25 max=500
🎾 [球检测-帧269] 区域面积过滤: 面积67490.5px 超出范围[25-500]
🎾 [球检测-帧269] 区域面积过滤: 面积67904.0px 超出范围[25-500]
🎾 [球检测-帧269] 区域面积过滤: 面积42437.0px 超出范围[25-500]
🎾 [球检测-帧269] 区域面积过滤: 面积43873.0px 超出范围[25-500]
🎾 [球检测-帧269] 面积过滤后有效区域数: 2
🎾 [球检测-帧269] 形态学清理后像素数: 229 (减少了223459)
🎾 [球检测-帧269] Hough参数(缩放后): minR=4, maxR=22, minDist=12
🎾 [球检测-帧269] Hough圆检测找到: 1 个圆
🎾 [球检测-帧269] 圆 1: 位置(675,509), 半径16px
🎾 [球检测-帧269] 圆 1: 质量分数 0.58
🎾 [球检测-帧269] 球 1: (675,509) ❌ 圆度0.57低于0.58
🎾 [球检测-帧269] 噪点过滤完成: 1 → 0 个球
🎾 [球检测-帧269] HSV检测结果: 0 个球
🎾 [球检测-帧269] 边界过滤: 0 → 0 个球
🎾 [球检测-帧269] 最终检测结果: 0 个球
🎾 [球检测-帧270] 开始球检测 (帧尺寸: 1280x720)
🎾 [球检测-帧270] 图像预处理: 1280x720 → 640x360
🎾 [球检测-帧270] HSV颜色范围: [20,50,50] - [70,255,255]
🎾 [球检测-帧270] 颜色匹配像素数: 223689
🎾 [球检测-帧270] 面积阈值(缩放后): min=25 max=500
🎾 [球检测-帧270] 区域面积过滤: 面积67490.5px 超出范围[25-500]
🎾 [球检测-帧270] 区域面积过滤: 面积67904.0px 超出范围[25-500]
🎾 [球检测-帧270] 区域面积过滤: 面积42437.0px 超出范围[25-500]
🎾 [球检测-帧270] 区域面积过滤: 面积43873.0px 超出范围[25-500]
🎾 [球检测-帧270] 面积过滤后有效区域数: 2
🎾 [球检测-帧270] 形态学清理后像素数: 229 (减少了223460)
🎾 [球检测-帧270] Hough参数(缩放后): minR=4, maxR=22, minDist=12
🎾 [球检测-帧270] Hough圆检测找到: 1 个圆
🎾 [球检测-帧270] 圆 1: 位置(675,509), 半径16px
🎾 [球检测-帧270] 圆 1: 质量分数 0.58
🎾 [球检测-帧270] 球 1: (675,509) ❌ 圆度0.57低于0.58
🎾 [球检测-帧270] 噪点过滤完成: 1 → 0 个球
🎾 [球检测-帧270] HSV检测结果: 0 个球
🎾 [球检测-帧270] 边界过滤: 0 → 0 个球
🎾 [球检测-帧270] 最终检测结果: 0 个球
🎾 [球检测-帧270] 调试帧已保存: debug_frames/ball_debug_frame_0270.jpg
🎾 [球检测-帧271] 开始球检测 (帧尺寸: 1280x720)
🎾 [球检测-帧271] 图像预处理: 1280x720 → 640x360
🎾 [球检测-帧271] HSV颜色范围: [20,50,50] - [70,255,255]
🎾 [球检测-帧271] 颜色匹配像素数: 223712
🎾 [球检测-帧271] 面积阈值(缩放后): min=25 max=500
🎾 [球检测-帧271] 区域面积过滤: 面积67490.5px 超出范围[25-500]
🎾 [球检测-帧271] 区域面积过滤: 面积67904.0px 超出范围[25-500]
🎾 [球检测-帧271] 区域面积过滤: 面积42437.0px 超出范围[25-500]
🎾 [球检测-帧271] 区域面积过滤: 面积43873.0px 超出范围[25-500]
🎾 [球检测-帧271] 面积过滤后有效区域数: 2
🎾 [球检测-帧271] 形态学清理后像素数: 229 (减少了223483)
🎾 [球检测-帧271] Hough参数(缩放后): minR=4, maxR=22, minDist=12
🎾 [球检测-帧271] Hough圆检测找到: 1 个圆
🎾 [球检测-帧271] 圆 1: 位置(675,509), 半径16px
🎾 [球检测-帧271] 圆 1: 质量分数 0.58
🎾 [球检测-帧271] 球 1: (675,509) ❌ 圆度0.57低于0.58
🎾 [球检测-帧271] 噪点过滤完成: 1 → 0 个球
🎾 [球检测-帧271] HSV检测结果: 0 个球
🎾 [球检测-帧271] 边界过滤: 0 → 0 个球
🎾 [球检测-帧271] 最终检测结果: 0 个球
🎾 [球检测-帧272] 开始球检测 (帧尺寸: 1280x720)
🎾 [球检测-帧272] 图像预处理: 1280x720 → 640x360
🎾 [球检测-帧272] HSV颜色范围: [20,50,50] - [70,255,255]
🎾 [球检测-帧272] 颜色匹配像素数: 223708
🎾 [球检测-帧272] 面积阈值(缩放后): min=25 max=500
🎾 [球检测-帧272] 区域面积过滤: 面积67490.5px 超出范围[25-500]
🎾 [球检测-帧272] 区域面积过滤: 面积67904.0px 超出范围[25-500]
🎾 [球检测-帧272] 区域面积过滤: 面积42437.0px 超出范围[25-500]
🎾 [球检测-帧272] 区域面积过滤: 面积43873.0px 超出范围[25-500]
🎾 [球检测-帧272] 面积过滤后有效区域数: 2
🎾 [球检测-帧272] 形态学清理后像素数: 229 (减少了223479)
🎾 [球检测-帧272] Hough参数(缩放后): minR=4, maxR=22, minDist=12
🎾 [球检测-帧272] Hough圆检测找到: 1 个圆
🎾 [球检测-帧272] 圆 1: 位置(675,509), 半径16px
🎾 [球检测-帧272] 圆 1: 质量分数 0.58
🎾 [球检测-帧272] 球 1: (675,509) ❌ 圆度0.57低于0.58
🎾 [球检测-帧272] 噪点过滤完成: 1 → 0 个球
🎾 [球检测-帧272] HSV检测结果: 0 个球
🎾 [球检测-帧272] 边界过滤: 0 → 0 个球
🎾 [球检测-帧272] 最终检测结果: 0 个球
🎾 [球检测-帧273] 开始球检测 (帧尺寸: 1280x720)
🎾 [球检测-帧273] 图像预处理: 1280x720 → 640x360
🎾 [球检测-帧273] HSV颜色范围: [20,50,50] - [70,255,255]
🎾 [球检测-帧273] 颜色匹配像素数: 223696
🎾 [球检测-帧273] 面积阈值(缩放后): min=25 max=500
🎾 [球检测-帧273] 区域面积过滤: 面积67490.5px 超出范围[25-500]
🎾 [球检测-帧273] 区域面积过滤: 面积67904.0px 超出范围[25-500]
🎾 [球检测-帧273] 区域面积过滤: 面积42437.0px 超出范围[25-500]
🎾 [球检测-帧273] 区域面积过滤: 面积43873.0px 超出范围[25-500]
🎾 [球检测-帧273] 面积过滤后有效区域数: 2
🎾 [球检测-帧273] 形态学清理后像素数: 229 (减少了223467)
🎾 [球检测-帧273] Hough参数(缩放后): minR=4, maxR=22, minDist=12
🎾 [球检测-帧273] Hough圆检测找到: 1 个圆
🎾 [球检测-帧273] 圆 1: 位置(675,509), 半径16px
🎾 [球检测-帧273] 圆 1: 质量分数 0.58
🎾 [球检测-帧273] 球 1: (675,509) ❌ 圆度0.57低于0.58
🎾 [球检测-帧273] 噪点过滤完成: 1 → 0 个球
🎾 [球检测-帧273] HSV检测结果: 0 个球
🎾 [球检测-帧273] 边界过滤: 0 → 0 个球
🎾 [球检测-帧273] 最终检测结果: 0 个球
🎾 [球检测-帧274] 开始球检测 (帧尺寸: 1280x720)
🎾 [球检测-帧274] 图像预处理: 1280x720 → 640x360
🎾 [球检测-帧274] HSV颜色范围: [20,50,50] - [70,255,255]
🎾 [球检测-帧274] 颜色匹配像素数: 223698
🎾 [球检测-帧274] 面积阈值(缩放后): min=25 max=500
🎾 [球检测-帧274] 区域面积过滤: 面积67489.5px 超出范围[25-500]
🎾 [球检测-帧274] 区域面积过滤: 面积67904.0px 超出范围[25-500]
🎾 [球检测-帧274] 区域面积过滤: 面积42437.0px 超出范围[25-500]
🎾 [球检测-帧274] 区域面积过滤: 面积43873.0px 超出范围[25-500]
🎾 [球检测-帧274] 面积过滤后有效区域数: 2
🎾 [球检测-帧274] 形态学清理后像素数: 226 (减少了223472)
🎾 [球检测-帧274] Hough参数(缩放后): minR=4, maxR=22, minDist=12
🎾 [球检测-帧274] Hough圆检测找到: 1 个圆
🎾 [球检测-帧274] 圆 1: 位置(673,511), 半径13px
🎾 [球检测-帧274] 圆 1: 质量分数 0.62
🎾 [球检测-帧274] 球 1: (673,511) ❌ 圆度0.54低于0.58
🎾 [球检测-帧274] 噪点过滤完成: 1 → 0 个球
🎾 [球检测-帧274] HSV检测结果: 0 个球
🎾 [球检测-帧274] 边界过滤: 0 → 0 个球
🎾 [球检测-帧274] 最终检测结果: 0 个球
🎾 [球检测-帧275] 开始球检测 (帧尺寸: 1280x720)
🎾 [球检测-帧275] 图像预处理: 1280x720 → 640x360
🎾 [球检测-帧275] HSV颜色范围: [20,50,50] - [70,255,255]
🎾 [球检测-帧275] 颜色匹配像素数: 223698
🎾 [球检测-帧275] 面积阈值(缩放后): min=25 max=500
🎾 [球检测-帧275] 区域面积过滤: 面积67479.0px 超出范围[25-500]
🎾 [球检测-帧275] 区域面积过滤: 面积67904.0px 超出范围[25-500]
🎾 [球检测-帧275] 区域面积过滤: 面积42437.0px 超出范围[25-500]
🎾 [球检测-帧275] 区域面积过滤: 面积43873.0px 超出范围[25-500]
🎾 [球检测-帧275] 面积过滤后有效区域数: 2
🎾 [球检测-帧275] 形态学清理后像素数: 231 (减少了223467)
🎾 [球检测-帧275] Hough参数(缩放后): minR=4, maxR=22, minDist=12
🎾 [球检测-帧275] Hough圆检测找到: 1 个圆
🎾 [球检测-帧275] 圆 1: 位置(675,509), 半径14px
🎾 [球检测-帧275] 圆 1: 质量分数 0.59
🎾 [球检测-帧275] 球 1: (675,509) ✅ 半径14px, 质量0.59, 圆度0.60, 边距211px 通过过滤
🎾 [球检测-帧275] 噪点过滤完成: 1 → 1 个球
🎾 [球检测-帧275] HSV检测结果: 1 个球
🎾 [球检测-帧275] 球 1: (675,509) ✅ 在边界内
🎾 [球检测-帧275] 边界过滤: 1 → 1 个球
🎾 [球检测-帧275] 最终检测结果: 1 个球
🎾 [球检测-帧276] 开始球检测 (帧尺寸: 1280x720)
🎾 [球检测-帧276] 图像预处理: 1280x720 → 640x360
🎾 [球检测-帧276] HSV颜色范围: [20,50,50] - [70,255,255]
🎾 [球检测-帧276] 颜色匹配像素数: 223690
🎾 [球检测-帧276] 面积阈值(缩放后): min=25 max=500
🎾 [球检测-帧276] 区域面积过滤: 面积67479.0px 超出范围[25-500]
🎾 [球检测-帧276] 区域面积过滤: 面积67904.0px 超出范围[25-500]
🎾 [球检测-帧276] 区域面积过滤: 面积42437.0px 超出范围[25-500]
🎾 [球检测-帧276] 区域面积过滤: 面积43873.0px 超出范围[25-500]
🎾 [球检测-帧276] 面积过滤后有效区域数: 2
🎾 [球检测-帧276] 形态学清理后像素数: 231 (减少了223459)
🎾 [球检测-帧276] Hough参数(缩放后): minR=4, maxR=22, minDist=12
🎾 [球检测-帧276] Hough圆检测找到: 1 个圆
🎾 [球检测-帧276] 圆 1: 位置(675,509), 半径14px
🎾 [球检测-帧276] 圆 1: 质量分数 0.59
🎾 [球检测-帧276] 球 1: (675,509) ✅ 半径14px, 质量0.59, 圆度0.60, 边距211px 通过过滤
🎾 [球检测-帧276] 噪点过滤完成: 1 → 1 个球
🎾 [球检测-帧276] HSV检测结果: 1 个球
🎾 [球检测-帧276] 球 1: (675,509) ✅ 在边界内
🎾 [球检测-帧276] 边界过滤: 1 → 1 个球
🎾 [球检测-帧276] 最终检测结果: 1 个球
🎾 [球检测-帧277] 开始球检测 (帧尺寸: 1280x720)
🎾 [球检测-帧277] 图像预处理: 1280x720 → 640x360
🎾 [球检测-帧277] HSV颜色范围: [20,50,50] - [70,255,255]
🎾 [球检测-帧277] 颜色匹配像素数: 223678
🎾 [球检测-帧277] 面积阈值(缩放后): min=25 max=500
🎾 [球检测-帧277] 区域面积过滤: 面积67479.0px 超出范围[25-500]
🎾 [球检测-帧277] 区域面积过滤: 面积67904.0px 超出范围[25-500]
🎾 [球检测-帧277] 区域面积过滤: 面积42437.0px 超出范围[25-500]
🎾 [球检测-帧277] 区域面积过滤: 面积43873.0px 超出范围[25-500]
🎾 [球检测-帧277] 面积过滤后有效区域数: 2
🎾 [球检测-帧277] 形态学清理后像素数: 231 (减少了223447)
🎾 [球检测-帧277] Hough参数(缩放后): minR=4, maxR=22, minDist=12
🎾 [球检测-帧277] Hough圆检测找到: 1 个圆
🎾 [球检测-帧277] 圆 1: 位置(675,509), 半径14px
🎾 [球检测-帧277] 圆 1: 质量分数 0.59
🎾 [球检测-帧277] 球 1: (675,509) ✅ 半径14px, 质量0.59, 圆度0.60, 边距211px 通过过滤
🎾 [球检测-帧277] 噪点过滤完成: 1 → 1 个球
🎾 [球检测-帧277] HSV检测结果: 1 个球
🎾 [球检测-帧277] 球 1: (675,509) ✅ 在边界内
🎾 [球检测-帧277] 边界过滤: 1 → 1 个球
🎾 [球检测-帧277] 最终检测结果: 1 个球
🎾 [球检测-帧278] 开始球检测 (帧尺寸: 1280x720)
🎾 [球检测-帧278] 图像预处理: 1280x720 → 640x360
🎾 [球检测-帧278] HSV颜色范围: [20,50,50] - [70,255,255]
🎾 [球检测-帧278] 颜色匹配像素数: 223701
🎾 [球检测-帧278] 面积阈值(缩放后): min=25 max=500
🎾 [球检测-帧278] 区域面积过滤: 面积67482.5px 超出范围[25-500]
🎾 [球检测-帧278] 区域面积过滤: 面积67904.0px 超出范围[25-500]
🎾 [球检测-帧278] 区域面积过滤: 面积42437.0px 超出范围[25-500]
🎾 [球检测-帧278] 区域面积过滤: 面积43873.0px 超出范围[25-500]
🎾 [球检测-帧278] 面积过滤后有效区域数: 2
🎾 [球检测-帧278] 形态学清理后像素数: 231 (减少了223470)
🎾 [球检测-帧278] Hough参数(缩放后): minR=4, maxR=22, minDist=12
🎾 [球检测-帧278] Hough圆检测找到: 1 个圆
🎾 [球检测-帧278] 圆 1: 位置(675,509), 半径14px
🎾 [球检测-帧278] 圆 1: 质量分数 0.59
🎾 [球检测-帧278] 球 1: (675,509) ✅ 半径14px, 质量0.59, 圆度0.60, 边距211px 通过过滤
🎾 [球检测-帧278] 噪点过滤完成: 1 → 1 个球
🎾 [球检测-帧278] HSV检测结果: 1 个球
🎾 [球检测-帧278] 球 1: (675,509) ✅ 在边界内
🎾 [球检测-帧278] 边界过滤: 1 → 1 个球
🎾 [球检测-帧278] 最终检测结果: 1 个球
🎾 [球检测-帧279] 开始球检测 (帧尺寸: 1280x720)
🎾 [球检测-帧279] 图像预处理: 1280x720 → 640x360
🎾 [球检测-帧279] HSV颜色范围: [20,50,50] - [70,255,255]
🎾 [球检测-帧279] 颜色匹配像素数: 223681
🎾 [球检测-帧279] 面积阈值(缩放后): min=25 max=500
🎾 [球检测-帧279] 区域面积过滤: 面积67472.5px 超出范围[25-500]
🎾 [球检测-帧279] 区域面积过滤: 面积67904.0px 超出范围[25-500]
🎾 [球检测-帧279] 区域面积过滤: 面积42437.0px 超出范围[25-500]
🎾 [球检测-帧279] 区域面积过滤: 面积43873.0px 超出范围[25-500]
🎾 [球检测-帧279] 面积过滤后有效区域数: 2
🎾 [球检测-帧279] 形态学清理后像素数: 232 (减少了223449)
🎾 [球检测-帧279] Hough参数(缩放后): minR=4, maxR=22, minDist=12
🎾 [球检测-帧279] Hough圆检测找到: 2 个圆
🎾 [球检测-帧279] 圆 1: 位置(673,511), 半径14px
🎾 [球检测-帧279] 圆 1: 质量分数 0.56
🎾 [球检测-帧279] 圆 2: 位置(679,485), 半径10px
🎾 [球检测-帧279] 圆 2: 质量分数 0.58
🎾 [球检测-帧279] 球 1: (673,511) ❌ 圆度0.57低于0.58
🎾 [球检测-帧279] 球 2: (679,485) ❌ 圆度0.46低于0.58
🎾 [球检测-帧279] 噪点过滤完成: 2 → 0 个球
🎾 [球检测-帧279] HSV检测结果: 0 个球
🎾 [球检测-帧279] 边界过滤: 0 → 0 个球
🎾 [球检测-帧279] 最终检测结果: 0 个球
🎾 [球检测-帧280] 开始球检测 (帧尺寸: 1280x720)
🎾 [球检测-帧280] 图像预处理: 1280x720 → 640x360
🎾 [球检测-帧280] HSV颜色范围: [20,50,50] - [70,255,255]
🎾 [球检测-帧280] 颜色匹配像素数: 223683
🎾 [球检测-帧280] 面积阈值(缩放后): min=25 max=500
🎾 [球检测-帧280] 区域面积过滤: 面积67472.5px 超出范围[25-500]
🎾 [球检测-帧280] 区域面积过滤: 面积67904.0px 超出范围[25-500]
🎾 [球检测-帧280] 区域面积过滤: 面积42437.0px 超出范围[25-500]
🎾 [球检测-帧280] 区域面积过滤: 面积43873.0px 超出范围[25-500]
🎾 [球检测-帧280] 面积过滤后有效区域数: 2
🎾 [球检测-帧280] 形态学清理后像素数: 232 (减少了223451)
🎾 [球检测-帧280] Hough参数(缩放后): minR=4, maxR=22, minDist=12
🎾 [球检测-帧280] Hough圆检测找到: 2 个圆
🎾 [球检测-帧280] 圆 1: 位置(673,511), 半径14px
🎾 [球检测-帧280] 圆 1: 质量分数 0.56
🎾 [球检测-帧280] 圆 2: 位置(679,485), 半径10px
🎾 [球检测-帧280] 圆 2: 质量分数 0.58
🎾 [球检测-帧280] 球 1: (673,511) ❌ 圆度0.57低于0.58
🎾 [球检测-帧280] 球 2: (679,485) ❌ 圆度0.46低于0.58
🎾 [球检测-帧280] 噪点过滤完成: 2 → 0 个球
🎾 [球检测-帧280] HSV检测结果: 0 个球
🎾 [球检测-帧280] 边界过滤: 0 → 0 个球
🎾 [球检测-帧280] 最终检测结果: 0 个球
🎾 [球检测-帧280] 调试帧已保存: debug_frames/ball_debug_frame_0280.jpg
🎾 [球检测-帧281] 开始球检测 (帧尺寸: 1280x720)
🎾 [球检测-帧281] 图像预处理: 1280x720 → 640x360
🎾 [球检测-帧281] HSV颜色范围: [20,50,50] - [70,255,255]
🎾 [球检测-帧281] 颜色匹配像素数: 223672
🎾 [球检测-帧281] 面积阈值(缩放后): min=25 max=500
🎾 [球检测-帧281] 区域面积过滤: 面积67472.5px 超出范围[25-500]
🎾 [球检测-帧281] 区域面积过滤: 面积67904.0px 超出范围[25-500]
🎾 [球检测-帧281] 区域面积过滤: 面积42437.0px 超出范围[25-500]
🎾 [球检测-帧281] 区域面积过滤: 面积43873.0px 超出范围[25-500]
🎾 [球检测-帧281] 面积过滤后有效区域数: 2
🎾 [球检测-帧281] 形态学清理后像素数: 232 (减少了223440)
🎾 [球检测-帧281] Hough参数(缩放后): minR=4, maxR=22, minDist=12
🎾 [球检测-帧281] Hough圆检测找到: 2 个圆
🎾 [球检测-帧281] 圆 1: 位置(673,511), 半径14px
🎾 [球检测-帧281] 圆 1: 质量分数 0.56
🎾 [球检测-帧281] 圆 2: 位置(679,485), 半径10px
🎾 [球检测-帧281] 圆 2: 质量分数 0.58
🎾 [球检测-帧281] 球 1: (673,511) ❌ 圆度0.57低于0.58
🎾 [球检测-帧281] 球 2: (679,485) ❌ 圆度0.46低于0.58
🎾 [球检测-帧281] 噪点过滤完成: 2 → 0 个球
🎾 [球检测-帧281] HSV检测结果: 0 个球
🎾 [球检测-帧281] 边界过滤: 0 → 0 个球
🎾 [球检测-帧281] 最终检测结果: 0 个球
🎾 [球检测-帧282] 开始球检测 (帧尺寸: 1280x720)
🎾 [球检测-帧282] 图像预处理: 1280x720 → 640x360
🎾 [球检测-帧282] HSV颜色范围: [20,50,50] - [70,255,255]
🎾 [球检测-帧282] 颜色匹配像素数: 223675
🎾 [球检测-帧282] 面积阈值(缩放后): min=25 max=500
🎾 [球检测-帧282] 区域面积过滤: 面积67472.5px 超出范围[25-500]
🎾 [球检测-帧282] 区域面积过滤: 面积67904.0px 超出范围[25-500]
🎾 [球检测-帧282] 区域面积过滤: 面积42437.0px 超出范围[25-500]
🎾 [球检测-帧282] 区域面积过滤: 面积43873.0px 超出范围[25-500]
🎾 [球检测-帧282] 面积过滤后有效区域数: 2
🎾 [球检测-帧282] 形态学清理后像素数: 232 (减少了223443)
🎾 [球检测-帧282] Hough参数(缩放后): minR=4, maxR=22, minDist=12
🎾 [球检测-帧282] Hough圆检测找到: 2 个圆
🎾 [球检测-帧282] 圆 1: 位置(673,511), 半径14px
🎾 [球检测-帧282] 圆 1: 质量分数 0.56
🎾 [球检测-帧282] 圆 2: 位置(679,485), 半径10px
🎾 [球检测-帧282] 圆 2: 质量分数 0.58
🎾 [球检测-帧282] 球 1: (673,511) ❌ 圆度0.57低于0.58
🎾 [球检测-帧282] 球 2: (679,485) ❌ 圆度0.46低于0.58
🎾 [球检测-帧282] 噪点过滤完成: 2 → 0 个球
🎾 [球检测-帧282] HSV检测结果: 0 个球
🎾 [球检测-帧282] 边界过滤: 0 → 0 个球
🎾 [球检测-帧282] 最终检测结果: 0 个球
🎾 [球检测-帧283] 开始球检测 (帧尺寸: 1280x720)
🎾 [球检测-帧283] 图像预处理: 1280x720 → 640x360
🎾 [球检测-帧283] HSV颜色范围: [20,50,50] - [70,255,255]
🎾 [球检测-帧283] 颜色匹配像素数: 223668
🎾 [球检测-帧283] 面积阈值(缩放后): min=25 max=500
🎾 [球检测-帧283] 区域面积过滤: 面积67468.0px 超出范围[25-500]
🎾 [球检测-帧283] 区域面积过滤: 面积67904.0px 超出范围[25-500]
🎾 [球检测-帧283] 区域面积过滤: 面积42437.0px 超出范围[25-500]
🎾 [球检测-帧283] 区域面积过滤: 面积43873.0px 超出范围[25-500]
🎾 [球检测-帧283] 面积过滤后有效区域数: 2
🎾 [球检测-帧283] 形态学清理后像素数: 234 (减少了223434)
🎾 [球检测-帧283] Hough参数(缩放后): minR=4, maxR=22, minDist=12
🎾 [球检测-帧283] Hough圆检测找到: 1 个圆
🎾 [球检测-帧283] 圆 1: 位置(675,509), 半径14px
🎾 [球检测-帧283] 圆 1: 质量分数 0.52
🎾 [球检测-帧283] 球 1: (675,509) ✅ 半径14px, 质量0.52, 圆度0.60, 边距211px 通过过滤
🎾 [球检测-帧283] 噪点过滤完成: 1 → 1 个球
🎾 [球检测-帧283] HSV检测结果: 1 个球
🎾 [球检测-帧283] 球 1: (675,509) ✅ 在边界内
🎾 [球检测-帧283] 边界过滤: 1 → 1 个球
🎾 [球检测-帧283] 最终检测结果: 1 个球
🎾 [球检测-帧284] 开始球检测 (帧尺寸: 1280x720)
🎾 [球检测-帧284] 图像预处理: 1280x720 → 640x360
🎾 [球检测-帧284] HSV颜色范围: [20,50,50] - [70,255,255]
🎾 [球检测-帧284] 颜色匹配像素数: 223674
🎾 [球检测-帧284] 面积阈值(缩放后): min=25 max=500
🎾 [球检测-帧284] 区域面积过滤: 面积67468.0px 超出范围[25-500]
🎾 [球检测-帧284] 区域面积过滤: 面积67904.0px 超出范围[25-500]
🎾 [球检测-帧284] 区域面积过滤: 面积42437.0px 超出范围[25-500]
🎾 [球检测-帧284] 区域面积过滤: 面积43873.0px 超出范围[25-500]
🎾 [球检测-帧284] 面积过滤后有效区域数: 2
🎾 [球检测-帧284] 形态学清理后像素数: 234 (减少了223440)
🎾 [球检测-帧284] Hough参数(缩放后): minR=4, maxR=22, minDist=12
🎾 [球检测-帧284] Hough圆检测找到: 1 个圆
🎾 [球检测-帧284] 圆 1: 位置(675,509), 半径14px
🎾 [球检测-帧284] 圆 1: 质量分数 0.52
🎾 [球检测-帧284] 球 1: (675,509) ✅ 半径14px, 质量0.52, 圆度0.60, 边距211px 通过过滤
🎾 [球检测-帧284] 噪点过滤完成: 1 → 1 个球
🎾 [球检测-帧284] HSV检测结果: 1 个球
🎾 [球检测-帧284] 球 1: (675,509) ✅ 在边界内
🎾 [球检测-帧284] 边界过滤: 1 → 1 个球
🎾 [球检测-帧284] 最终检测结果: 1 个球
🎾 [球检测-帧285] 开始球检测 (帧尺寸: 1280x720)
🎾 [球检测-帧285] 图像预处理: 1280x720 → 640x360
🎾 [球检测-帧285] HSV颜色范围: [20,50,50] - [70,255,255]
🎾 [球检测-帧285] 颜色匹配像素数: 223669
🎾 [球检测-帧285] 面积阈值(缩放后): min=25 max=500
🎾 [球检测-帧285] 区域面积过滤: 面积67468.0px 超出范围[25-500]
🎾 [球检测-帧285] 区域面积过滤: 面积67904.0px 超出范围[25-500]
🎾 [球检测-帧285] 区域面积过滤: 面积42437.0px 超出范围[25-500]
🎾 [球检测-帧285] 区域面积过滤: 面积43873.0px 超出范围[25-500]
🎾 [球检测-帧285] 面积过滤后有效区域数: 2
🎾 [球检测-帧285] 形态学清理后像素数: 234 (减少了223435)
🎾 [球检测-帧285] Hough参数(缩放后): minR=4, maxR=22, minDist=12
🎾 [球检测-帧285] Hough圆检测找到: 1 个圆
🎾 [球检测-帧285] 圆 1: 位置(675,509), 半径14px
🎾 [球检测-帧285] 圆 1: 质量分数 0.52
🎾 [球检测-帧285] 球 1: (675,509) ✅ 半径14px, 质量0.52, 圆度0.60, 边距211px 通过过滤
🎾 [球检测-帧285] 噪点过滤完成: 1 → 1 个球
🎾 [球检测-帧285] HSV检测结果: 1 个球
🎾 [球检测-帧285] 球 1: (675,509) ✅ 在边界内
🎾 [球检测-帧285] 边界过滤: 1 → 1 个球
🎾 [球检测-帧285] 最终检测结果: 1 个球
🎾 [球检测-帧286] 开始球检测 (帧尺寸: 1280x720)
🎾 [球检测-帧286] 图像预处理: 1280x720 → 640x360
🎾 [球检测-帧286] HSV颜色范围: [20,50,50] - [70,255,255]
🎾 [球检测-帧286] 颜色匹配像素数: 223677
🎾 [球检测-帧286] 面积阈值(缩放后): min=25 max=500
🎾 [球检测-帧286] 区域面积过滤: 面积67460.0px 超出范围[25-500]
🎾 [球检测-帧286] 区域面积过滤: 面积67904.0px 超出范围[25-500]
🎾 [球检测-帧286] 区域面积过滤: 面积42437.0px 超出范围[25-500]
🎾 [球检测-帧286] 区域面积过滤: 面积43873.0px 超出范围[25-500]
🎾 [球检测-帧286] 面积过滤后有效区域数: 2
🎾 [球检测-帧286] 形态学清理后像素数: 240 (减少了223437)
🎾 [球检测-帧286] Hough参数(缩放后): minR=4, maxR=22, minDist=12
🎾 [球检测-帧286] Hough圆检测找到: 2 个圆
🎾 [球检测-帧286] 圆 1: 位置(679,511), 半径12px
🎾 [球检测-帧286] 圆 1: 质量分数 0.57
🎾 [球检测-帧286] 圆 2: 位置(679,487), 半径11px
🎾 [球检测-帧286] 圆 2: 质量分数 0.58
🎾 [球检测-帧286] 球 1: (679,511) ❌ 圆度0.57低于0.58
🎾 [球检测-帧286] 球 2: (679,487) ❌ 圆度0.56低于0.58
🎾 [球检测-帧286] 噪点过滤完成: 2 → 0 个球
🎾 [球检测-帧286] HSV检测结果: 0 个球
🎾 [球检测-帧286] 边界过滤: 0 → 0 个球
🎾 [球检测-帧286] 最终检测结果: 0 个球
🎾 [球检测-帧287] 开始球检测 (帧尺寸: 1280x720)
🎾 [球检测-帧287] 图像预处理: 1280x720 → 640x360
🎾 [球检测-帧287] HSV颜色范围: [20,50,50] - [70,255,255]
🎾 [球检测-帧287] 颜色匹配像素数: 223666
🎾 [球检测-帧287] 面积阈值(缩放后): min=25 max=500
🎾 [球检测-帧287] 区域面积过滤: 面积67460.0px 超出范围[25-500]
🎾 [球检测-帧287] 区域面积过滤: 面积67904.0px 超出范围[25-500]
🎾 [球检测-帧287] 区域面积过滤: 面积42437.0px 超出范围[25-500]
🎾 [球检测-帧287] 区域面积过滤: 面积43873.0px 超出范围[25-500]
🎾 [球检测-帧287] 面积过滤后有效区域数: 2
🎾 [球检测-帧287] 形态学清理后像素数: 240 (减少了223426)
🎾 [球检测-帧287] Hough参数(缩放后): minR=4, maxR=22, minDist=12
🎾 [球检测-帧287] Hough圆检测找到: 2 个圆
🎾 [球检测-帧287] 圆 1: 位置(679,511), 半径12px
🎾 [球检测-帧287] 圆 1: 质量分数 0.57
🎾 [球检测-帧287] 圆 2: 位置(679,487), 半径11px
🎾 [球检测-帧287] 圆 2: 质量分数 0.58
🎾 [球检测-帧287] 球 1: (679,511) ❌ 圆度0.57低于0.58
🎾 [球检测-帧287] 球 2: (679,487) ❌ 圆度0.56低于0.58
🎾 [球检测-帧287] 噪点过滤完成: 2 → 0 个球
🎾 [球检测-帧287] HSV检测结果: 0 个球
🎾 [球检测-帧287] 边界过滤: 0 → 0 个球
🎾 [球检测-帧287] 最终检测结果: 0 个球
🎾 [球检测-帧288] 开始球检测 (帧尺寸: 1280x720)
🎾 [球检测-帧288] 图像预处理: 1280x720 → 640x360
🎾 [球检测-帧288] HSV颜色范围: [20,50,50] - [70,255,255]
🎾 [球检测-帧288] 颜色匹配像素数: 223676
🎾 [球检测-帧288] 面积阈值(缩放后): min=25 max=500
🎾 [球检测-帧288] 区域面积过滤: 面积67460.0px 超出范围[25-500]
🎾 [球检测-帧288] 区域面积过滤: 面积67904.0px 超出范围[25-500]
🎾 [球检测-帧288] 区域面积过滤: 面积42437.0px 超出范围[25-500]
🎾 [球检测-帧288] 区域面积过滤: 面积43873.0px 超出范围[25-500]
🎾 [球检测-帧288] 面积过滤后有效区域数: 2
🎾 [球检测-帧288] 形态学清理后像素数: 240 (减少了223436)
🎾 [球检测-帧288] Hough参数(缩放后): minR=4, maxR=22, minDist=12
🎾 [球检测-帧288] Hough圆检测找到: 2 个圆
🎾 [球检测-帧288] 圆 1: 位置(679,511), 半径12px
🎾 [球检测-帧288] 圆 1: 质量分数 0.57
🎾 [球检测-帧288] 圆 2: 位置(679,487), 半径11px
🎾 [球检测-帧288] 圆 2: 质量分数 0.58
🎾 [球检测-帧288] 球 1: (679,511) ❌ 圆度0.57低于0.58
🎾 [球检测-帧288] 球 2: (679,487) ❌ 圆度0.56低于0.58
🎾 [球检测-帧288] 噪点过滤完成: 2 → 0 个球
🎾 [球检测-帧288] HSV检测结果: 0 个球
🎾 [球检测-帧288] 边界过滤: 0 → 0 个球
🎾 [球检测-帧288] 最终检测结果: 0 个球
🎾 [球检测-帧289] 开始球检测 (帧尺寸: 1280x720)
🎾 [球检测-帧289] 图像预处理: 1280x720 → 640x360
🎾 [球检测-帧289] HSV颜色范围: [20,50,50] - [70,255,255]
🎾 [球检测-帧289] 颜色匹配像素数: 223665
🎾 [球检测-帧289] 面积阈值(缩放后): min=25 max=500
🎾 [球检测-帧289] 区域面积过滤: 面积67452.5px 超出范围[25-500]
🎾 [球检测-帧289] 区域面积过滤: 面积67904.0px 超出范围[25-500]
🎾 [球检测-帧289] 区域面积过滤: 面积42437.0px 超出范围[25-500]
🎾 [球检测-帧289] 区域面积过滤: 面积43873.0px 超出范围[25-500]
🎾 [球检测-帧289] 面积过滤后有效区域数: 1
🎾 [球检测-帧289] 形态学清理后像素数: 242 (减少了223423)
🎾 [球检测-帧289] Hough参数(缩放后): minR=4, maxR=22, minDist=12
🎾 [球检测-帧289] Hough圆检测找到: 2 个圆
🎾 [球检测-帧289] 圆 1: 位置(679,511), 半径12px
🎾 [球检测-帧289] 圆 1: 质量分数 0.59
🎾 [球检测-帧289] 圆 2: 位置(681,487), 半径11px
🎾 [球检测-帧289] 圆 2: 质量分数 0.60
🎾 [球检测-帧289] 球 1: (679,511) ❌ 圆度0.57低于0.58
🎾 [球检测-帧289] 球 2: (681,487) ❌ 圆度0.52低于0.58
🎾 [球检测-帧289] 噪点过滤完成: 2 → 0 个球
🎾 [球检测-帧289] HSV检测结果: 0 个球
🎾 [球检测-帧289] 边界过滤: 0 → 0 个球
🎾 [球检测-帧289] 最终检测结果: 0 个球
🎾 [球检测-帧290] 开始球检测 (帧尺寸: 1280x720)
🎾 [球检测-帧290] 图像预处理: 1280x720 → 640x360
🎾 [球检测-帧290] HSV颜色范围: [20,50,50] - [70,255,255]
🎾 [球检测-帧290] 颜色匹配像素数: 223658
🎾 [球检测-帧290] 面积阈值(缩放后): min=25 max=500
🎾 [球检测-帧290] 区域面积过滤: 面积67452.5px 超出范围[25-500]
🎾 [球检测-帧290] 区域面积过滤: 面积67904.0px 超出范围[25-500]
🎾 [球检测-帧290] 区域面积过滤: 面积42437.0px 超出范围[25-500]
🎾 [球检测-帧290] 区域面积过滤: 面积43873.0px 超出范围[25-500]
🎾 [球检测-帧290] 面积过滤后有效区域数: 1
🎾 [球检测-帧290] 形态学清理后像素数: 242 (减少了223416)
🎾 [球检测-帧290] Hough参数(缩放后): minR=4, maxR=22, minDist=12
🎾 [球检测-帧290] Hough圆检测找到: 2 个圆
🎾 [球检测-帧290] 圆 1: 位置(679,511), 半径12px
🎾 [球检测-帧290] 圆 1: 质量分数 0.59
🎾 [球检测-帧290] 圆 2: 位置(681,487), 半径11px
🎾 [球检测-帧290] 圆 2: 质量分数 0.60
🎾 [球检测-帧290] 球 1: (679,511) ❌ 圆度0.57低于0.58
🎾 [球检测-帧290] 球 2: (681,487) ❌ 圆度0.52低于0.58
🎾 [球检测-帧290] 噪点过滤完成: 2 → 0 个球
🎾 [球检测-帧290] HSV检测结果: 0 个球
🎾 [球检测-帧290] 边界过滤: 0 → 0 个球
🎾 [球检测-帧290] 最终检测结果: 0 个球
🎾 [球检测-帧290] 调试帧已保存: debug_frames/ball_debug_frame_0290.jpg
🎾 [球检测-帧291] 开始球检测 (帧尺寸: 1280x720)
🎾 [球检测-帧291] 图像预处理: 1280x720 → 640x360
🎾 [球检测-帧291] HSV颜色范围: [20,50,50] - [70,255,255]
🎾 [球检测-帧291] 颜色匹配像素数: 223679
🎾 [球检测-帧291] 面积阈值(缩放后): min=25 max=500
🎾 [球检测-帧291] 区域面积过滤: 面积67452.5px 超出范围[25-500]
🎾 [球检测-帧291] 区域面积过滤: 面积67904.0px 超出范围[25-500]
🎾 [球检测-帧291] 区域面积过滤: 面积42437.0px 超出范围[25-500]
🎾 [球检测-帧291] 区域面积过滤: 面积43873.0px 超出范围[25-500]
🎾 [球检测-帧291] 面积过滤后有效区域数: 1
🎾 [球检测-帧291] 形态学清理后像素数: 242 (减少了223437)
🎾 [球检测-帧291] Hough参数(缩放后): minR=4, maxR=22, minDist=12
🎾 [球检测-帧291] Hough圆检测找到: 2 个圆
🎾 [球检测-帧291] 圆 1: 位置(679,511), 半径12px
🎾 [球检测-帧291] 圆 1: 质量分数 0.59
🎾 [球检测-帧291] 圆 2: 位置(681,487), 半径11px
🎾 [球检测-帧291] 圆 2: 质量分数 0.60
🎾 [球检测-帧291] 球 1: (679,511) ❌ 圆度0.57低于0.58
🎾 [球检测-帧291] 球 2: (681,487) ❌ 圆度0.52低于0.58
🎾 [球检测-帧291] 噪点过滤完成: 2 → 0 个球
🎾 [球检测-帧291] HSV检测结果: 0 个球
🎾 [球检测-帧291] 边界过滤: 0 → 0 个球
🎾 [球检测-帧291] 最终检测结果: 0 个球
🎾 [球检测-帧292] 开始球检测 (帧尺寸: 1280x720)
🎾 [球检测-帧292] 图像预处理: 1280x720 → 640x360
🎾 [球检测-帧292] HSV颜色范围: [20,50,50] - [70,255,255]
🎾 [球检测-帧292] 颜色匹配像素数: 223676
🎾 [球检测-帧292] 面积阈值(缩放后): min=25 max=500
🎾 [球检测-帧292] 区域面积过滤: 面积67451.5px 超出范围[25-500]
🎾 [球检测-帧292] 区域面积过滤: 面积67904.0px 超出范围[25-500]
🎾 [球检测-帧292] 区域面积过滤: 面积42437.0px 超出范围[25-500]
🎾 [球检测-帧292] 区域面积过滤: 面积43873.0px 超出范围[25-500]
🎾 [球检测-帧292] 面积过滤后有效区域数: 1
🎾 [球检测-帧292] 形态学清理后像素数: 241 (减少了223435)
🎾 [球检测-帧292] Hough参数(缩放后): minR=4, maxR=22, minDist=12
🎾 [球检测-帧292] Hough圆检测找到: 2 个圆
🎾 [球检测-帧292] 圆 1: 位置(681,511), 半径12px
🎾 [球检测-帧292] 圆 1: 质量分数 0.58
🎾 [球检测-帧292] 圆 2: 位置(683,485), 半径12px
🎾 [球检测-帧292] 圆 2: 质量分数 0.60
🎾 [球检测-帧292] 球 1: (681,511) ❌ 圆度0.57低于0.58
🎾 [球检测-帧292] 球 2: (683,485) ❌ 圆度0.51低于0.58
🎾 [球检测-帧292] 噪点过滤完成: 2 → 0 个球
🎾 [球检测-帧292] HSV检测结果: 0 个球
🎾 [球检测-帧292] 边界过滤: 0 → 0 个球
🎾 [球检测-帧292] 最终检测结果: 0 个球
🎾 [球检测-帧293] 开始球检测 (帧尺寸: 1280x720)
🎾 [球检测-帧293] 图像预处理: 1280x720 → 640x360
🎾 [球检测-帧293] HSV颜色范围: [20,50,50] - [70,255,255]
🎾 [球检测-帧293] 颜色匹配像素数: 223662
🎾 [球检测-帧293] 面积阈值(缩放后): min=25 max=500
🎾 [球检测-帧293] 区域面积过滤: 面积67451.5px 超出范围[25-500]
🎾 [球检测-帧293] 区域面积过滤: 面积67904.0px 超出范围[25-500]
🎾 [球检测-帧293] 区域面积过滤: 面积42437.0px 超出范围[25-500]
🎾 [球检测-帧293] 区域面积过滤: 面积43873.0px 超出范围[25-500]
🎾 [球检测-帧293] 面积过滤后有效区域数: 1
🎾 [球检测-帧293] 形态学清理后像素数: 241 (减少了223421)
🎾 [球检测-帧293] Hough参数(缩放后): minR=4, maxR=22, minDist=12
🎾 [球检测-帧293] Hough圆检测找到: 2 个圆
🎾 [球检测-帧293] 圆 1: 位置(681,511), 半径12px
🎾 [球检测-帧293] 圆 1: 质量分数 0.58
🎾 [球检测-帧293] 圆 2: 位置(683,485), 半径12px
🎾 [球检测-帧293] 圆 2: 质量分数 0.60
🎾 [球检测-帧293] 球 1: (681,511) ❌ 圆度0.57低于0.58
🎾 [球检测-帧293] 球 2: (683,485) ❌ 圆度0.51低于0.58
🎾 [球检测-帧293] 噪点过滤完成: 2 → 0 个球
🎾 [球检测-帧293] HSV检测结果: 0 个球
🎾 [球检测-帧293] 边界过滤: 0 → 0 个球
🎾 [球检测-帧293] 最终检测结果: 0 个球
🎾 [球检测-帧294] 开始球检测 (帧尺寸: 1280x720)
🎾 [球检测-帧294] 图像预处理: 1280x720 → 640x360
🎾 [球检测-帧294] HSV颜色范围: [20,50,50] - [70,255,255]
🎾 [球检测-帧294] 颜色匹配像素数: 223671
🎾 [球检测-帧294] 面积阈值(缩放后): min=25 max=500
🎾 [球检测-帧294] 区域面积过滤: 面积67447.0px 超出范围[25-500]
🎾 [球检测-帧294] 区域面积过滤: 面积67904.0px 超出范围[25-500]
🎾 [球检测-帧294] 区域面积过滤: 面积42437.0px 超出范围[25-500]
🎾 [球检测-帧294] 区域面积过滤: 面积43873.0px 超出范围[25-500]
🎾 [球检测-帧294] 面积过滤后有效区域数: 1
🎾 [球检测-帧294] 形态学清理后像素数: 246 (减少了223425)
🎾 [球检测-帧294] Hough参数(缩放后): minR=4, maxR=22, minDist=12
🎾 [球检测-帧294] Hough圆检测找到: 2 个圆
🎾 [球检测-帧294] 圆 1: 位置(681,511), 半径12px
🎾 [球检测-帧294] 圆 1: 质量分数 0.58
🎾 [球检测-帧294] 圆 2: 位置(681,487), 半径11px
🎾 [球检测-帧294] 圆 2: 质量分数 0.62
🎾 [球检测-帧294] 球 1: (681,511) ❌ 圆度0.57低于0.58
🎾 [球检测-帧294] 球 2: (681,487) ❌ 圆度0.52低于0.58
🎾 [球检测-帧294] 噪点过滤完成: 2 → 0 个球
🎾 [球检测-帧294] HSV检测结果: 0 个球
🎾 [球检测-帧294] 边界过滤: 0 → 0 个球
🎾 [球检测-帧294] 最终检测结果: 0 个球
🎾 [球检测-帧295] 开始球检测 (帧尺寸: 1280x720)
🎾 [球检测-帧295] 图像预处理: 1280x720 → 640x360
🎾 [球检测-帧295] HSV颜色范围: [20,50,50] - [70,255,255]
🎾 [球检测-帧295] 颜色匹配像素数: 223663
🎾 [球检测-帧295] 面积阈值(缩放后): min=25 max=500
🎾 [球检测-帧295] 区域面积过滤: 面积67447.0px 超出范围[25-500]
🎾 [球检测-帧295] 区域面积过滤: 面积67904.0px 超出范围[25-500]
🎾 [球检测-帧295] 区域面积过滤: 面积42437.0px 超出范围[25-500]
🎾 [球检测-帧295] 区域面积过滤: 面积43873.0px 超出范围[25-500]
🎾 [球检测-帧295] 面积过滤后有效区域数: 1
🎾 [球检测-帧295] 形态学清理后像素数: 247 (减少了223416)
🎾 [球检测-帧295] Hough参数(缩放后): minR=4, maxR=22, minDist=12
🎾 [球检测-帧295] Hough圆检测找到: 2 个圆
🎾 [球检测-帧295] 圆 1: 位置(681,511), 半径12px
🎾 [球检测-帧295] 圆 1: 质量分数 0.58
🎾 [球检测-帧295] 圆 2: 位置(681,487), 半径11px
🎾 [球检测-帧295] 圆 2: 质量分数 0.62
🎾 [球检测-帧295] 球 1: (681,511) ❌ 圆度0.57低于0.58
🎾 [球检测-帧295] 球 2: (681,487) ❌ 圆度0.52低于0.58
🎾 [球检测-帧295] 噪点过滤完成: 2 → 0 个球
🎾 [球检测-帧295] HSV检测结果: 0 个球
🎾 [球检测-帧295] 边界过滤: 0 → 0 个球
🎾 [球检测-帧295] 最终检测结果: 0 个球
🎾 [球检测-帧296] 开始球检测 (帧尺寸: 1280x720)
🎾 [球检测-帧296] 图像预处理: 1280x720 → 640x360
🎾 [球检测-帧296] HSV颜色范围: [20,50,50] - [70,255,255]
🎾 [球检测-帧296] 颜色匹配像素数: 223681
🎾 [球检测-帧296] 面积阈值(缩放后): min=25 max=500
🎾 [球检测-帧296] 区域面积过滤: 面积67447.0px 超出范围[25-500]
🎾 [球检测-帧296] 区域面积过滤: 面积67904.0px 超出范围[25-500]
🎾 [球检测-帧296] 区域面积过滤: 面积42437.0px 超出范围[25-500]
🎾 [球检测-帧296] 区域面积过滤: 面积43873.0px 超出范围[25-500]
🎾 [球检测-帧296] 面积过滤后有效区域数: 1
🎾 [球检测-帧296] 形态学清理后像素数: 246 (减少了223435)
🎾 [球检测-帧296] Hough参数(缩放后): minR=4, maxR=22, minDist=12
🎾 [球检测-帧296] Hough圆检测找到: 2 个圆
🎾 [球检测-帧296] 圆 1: 位置(681,511), 半径12px
🎾 [球检测-帧296] 圆 1: 质量分数 0.58
🎾 [球检测-帧296] 圆 2: 位置(681,487), 半径11px
🎾 [球检测-帧296] 圆 2: 质量分数 0.62
🎾 [球检测-帧296] 球 1: (681,511) ❌ 圆度0.57低于0.58
🎾 [球检测-帧296] 球 2: (681,487) ❌ 圆度0.52低于0.58
🎾 [球检测-帧296] 噪点过滤完成: 2 → 0 个球
🎾 [球检测-帧296] HSV检测结果: 0 个球
🎾 [球检测-帧296] 边界过滤: 0 → 0 个球
🎾 [球检测-帧296] 最终检测结果: 0 个球
🎾 [球检测-帧297] 开始球检测 (帧尺寸: 1280x720)
🎾 [球检测-帧297] 图像预处理: 1280x720 → 640x360
🎾 [球检测-帧297] HSV颜色范围: [20,50,50] - [70,255,255]
🎾 [球检测-帧297] 颜色匹配像素数: 223671
🎾 [球检测-帧297] 面积阈值(缩放后): min=25 max=500
🎾 [球检测-帧297] 区域面积过滤: 面积67445.0px 超出范围[25-500]
🎾 [球检测-帧297] 区域面积过滤: 面积67904.0px 超出范围[25-500]
🎾 [球检测-帧297] 区域面积过滤: 面积42437.0px 超出范围[25-500]
🎾 [球检测-帧297] 区域面积过滤: 面积43873.0px 超出范围[25-500]
🎾 [球检测-帧297] 面积过滤后有效区域数: 1
🎾 [球检测-帧297] 形态学清理后像素数: 246 (减少了223425)
🎾 [球检测-帧297] Hough参数(缩放后): minR=4, maxR=22, minDist=12
🎾 [球检测-帧297] Hough圆检测找到: 2 个圆
🎾 [球检测-帧297] 圆 1: 位置(683,487), 半径12px
🎾 [球检测-帧297] 圆 1: 质量分数 0.61
🎾 [球检测-帧297] 圆 2: 位置(683,511), 半径11px
🎾 [球检测-帧297] 圆 2: 质量分数 0.59
🎾 [球检测-帧297] 球 1: (683,487) ❌ 圆度0.54低于0.58
🎾 [球检测-帧297] 球 2: (683,511) ❌ 圆度0.50低于0.58
🎾 [球检测-帧297] 噪点过滤完成: 2 → 0 个球
🎾 [球检测-帧297] HSV检测结果: 0 个球
🎾 [球检测-帧297] 边界过滤: 0 → 0 个球
🎾 [球检测-帧297] 最终检测结果: 0 个球
🎾 [球检测-帧298] 开始球检测 (帧尺寸: 1280x720)
🎾 [球检测-帧298] 图像预处理: 1280x720 → 640x360
🎾 [球检测-帧298] HSV颜色范围: [20,50,50] - [70,255,255]
🎾 [球检测-帧298] 颜色匹配像素数: 223679
🎾 [球检测-帧298] 面积阈值(缩放后): min=25 max=500
🎾 [球检测-帧298] 区域面积过滤: 面积67445.0px 超出范围[25-500]
🎾 [球检测-帧298] 区域面积过滤: 面积67904.0px 超出范围[25-500]
🎾 [球检测-帧298] 区域面积过滤: 面积42437.0px 超出范围[25-500]
🎾 [球检测-帧298] 区域面积过滤: 面积43873.0px 超出范围[25-500]
🎾 [球检测-帧298] 面积过滤后有效区域数: 1
🎾 [球检测-帧298] 形态学清理后像素数: 247 (减少了223432)
🎾 [球检测-帧298] Hough参数(缩放后): minR=4, maxR=22, minDist=12
🎾 [球检测-帧298] Hough圆检测找到: 2 个圆
🎾 [球检测-帧298] 圆 1: 位置(683,487), 半径12px
🎾 [球检测-帧298] 圆 1: 质量分数 0.61
🎾 [球检测-帧298] 圆 2: 位置(683,511), 半径11px
🎾 [球检测-帧298] 圆 2: 质量分数 0.59
🎾 [球检测-帧298] 球 1: (683,487) ❌ 圆度0.54低于0.58
🎾 [球检测-帧298] 球 2: (683,511) ❌ 圆度0.50低于0.58
🎾 [球检测-帧298] 噪点过滤完成: 2 → 0 个球
🎾 [球检测-帧298] HSV检测结果: 0 个球
🎾 [球检测-帧298] 边界过滤: 0 → 0 个球
🎾 [球检测-帧298] 最终检测结果: 0 个球
🎾 [球检测-帧299] 开始球检测 (帧尺寸: 1280x720)
🎾 [球检测-帧299] 图像预处理: 1280x720 → 640x360
🎾 [球检测-帧299] HSV颜色范围: [20,50,50] - [70,255,255]
🎾 [球检测-帧299] 颜色匹配像素数: 223666
🎾 [球检测-帧299] 面积阈值(缩放后): min=25 max=500
🎾 [球检测-帧299] 区域面积过滤: 面积67441.5px 超出范围[25-500]
🎾 [球检测-帧299] 区域面积过滤: 面积67904.0px 超出范围[25-500]
🎾 [球检测-帧299] 区域面积过滤: 面积42437.0px 超出范围[25-500]
🎾 [球检测-帧299] 区域面积过滤: 面积43873.0px 超出范围[25-500]
🎾 [球检测-帧299] 面积过滤后有效区域数: 1
🎾 [球检测-帧299] 形态学清理后像素数: 244 (减少了223422)
🎾 [球检测-帧299] Hough参数(缩放后): minR=4, maxR=22, minDist=12
🎾 [球检测-帧299] Hough圆检测找到: 1 个圆
🎾 [球检测-帧299] 圆 1: 位置(683,491), 半径13px
🎾 [球检测-帧299] 圆 1: 质量分数 0.57
🎾 [球检测-帧299] 球 1: (683,491) ✅ 半径13px, 质量0.57, 圆度0.61, 边距229px 通过过滤
🎾 [球检测-帧299] 噪点过滤完成: 1 → 1 个球
🎾 [球检测-帧299] HSV检测结果: 1 个球
🎾 [球检测-帧299] 球 1: (683,491) ✅ 在边界内
🎾 [球检测-帧299] 边界过滤: 1 → 1 个球
🎾 [球检测-帧299] 最终检测结果: 1 个球
🎾 [球检测-帧300] 开始球检测 (帧尺寸: 1280x720)
🎾 [球检测-帧300] 图像预处理: 1280x720 → 640x360
🎾 [球检测-帧300] HSV颜色范围: [20,50,50] - [70,255,255]
🎾 [球检测-帧300] 颜色匹配像素数: 223669
🎾 [球检测-帧300] 面积阈值(缩放后): min=25 max=500
🎾 [球检测-帧300] 区域面积过滤: 面积67441.5px 超出范围[25-500]
🎾 [球检测-帧300] 区域面积过滤: 面积67904.0px 超出范围[25-500]
🎾 [球检测-帧300] 区域面积过滤: 面积42437.0px 超出范围[25-500]
🎾 [球检测-帧300] 区域面积过滤: 面积43873.0px 超出范围[25-500]
🎾 [球检测-帧300] 面积过滤后有效区域数: 1
🎾 [球检测-帧300] 形态学清理后像素数: 244 (减少了223425)
🎾 [球检测-帧300] Hough参数(缩放后): minR=4, maxR=22, minDist=12
🎾 [球检测-帧300] Hough圆检测找到: 1 个圆
🎾 [球检测-帧300] 圆 1: 位置(683,491), 半径13px
🎾 [球检测-帧300] 圆 1: 质量分数 0.57
🎾 [球检测-帧300] 球 1: (683,491) ✅ 半径13px, 质量0.57, 圆度0.61, 边距229px 通过过滤
🎾 [球检测-帧300] 噪点过滤完成: 1 → 1 个球
🎾 [球检测-帧300] HSV检测结果: 1 个球
🎾 [球检测-帧300] 球 1: (683,491) ✅ 在边界内
🎾 [球检测-帧300] 边界过滤: 1 → 1 个球
🎾 [球检测-帧300] 最终检测结果: 1 个球
🎾 [球检测-帧300] 调试帧已保存: debug_frames/ball_debug_frame_0300.jpg
